date,B0_momentum_12_1,B1_residual_momentum,B2_residual_momentum_vol_target,B3_short_term_reversal
2015-01-05,-0.01229182621755942,-0.0025820057345009584,-0.0025820057345009584,-0.022716523126260046
2015-01-06,-0.012175085729756674,0.003951904784701421,0.003951904784701421,-0.008154228273825836
2015-01-07,0.016515000883005726,0.015132367174492956,0.015132367174492956,0.011678419895552405
2015-01-08,0.023492218080488847,0.012571986614652086,0.012571986614652086,0.0173733476715614
2015-01-09,-0.005610826255210366,-0.0014615120240276669,-0.0014615120240276669,-0.004694830749250811
2015-01-12,-0.013258502225156343,0.0014732031277477908,0.0014732031277477908,-0.016094008601926002
2015-01-13,-0.0016973609302003423,-0.0017538212423524602,-0.0017538212423524602,-0.004591683684942782
2015-01-14,-0.0034635434635160722,0.006119380328765134,0.006119380328765134,-0.006550697289020246
2015-01-15,-0.009012313135406402,0.0026708872422336327,0.0026708872422336327,-0.016500685233311163
2015-01-16,0.0140333210664636,0.008683522762526374,0.008683522762526374,0.020654390949615742
2015-01-20,0.009894758005770887,-0.0020403865887729244,-0.0020403865887729244,0.004651343804042307
2015-01-21,0.006393105132514565,0.003565412718143479,0.003565412718143479,0.010704601933095859
2015-01-22,0.019929490737229383,0.017282155398641752,0.017282155398641752,0.017193080127261062
2015-01-23,-3.49941514983243e-05,-0.0010579752446124857,-0.0010579752446124857,-0.0024660277674518616
2015-01-26,0.00313412972235394,0.0039592811636843805,0.0039592811636843805,-0.0012899635442757962
2015-01-27,-0.014066053656486721,-0.0042037036189825905,-0.0042037036189825905,-0.01347071825654611
2015-01-28,-0.0013089836505199015,-0.0011884567780655608,-0.0011884567780655608,-0.016577822281701682
2015-01-29,0.006544394158109812,0.00608007609404515,0.00608007609404515,0.010183189723021568
2015-01-30,-0.024231060501383017,-0.01981399300960196,-0.01981399300960196,-0.014595726659105912
2015-02-02,-0.0005199132710314025,0.005214705705583578,0.005214705705583578,0.015156647096237208
2015-02-03,0.006207555442441892,0.0066860619601600835,0.0066860619601600835,0.02072863263558311
2015-02-04,0.009195583500523519,0.0051445270841916635,0.0051445270841916635,-0.002338405497471663
2015-02-05,0.00515924128859413,0.003188344017254874,0.003188344017254874,0.011873356627065013
2015-02-06,-0.0074805331401993636,-0.018591252453585172,-0.018591252453585172,-0.006814127650449198
2015-02-09,-0.014822137612544806,-0.007838602960007046,-0.007838602960007046,-0.009094844695909932
2015-02-10,0.02648940247216225,0.012630887939697022,0.012630887939697022,0.018745396289540084
2015-02-11,0.003232653749525971,0.002707709652824075,0.002707709652824075,-0.0027966860391644977
2015-02-12,0.008684598576168767,0.008248036674506132,0.008248036674506132,0.006376168342709709
2015-02-13,-0.0025960223871099863,-0.005980964495368335,-0.005980964495368335,0.002337752591331066
2015-02-17,0.00305570445301262,0.0007035690351577806,0.0007035690351577806,0.004499094061113151
2015-02-18,0.0049757703665958,0.008729152529089346,0.008729152529089346,0.004823247804974118
2015-02-19,0.001470806869045882,-0.009768023695595707,-0.009768023695595707,-0.00013513101377660153
2015-02-20,0.005256727307404008,0.0075080412621064685,0.0075080412621064685,0.007004450461361333
2015-02-23,0.00255868424071215,0.006665124758099994,0.006665124758099994,0.0020544003960609736
2015-02-24,0.0015439850902512209,-0.006788911039633416,-0.006788911039633416,0.003839701438876686
2015-02-25,-0.005995399573354265,-0.005053228284567446,-0.005053228284567446,0.0036959663524158692
2015-02-26,0.006213549220043024,-0.0026424972234943,-0.0026424972234943,-0.005538966695745828
2015-02-27,0.0015398918413558338,0.0005038608498997288,0.0005038608498997288,-0.004425763198978583
2015-03-02,0.00968440413478322,0.006789814731353427,0.006557703392141567,0.004450496594261999
2015-03-03,-0.0037134221109396126,-0.003677039535319726,-0.00352547921027091,-0.005315077681775859
2015-03-04,-0.005282774629325693,-0.007571653545739521,-0.007260948536756517,-0.004836092079888998
2015-03-05,0.010101247297974236,0.008686212484828149,0.00832664934282401,0.0037033853949508533
2015-03-06,-0.01753131246216777,-0.02200457777575715,-0.021104319855968945,-0.013581958613117062
2015-03-09,0.009962960091226547,0.009851706790210413,0.009438433558437653,-0.0020325193926314933
2015-03-10,-0.01276866688921019,-0.006412066185295329,-0.006146221786021866,-0.01958319837465483
2015-03-11,-0.0027883001353169456,-0.0019423909255860128,-0.0018615209991437176,-0.0016706755731501488
2015-03-12,0.015617668867809797,0.016605599378784364,0.015911264728029506,0.007679396520680504
2015-03-13,-0.003213056514769441,-0.002520745536482072,-0.0024172104887040247,-0.005245123617336422
2015-03-16,0.020872813713866956,0.01806729330794954,0.017321557683214195,0.005582751958896903
2015-03-17,-0.006977761285601458,-0.005602154859489228,-0.005373673482942265,-0.009480207546504249
2015-03-18,0.008506628147212592,0.012135688092250296,0.01164260210761836,0.017997740018934394
2015-03-19,0.007841385245487054,0.00078093106085797,0.0007487738649700759,-0.005463165718860075
2015-03-20,0.0007549187644333433,0.008691036472309177,0.008341835453690827,0.012932765921463751
2015-03-23,-0.005453299810588064,-0.000559775766043269,-0.0005368563360985679,-1.7391451466508556e-05
2015-03-24,-0.005124945241762546,-0.00573838186545772,-0.005509203545073005,-0.003129646951669063
2015-03-25,-0.027510763277887706,-0.01718677748984354,-0.0164962991435168,-0.015111019478071364
2015-03-26,-0.00165934242999477,-0.0022480317207063116,-0.0021572500432005537,-0.0033956270529904575
2015-03-27,0.012489951778843489,0.0030916574508466077,0.0029646269575860362,0.00214037957888924
2015-03-30,0.01132792799127924,0.010572939740568277,0.010142218768903088,0.008350617747058697
2015-03-31,-0.013154579461337468,-0.009012880501572118,-0.008647908741439503,-0.007361627070359922
2015-04-01,-0.011077222734982128,-0.0077551328572993405,-0.0069959452375422115,-0.010761619031092184
2015-04-02,0.0032888638144363824,0.0032938596660168074,0.002811846473991908,-0.005806529095351731
2015-04-06,0.0016248285604323343,0.0014119576453495153,0.0012046507458576272,-0.0035764872837544814
2015-04-07,-0.003251820029742891,-0.0034051004625972325,-0.002907138638562179,-0.0035816793859153595
2015-04-08,0.011319184115653025,0.006524231185395912,0.005572312317523087,0.01055912201540421
2015-04-09,0.0007170291867664158,-0.0022178653977152907,-0.001894788467916797,0.0011909257323079459
2015-04-10,0.0052922148870167,0.002651202464707181,0.0022646237359211785,0.006059558917216323
2015-04-13,-0.005946364147438654,-0.0060753698103229725,-0.005194013235507833,-0.008488145425655791
2015-04-14,-0.005595434432997148,-0.0029834110024996585,-0.002547753959111776,0.002151036122010952
2015-04-15,-0.0019378922907775653,-0.0033562721328196377,-0.002861544832684748,0.0069336271641491365
2015-04-16,-0.0009611914636978858,-0.0013733784185143705,-0.001173460748150501,0.0011537504095795459
2015-04-17,-0.014082723035551803,-0.013128741724531379,-0.011199144625423374,-0.012586043860217444
2015-04-20,0.011005687925511376,0.008891480006982588,0.007567714584671981,0.008729105383536995
2015-04-21,0.011061147661415527,0.0043960047376157,0.003748485012177394,0.0021612974490869963
2015-04-22,0.00306171937730082,5.4622340588617035e-05,4.66734941984015e-05,0.008471342008605554
2015-04-23,0.0020403672641007287,0.003815510824954682,0.003253427688045374,-0.0012539028920612871
2015-04-24,-0.005215952872142049,-0.0010217974532412688,-0.0008727769904117721,0.00032905814301265046
2015-04-27,-0.011249160678086234,-0.009021025433115004,-0.007695282423108796,-0.004576248579407305
2015-04-28,-0.006973388896146737,-0.0031393966795911776,-0.00267466180019571,-0.0018735415948202272
2015-04-29,-0.012882600027341873,-0.013681154848775301,-0.011651957618363018,-0.001004342518524326
2015-04-30,-0.013793350321094744,-0.01492667371725065,-0.01268610815418103,-0.007449108233369417
2015-05-01,0.020492180898707746,0.024393869784039568,0.02025727908449393,0.016459063717187306
2015-05-04,0.0026391163094072745,0.0005005397661490552,0.0004160025369919218,0.0026035320313435584
2015-05-05,-0.019068208979059142,-0.01781609893582692,-0.014772592418600516,-0.013470762582328488
2015-05-06,0.004153522537606591,0.005751005930149766,0.0047535341330717795,-0.0033197275943231963
2015-05-07,0.014789766963168027,0.011474013490702761,0.009495544747184725,0.01261867209952583
2015-05-08,0.010916976368487097,0.01438041618130348,0.01192412302917445,0.015622045909165161
2015-05-11,-0.000599116366631125,-0.0024092733041698455,-0.0020009054550117478,-0.005792160939015911
2015-05-12,0.0013510129947917893,0.0006329957331832059,0.0005263107270416789,-0.002221454702040271
2015-05-13,-0.005302716720701484,-0.004715761574058397,-0.003917752538762809,-0.00012040414611136363
2015-05-14,0.011045366225404196,0.011279650053827694,0.009366970450456646,0.00415142525047818
2015-05-15,0.004764056556381346,0.00454405940307101,0.003780425243684604,0.004713949563605491
2015-05-18,0.009523353655976896,0.007085344897507451,0.005900035858531938,0.0009814843621256397
2015-05-19,-0.0013242183190470547,-0.0029627112754140317,-0.002468064277038051,-0.008076497890068368
2015-05-20,-0.01322839158166822,-0.010030840686215736,-0.008352295526353193,0.001428909145549051
2015-05-21,0.0016312169905174922,0.002617093002195814,0.0021746943120735107,0.009743896347362835
2015-05-22,-0.0009750145302555024,-0.002177826562405505,-0.0018120001937383945,-0.005031701631383445
2015-05-26,-0.01075156591173887,-0.009556335113048542,-0.00794841911642985,-0.0182705318918418
2015-05-27,0.020274596328082595,0.017672236396107266,0.014676253229042091,0.009705023752077713
2015-05-28,-0.0022690607082063163,-0.00047445058146977637,-0.00039297727044917963,-0.003528040918359343
2015-05-29,0.013223680604876886,-0.00032330147631021156,-0.00026455844277395446,-0.005263006283430904
2015-06-01,0.0024282809182836207,0.002499219731185276,0.0020410585066934495,-0.0016497301953525279
2015-06-02,-0.004762006709286282,-0.0036941731547736056,-0.0033091684077568573,0.007006943404673116
2015-06-03,0.003640552518003215,0.004773433873708655,0.004274643426821267,-0.0012166578250325522
2015-06-04,-0.00467705338941049,-0.008568557666519316,-0.0076757358006520615,-0.00965456028650069
2015-06-05,0.0037562122513430385,-0.004799741998617213,-0.004294327181397106,0.00388314062180517
2015-06-08,-0.012013649730310827,-0.007231476858767905,-0.006469244509728189,-0.010599325978169372
2015-06-09,-0.0009279455307644735,0.0011580269462652115,0.0010365188056176144,-0.0015164616060707736
2015-06-10,0.00999952996453346,0.012671463056598498,0.011328259116475614,0.011203419388220226
2015-06-11,0.0010663028358828264,0.002527814455554722,0.0022626860125132264,0.0016850206162473125
2015-06-12,-0.005649982135242149,-0.004565843736415887,-0.0040885791721744225,-0.008058529960483618
2015-06-15,-0.0005226860129106115,-0.004205839387103727,-0.003763520119557273,0.0029831906279627063
2015-06-16,0.009562487285291077,0.009802338170761926,0.008770758880906726,0.002270114116999622
2015-06-17,0.006430247012890966,0.006011583921623043,0.005383465090989414,0.005232731778590294
2015-06-18,0.01220904766613673,0.013038127488414597,0.01168440469151788,0.010623553150938214
2015-06-19,-0.0015298696320696914,0.0009176728788471422,0.0008220111547090347,-0.002438274466025403
2015-06-22,0.0035887000005698777,0.004443071139445642,0.0039868728414231835,0.0056225339421211995
2015-06-23,0.0017499976911667936,0.0003385816574996703,0.00030484602481939405,0.003579272995257954
2015-06-24,-0.007720875818140072,-0.0080145107871602,-0.007196546859860042,-0.006994159654674981
2015-06-25,0.013643089403549968,0.00872158464134798,0.007832822040086063,-0.001958665817823335
2015-06-26,-0.006205782051824538,-0.004549743856788302,-0.0040914584811823085,-0.011186572100697734
2015-06-29,-0.026482946309445587,-0.023541521042238944,-0.02113131184789674,-0.02721020397281404
2015-06-30,0.003359935672867076,0.0011683944405715962,0.0010468101400820107,0.0031300602719850357
2015-07-01,0.005118737192705725,0.008295438919275755,0.00740880149620371,0.0036403409501795103
2015-07-02,-0.00343719729119929,-0.00117684378059435,-0.0010774670834461375,0.0027285535098435787
2015-07-06,0.0021555617915096636,-0.001701923151613327,-0.0015625281986020312,-0.00986912269000717
2015-07-07,0.004057755982116884,0.0042391024123495935,0.0038856802009030744,-0.00015253459628616906
2015-07-08,-0.020448708994341924,-0.0171308406505708,-0.015718794985769446,-0.0284501846814752
2015-07-09,0.0038658334515579984,0.00550471585343848,0.0050454954464447255,0.0019352013254423373
2015-07-10,0.020311523864740444,0.018592549407543624,0.017043640632490753,0.01688318064436234
2015-07-13,0.01026526409435835,0.008865744368917072,0.008137048305913552,0.009115305821090436
2015-07-14,0.004164239189006214,0.0030265574333794287,0.0027821576968631856,0.013590546200336506
2015-07-15,-0.001044424340005845,-0.0012990651328074199,-0.0011935536209636277,-0.0066479938470330735
2015-07-16,0.00768590213419329,0.003496955872968721,0.0032163723013667322,0.0030863489863841576
2015-07-17,-0.000888401266726957,-0.00269411807601716,-0.0024774578078153864,-0.003829371324383435
2015-07-20,0.004103503166291267,0.004297266078506334,0.0039481180076039735,-0.005646842203583691
2015-07-21,-0.0016058966863797819,-0.005672470417821929,-0.005213684455302903,0.0006658649170381281
2015-07-22,0.0006487637399785751,0.002240734262725308,0.002059072981133614,-0.007280302966802155
2015-07-23,0.0024549348172009378,-0.002197933813460895,-0.002018908910255801,-0.007194117328906402
2015-07-24,-0.015563621856417131,-0.012843552885939968,-0.011807602625108826,-0.021947695438438664
2015-07-27,-0.00899873844619703,-0.009985291653158423,-0.009165563206414817,-0.012128499765132972
2015-07-28,0.010826188045175433,0.012746398826220862,0.01169022054171398,0.027667988422659162
2015-07-29,0.0004761277464317981,0.0058382301079746846,0.005358618900578982,0.007734170244878991
2015-07-30,-1.1877571105656237e-05,-0.0002070995117797736,-0.0001896835038962541,-0.002965743673232435
2015-07-31,0.0007665966390479895,-0.0023457675445499593,-0.002157988884608164,-0.009742629289361315
2015-08-03,-0.004159411250644562,-0.0016106876618441346,-0.0014732120231470969,-0.016480755685896353
2015-08-04,0.0034279977257529737,-0.0025253399999559667,-0.0023123330807858222,-0.007257236397385847
2015-08-05,0.01317122723926234,0.006441653587070162,0.005896620428805122,-5.15761692150285e-05
2015-08-06,-0.017389121680872255,-0.014655727460419432,-0.013436034953817844,-0.0032602704990097875
2015-08-07,0.0019223355959987476,0.0017067396583527739,0.0015651587870970651,-0.008877915367809797
2015-08-10,0.006689286513587467,0.008902503440121556,0.00815418816325475,0.024709926285069628
2015-08-11,-0.006055947593650024,-0.005854730521173135,-0.0053661925804163735,-0.014656452944152965
2015-08-12,-0.0003174335737754497,9.025461338940666e-05,8.119689404062491e-05,0.007269711618584251
2015-08-13,0.005836007086544193,0.005729374733175252,0.005248640750480371,-0.007605892317163465
2015-08-14,0.0015058515124766192,0.0035699163673241774,0.0032733270338924925,0.0009021054583877586
2015-08-17,0.010518797498679122,0.009950276390072954,0.009123155444778153,0.008948629941385677
2015-08-18,-0.0024483087579751928,0.0013865661838246002,0.0012747731406843599,-0.011567359254177956
2015-08-19,-0.006282023682075311,-0.0033109608583543615,-0.003039618649900766,-0.007022780642129467
2015-08-20,-0.03046946133583517,-0.025546459539499855,-0.02343977019644572,-0.02546193841248423
2015-08-21,-0.0367943545034658,-0.0354968394295061,-0.03250231723589403,-0.028289773063533863
2015-08-24,-0.03592033805329342,-0.032714154234817716,-0.029861495601434918,-0.06315327825101869
2015-08-25,-0.00537793754531779,-0.009804067742971934,-0.008922153607603067,0.0
2015-08-26,0.037341837297911074,0.03668859050605744,0.03335818460294471,0.0
2015-08-27,0.024431162356293168,0.01828938075361064,0.016681930954929758,0.0
2015-08-28,-0.0015355262260305924,-0.0008010088372285562,-0.0007299117110624032,0.0
2015-08-31,-0.011836467137579021,-0.0071285448637457005,-0.006511109079374577,0.0
2015-09-01,-0.023013505061469486,-0.022195934713024723,-0.02026321021561872,0.0
2015-09-02,0.0,0.0,0.0,0.0
2015-09-03,0.0,0.0,0.0,0.0
2015-09-04,0.0,0.0,0.0,0.0
2015-09-08,0.0,0.0,0.0,0.0
2015-09-09,0.0,0.0,0.0,0.0
2015-09-10,0.0,0.0,0.0,0.0
2015-09-11,0.0,0.0,0.0,0.0
2015-09-14,0.0,0.0,0.0,0.0
2015-09-15,0.0,0.0,0.0,0.0
2015-09-16,0.0,0.0,0.0,0.0
2015-09-17,0.0,0.0,0.0,0.0
2015-09-18,0.0,0.0,0.0,0.0
2015-09-21,0.0,0.0,0.0,0.0
2015-09-22,0.0,0.0,0.0,0.0
2015-09-23,0.0,0.0,0.0,0.0
2015-09-24,0.0,0.0,0.0,0.0
2015-09-25,0.0,0.0,0.0,0.0
2015-09-28,0.0,0.0,0.0,0.0
2015-09-29,0.0,0.0,0.0,0.0
2015-09-30,0.0,0.0,0.0,0.0
2015-10-01,0.0,0.0,0.0,0.0
2015-10-02,0.0,0.0,0.0,0.0
2015-10-05,0.0,0.0,0.0,0.0
2015-10-06,0.0,0.0,0.0,0.0
2015-10-07,0.0,0.0,0.0,0.0
2015-10-08,0.0,0.0,0.0,0.0
2015-10-09,0.0,0.0,0.0,0.0
2015-10-12,0.0,0.0,0.0,0.0
2015-10-13,0.0,0.0,0.0,0.0
2015-10-14,0.0,0.0,0.0,0.0
2015-10-15,0.0,0.0,0.0,0.0
2015-10-16,0.0,0.0,0.0,0.0
2015-10-19,0.0,0.0,0.0,0.0
2015-10-20,0.0,0.0,0.0,0.0
2015-10-21,0.0,0.0,0.0,0.0
2015-10-22,0.0,0.0,0.0,0.0
2015-10-23,0.0,0.0,0.0,0.0
2015-10-26,0.0,0.0,0.0,-0.0031521189409191575
2015-10-27,0.0,0.0,0.0,-0.005058939656011341
2015-10-28,0.0,0.0,0.0,0.01717171024081976
2015-10-29,0.0,0.0,0.0,0.0011502716541795799
2015-10-30,0.0,0.0,0.0,0.003975488612083522
2015-11-02,0.0005032700369713705,0.0024239134158170472,0.001309551599352199,0.014639732490272728
2015-11-03,-0.006889742768428464,-0.00293473111675413,-0.0015872922260816713,0.012624405173965458
2015-11-04,0.0014726573502494844,-0.002480594748598408,-0.0013398552455932133,-0.007760134527475704
2015-11-05,0.008957393513857603,0.005015334317029163,0.002705861626909334,-0.01751378987815544
2015-11-06,0.007224050073991073,-0.005044165993969618,-0.0027276849041805162,0.005564516572760914
2015-11-09,-0.0122777296953408,-0.009592989806170071,-0.005175458770360519,-0.011661360387274167
2015-11-10,0.002492292298318377,0.005538948803166299,0.0029750168958053713,-0.003023532336718704
2015-11-11,-0.0003231281938496089,-9.090208882722717e-05,-4.894910219144233e-05,-0.005478467411946686
2015-11-12,-0.014961772403227047,-0.012089995854576485,-0.006509967168599418,-0.014776213448133957
2015-11-13,-0.018662499887497463,-0.02055082840594291,-0.011003626697200897,-0.012313175637466922
2015-11-16,0.015010405267273708,0.014030065125544944,0.007439665451163924,-0.0032674516430620804
2015-11-17,0.002824236170046346,0.0014506510262208838,0.0007742629085021324,0.0
2015-11-18,0.018627709300899964,0.011788508022678279,0.006296189252316342,0.0
2015-11-19,-0.0006174303387368463,0.003151526373360136,0.0016924030152436487,0.0
2015-11-20,0.013235336582854584,0.012540472046734585,0.00674417587461007,0.0
2015-11-23,0.0010898740287037523,0.00338625182798169,0.0018315868668115076,-0.0005393419961609025
2015-11-24,-0.002457805488338849,-0.0049212930858475445,-0.0026660047816621235,0.005736424079721303
2015-11-25,0.007284068876016514,0.00476411960385037,0.0025750232838404052,0.0013230866304632105
2015-11-27,0.002984302567305308,0.0012363737783065432,0.0006697234827262033,-0.0008152393372891087
2015-11-30,-0.011914130801500389,-0.010964579534147312,-0.005942696928177504,-0.00683334945662184
2015-12-01,0.00945572899650804,0.008768850702875808,0.0055633402455601555,0.015823335922757975
2015-12-02,-0.004710779415048827,-0.005920434977345734,-0.00432620958019847,-0.014111872853761587
2015-12-03,-0.021544430922073476,-0.01561073247604361,-0.011383544165168402,-0.012347358390967011
2015-12-04,0.020897092952166574,0.024276064256588237,0.017634214830103856,0.021559422181101073
2015-12-07,-0.007365534907775362,-0.004572352676319058,-0.0033422478464176786,-0.011026945364439822
2015-12-08,0.005934003520773556,0.0038652502656189025,0.0028205354758523704,-0.012081913174136982
2015-12-09,-0.016180973708655344,-0.015914747214722413,-0.01163308075204339,0.007326744828023202
2015-12-10,0.0011903857075141744,-0.0008914539828631662,-0.0006495182289886214,0.010821683311072583
2015-12-11,-0.01986958386306137,-0.01679500480817475,-0.012218281662248587,-0.02482425799015564
2015-12-14,0.010296585408174241,0.01028506300993648,0.007448077903865258,-0.0037847166180402514
2015-12-15,0.0067604631211464206,0.006619057736360734,0.004809463271594705,0.0
2015-12-16,0.016923963252306162,0.01500721663196214,0.01091820728388182,0.0
2015-12-17,-0.014034811393137891,-0.013013090167773966,-0.009506104681698213,0.0
2015-12-18,-0.016474389153824265,-0.016724725992256606,-0.012176184286301961,0.0
2015-12-21,0.009436849811273351,0.009862072778660247,0.007146412331738405,0.0
2015-12-22,0.00539028731931146,0.007879719520079709,0.005726782185595081,0.0
2015-12-23,0.0053252513965982295,0.0018313841830264188,0.001332685818315582,0.0
2015-12-24,-0.0007428897454339056,-0.001579011820089793,-0.001149371697530821,0.0
2015-12-28,0.0022156895251004283,0.0042186901479026595,0.0030724237066110938,0.002047863060460564
2015-12-29,0.010390547729760113,0.009466909383271105,0.006900830052184226,0.012129623185973104
2015-12-30,-0.005920874675365395,-0.0055657832641721194,-0.004068788306456406,-0.007975240318801258
2015-12-31,-0.011637085091664057,-0.01186279369620169,-0.008656884431057277,-0.01163106662490887
2016-01-04,-0.018719066923457817,-0.017505090033723025,-0.012733609995631001,-0.021556242899463784
2016-01-05,0.0,0.0,0.0,0.0
2016-01-06,0.0,0.0,0.0,0.0
2016-01-07,0.0,0.0,0.0,0.0
2016-01-08,0.0,0.0,0.0,0.0
2016-01-11,0.0,0.0,0.0,0.0
2016-01-12,0.0,0.0,0.0,0.0
2016-01-13,0.0,0.0,0.0,0.0
2016-01-14,0.0,0.0,0.0,0.0
2016-01-15,0.0,0.0,0.0,0.0
2016-01-19,0.0,0.0,0.0,0.0
2016-01-20,0.0,0.0,0.0,0.0
2016-01-21,0.0,0.0,0.0,0.0
2016-01-22,0.0,0.0,0.0,0.0
2016-01-25,0.0,0.0,0.0,0.0
2016-01-26,0.0,0.0,0.0,0.0
2016-01-27,0.0,0.0,0.0,0.0
2016-01-28,0.0,0.0,0.0,0.0
2016-01-29,0.0,0.0,0.0,0.0
2016-02-01,0.0,0.0,0.0,0.0
2016-02-02,0.0,0.0,0.0,0.0
2016-02-03,0.0,0.0,0.0,0.0
2016-02-04,0.0,0.0,0.0,0.0
2016-02-05,0.0,0.0,0.0,0.0
2016-02-08,0.0,0.0,0.0,0.0
2016-02-09,0.0,0.0,0.0,0.0
2016-02-10,0.0,0.0,0.0,0.0
2016-02-11,0.0,0.0,0.0,0.0
2016-02-12,0.0,0.0,0.0,0.0
2016-02-16,0.0,0.0,0.0,0.0
2016-02-17,0.0,0.0,0.0,0.0
2016-02-18,0.0,0.0,0.0,0.0
2016-02-19,0.0,0.0,0.0,0.0
2016-02-22,0.0,0.0,0.0,0.0
2016-02-23,0.0,0.0,0.0,0.0
2016-02-24,0.0,0.0,0.0,0.0
2016-02-25,0.0,0.0,0.0,0.0
2016-02-26,0.0,0.0,0.0,0.0
2016-02-29,0.0,0.0,0.0,0.0
2016-03-01,0.0,0.0,0.0,0.0
2016-03-02,0.0,0.0,0.0,0.0
2016-03-03,0.0,0.0,0.0,0.0
2016-03-04,0.0,0.0,0.0,0.0
2016-03-07,0.0,0.0,0.0,0.0
2016-03-08,0.0,0.0,0.0,0.0
2016-03-09,0.0,0.0,0.0,0.0
2016-03-10,0.0,0.0,0.0,0.0
2016-03-11,0.0,0.0,0.0,0.0
2016-03-14,0.0,0.0,0.0,0.0044271901358508
2016-03-15,0.0,0.0,0.0,-0.007065121529029272
2016-03-16,0.0,0.0,0.0,0.011940928432508713
2016-03-17,0.0,0.0,0.0,0.005248512634177471
2016-03-18,0.0,0.0,0.0,0.004877282056851895
2016-03-21,0.0,0.0,0.0,0.006167691246300899
2016-03-22,0.0,0.0,0.0,0.004100234622841814
2016-03-23,0.0,0.0,0.0,-0.0084063468430432
2016-03-24,0.0,0.0,0.0,-0.0014532273997076572
2016-03-28,0.0,0.0,0.0,-0.008010942632995066
2016-03-29,0.0,0.0,0.0,0.005454118277496756
2016-03-30,0.0,0.0,0.0,0.00664793799312835
2016-03-31,0.0,0.0,0.0,-0.001171098923583913
2016-04-01,0.013612212886686903,0.012053977322775244,0.009203307850673026,-0.013069651004918748
2016-04-04,-0.005604183726562906,-0.004216212562455968,-0.003228204866698392,-0.008044866375057746
2016-04-05,-0.010383264340246168,-0.009821434135564688,-0.007512471009154753,-0.006048027783962628
2016-04-06,0.008371883701728144,0.00748273477838679,0.005710270943591,0.01153011887991684
2016-04-07,-0.007372794882429146,-0.007458403143548731,-0.005701733892979899,-0.01923378925360253
2016-04-08,0.00021333301015635797,0.0007664678865026975,0.0005849073629342616,0.012183397117142558
2016-04-11,-0.005939012094102081,-0.004592068573365471,-0.0035049375735282107,0.004490418352569137
2016-04-12,0.005027425103531602,0.002646072719895587,0.0020174354296580432,0.016098758188052287
2016-04-13,0.0011966269733971746,-0.003390397264028233,-0.002586549747259026,0.024096060600271585
2016-04-14,-0.004425330043100639,-0.005270946483849515,-0.0040179886033527845,0.0015945625143281017
2016-04-15,0.006640919936648171,0.00409083593777515,0.0031144794126312103,-0.0030843947658443227
2016-04-18,0.0052404512583081875,0.007513675654261975,0.005725960527146912,0.0027422325906607536
2016-04-19,-0.013362053099557292,-0.003612280926813205,-0.0027577107576183257,-0.001772694445503098
2016-04-20,-0.00515110834012078,-0.005670710050111327,-0.004325460159062766,-0.002220354767153543
2016-04-21,-0.013479773518799143,-0.014709873151443897,-0.011205123112016602,-0.008327908847337806
2016-04-22,-0.008483265425459297,-0.0056998943455095485,-0.004326457419438823,0.0026689547576388417
2016-04-25,0.0032897848695492282,0.005323026808607523,0.004034825902103023,-0.003643259086368089
2016-04-26,-0.0031885105163727,-0.0010401752919705354,-0.0007894589149101128,-0.005169492012781718
2016-04-27,-0.0017353146437328881,0.0037405139043178437,0.002838214986446319,-0.00544024716791125
2016-04-28,-0.008473233834516702,-0.0043793185549683145,-0.003325914889699244,-0.012383019643696591
2016-04-29,0.0009036374785389434,-4.946736838096211e-05,-3.7528753890514466e-05,-0.008542431921654825
2016-05-02,0.013567679005874522,0.013230645424834542,0.012909494780181774,0.007946010776613388
2016-05-03,-0.004389964352657261,0.00019591214350733743,0.00019734741757626573,-0.009045062243306035
2016-05-04,0.0033992522784975776,0.00527353417986598,0.005275927848011008,-0.019269379249881702
2016-05-05,0.001046192716336991,0.0002888909079328261,0.0002890120951868358,0.001594453791162298
2016-05-06,0.011428185981229966,0.011226524136317861,0.011226204377017934,-0.0026479438254165544
2016-05-09,0.00807688070057,0.008386570135951343,0.008386588409232232,-0.006819275464001184
2016-05-10,0.009256518592482443,0.007934349228102322,0.007933766902127104,0.018960395373500027
2016-05-11,-0.00903873529087329,-0.0075725483329489585,-0.007572177420551496,-0.005349892525659983
2016-05-12,0.006894500050286689,0.009478339273029324,0.009478676272724584,-0.009686327500471159
2016-05-13,-0.006567370335952227,-0.00659836970166805,-0.0065979408954784935,-0.01041165416267098
2016-05-16,0.0054940318467533444,0.004482158272480552,0.004482381488027709,0.016869326677652507
2016-05-17,-0.019554123450840066,-0.01998565356567561,-0.019985207999445254,0.002742868210186211
2016-05-18,-0.00889190850768129,-0.010713835037632902,-0.010714424112090448,-0.0022392020347418162
2016-05-19,-0.00517884596438134,-0.003466356393325709,-0.003467250314359349,-0.0002815237753015509
2016-05-20,0.002556326677650045,-0.0025811850886355847,-0.002579558386977432,0.015040010193679398
2016-05-23,-0.0010816625907853483,-0.0004945840891080744,-0.000494751956468753,-0.004887000533924546
2016-05-24,0.01579692676790878,0.013180994012601976,0.013180040475283539,0.012366337129600335
2016-05-25,-0.0002798601042960369,-0.001962607019227458,-0.0019623997684501404,0.0021709614999274596
2016-05-26,0.002956047753445601,0.00415450977043097,0.004154799889519278,0.0014033588086026505
2016-05-27,0.0040142225522317165,0.003634260295115155,0.0036340922162145795,0.0021887020944877378
2016-05-31,-0.0028360761586574412,-0.004859934468995686,-0.004859803200838009,-0.002248219426089104
2016-06-01,0.002715489340100019,0.00349855067994298,0.003498743763824086,-0.001914122201756463
2016-06-02,0.0013177578467564732,0.0016106312307655468,0.0016106329586889068,0.0015681990214118091
2016-06-03,0.0009547648986703017,0.005922948219633906,0.005922950405260252,0.0006103321812080953
2016-06-06,-0.002983612745635411,-0.0018562508621420282,-0.0018562505220962588,0.011685404060043147
2016-06-07,0.002952959366244068,0.0020061070182968432,0.002006107593124584,0.0036861967163770437
2016-06-08,0.004939639594934819,0.0055028344389576045,0.005502835700736064,0.002370479448998486
2016-06-09,0.004126618752960276,0.0055496850606502335,0.005549684306806357,-0.006845935592581176
2016-06-10,-0.006855410101690551,-0.002892488185830988,-0.00289248760057792,-0.016701719969068884
2016-06-13,-0.0073491099309273,-0.006470228268293798,-0.006470227832406361,-0.012504839666230616
2016-06-14,0.0013968708582110523,0.0038549228034401306,0.003854922275735806,-0.01007968637693235
2016-06-15,-0.0034783312738214667,-0.004221837442107246,-0.00422183696221301,0.004037354841025298
2016-06-16,0.008057192071774466,0.008742874080955199,0.008742873661869988,0.0032222393299503604
2016-06-17,-0.007282032048726239,-0.006806183705733049,-0.006806183783109487,0.001958829031609266
2016-06-20,0.00571396579082073,0.003400571331796165,0.0034005709907789505,0.006460137276061539
2016-06-21,0.004504732796444477,0.0049277590971135155,0.004927759029190293,0.0014935143160053066
2016-06-22,-0.0031075024690717656,-0.0014867359461291363,-0.0014867352221145103,-0.0015376032337164336
2016-06-23,0.00926149625891326,0.0077873252951670136,0.0077873249777076214,0.015358053728876664
2016-06-24,-0.019572151723667996,-0.00889929419934321,-0.008899294148754455,-0.04627115360685563
2016-06-27,-0.008566286217021934,0.0016995549939258225,0.0016995568954980556,-0.0395256844193409
2016-06-28,0.014242325180227944,0.008841051127711719,0.008841052414005235,0.028893557464273245
2016-06-29,0.011352337349427755,0.010149613676331493,0.010149613012896852,0.028754142390317483
2016-06-30,0.021827185747115063,0.024983895550014124,0.024983894043710597,0.014431703933069695
2016-07-01,-0.0009105768091878241,-0.003264688089412826,-0.003264687793150256,0.008100115868477697
2016-07-05,0.005520863170973334,0.00824585104266129,0.008245851042952612,-0.021247513896079373
2016-07-06,0.007029986745699324,-0.00029879615153061145,-0.000298796151309455,0.002231251299260828
2016-07-07,-0.007726127364231616,-0.00926681457254619,-0.009266814572554849,0.005184155225551157
2016-07-08,0.014500729638664778,0.009966727476443893,0.009966727477041859,0.01822169953562236
2016-07-11,0.003354568381036982,0.0014993597648624846,0.0014993597648662593,0.00023371643848180135
2016-07-12,0.0002504618290424254,-0.0063317468742464245,-0.006331746874367661,0.015285767905325542
2016-07-13,0.0035637357869344743,0.005444808938644297,0.005444808938422252,0.0003664487632188962
2016-07-14,-5.762049039170769e-05,-0.003079036485050257,-0.003079036485232667,0.008928196188120463
2016-07-15,-0.003594744506416059,-0.0027061658076946715,-0.002706165806871441,-0.0016009807130948905
2016-07-18,0.002836990987850063,-0.0014934411673008796,-0.0014934411679681237,-0.00047024810242590753
2016-07-19,0.00134014124701487,0.0009388994099310821,0.0009388994055190558,0.00035754668372356413
2016-07-20,-5.2860189274195335e-05,-0.002298309814261379,-0.00229830981419632,0.0014195782860673134
2016-07-21,-0.003833013408359509,-0.004651184008195086,-0.0046511840085798895,-0.002526613222423979
2016-07-22,0.01089418518506835,0.00959048741740176,0.009590487416832216,0.0022068818024658654
2016-07-25,-0.0023464518946312296,-0.002961788545483013,-0.002961788545130295,-0.0038026821356567098
2016-07-26,0.0007233102364305743,-0.006408952525611578,-0.006408952524024625,0.006795251425163018
2016-07-27,0.0020954055679254235,-0.008847364724608453,-0.008847364725033335,-0.006367962380928072
2016-07-28,0.005775681717795633,0.002013502839983916,0.002013502841869963,-0.0009235618395004863
2016-07-29,0.0028619570885168866,-0.002172246600645411,-0.0021722465986174777,0.0011045300727976493
2016-08-01,-8.774316844351038e-05,0.00228584078768157,0.002285840787023874,-0.009410551071597162
2016-08-02,-0.005279630986939621,-0.007882114357911973,-0.007882114357912084,-0.010068894654695737
2016-08-03,-0.00799069847787337,-0.01202160370071459,-0.012021603700714478,0.006330648741383005
2016-08-04,0.00047112957450434756,0.004372051413964462,0.004372051413964684,-0.00046058382424296607
2016-08-05,-0.004969302632538475,-0.006916606299568917,-0.006916606299568584,0.01075313607228412
2016-08-08,-0.002962524188485416,-0.003590746675985468,-0.003590746675985579,-0.00557216365620905
2016-08-09,0.0024712024779534048,0.0036014077825983204,0.0036014077825985424,0.000576668187067586
2016-08-10,-0.003223634747402615,0.002483475253010514,0.002483475253010292,-0.0050032787479319385
2016-08-11,0.00017650762663601327,1.4391771357313843e-05,1.4391771357313843e-05,0.004796167729007816
2016-08-12,0.0037833789808772167,0.001490196420492751,0.0014901964204925289,-0.0012769174750283385
2016-08-15,-0.00432203024898048,-0.005750804769166229,-0.005750804769165896,0.005709243838801559
2016-08-16,-0.010421437969429515,-0.011837137051584512,-0.011837137051584734,-0.0033788007469804926
2016-08-17,0.005596063771793114,0.008371820567293797,0.008371820567293797,0.003727097442441041
2016-08-18,0.006870540969620587,0.002997587794367984,0.002997587794367984,0.0013440960477351105
2016-08-19,0.0022822376901239227,-0.004495988017167329,-0.004495988017167329,0.004551997855159806
2016-08-22,0.002792834801774946,0.003992840750859594,0.003992840750859816,-0.0034435858770289762
2016-08-23,-0.00492378596533527,-0.006353077474231417,-0.006353077474231306,-0.001106891478307559
2016-08-24,-0.009646103645750137,-0.003030027823223258,-0.003030027823223591,-0.011120354783711539
2016-08-25,0.0016391633752270707,0.00022914999187828577,0.00022914999187828577,0.0018257695588759226
2016-08-26,-0.009770288819507367,-0.009996245556214367,-0.009996245556214256,-0.0028444204327382483
2016-08-29,0.009850172985810257,0.007860938913798687,0.007860938913798687,0.006011350136537752
2016-08-30,-0.011996147011947844,-0.007017560949642454,-0.007017560949642454,-0.011258073606982277
2016-08-31,-0.00022795907158434936,0.0018774757380450868,0.001877475738045531,-0.01054294205578965
2016-09-01,0.0028079627312294075,0.0006290082520805651,0.0006290082520803431,0.004749230839929508
2016-09-02,0.007132850426392112,0.010127761551580461,0.010127761551580239,0.00620058936877621
2016-09-06,0.01027239564726945,0.009709237757612899,0.00970923775761312,0.003743065262397538
2016-09-07,-0.0011283747865389326,0.000295636546087108,0.0002956365460875521,0.001506378561402455
2016-09-08,-0.007646244312473294,-0.005988910480802301,-0.005988910480803078,-0.0014735438382951216
2016-09-09,-0.035836388392966434,-0.03865771585443267,-0.03865771585443223,-0.02166650813478288
2016-09-12,0.01594593727292981,0.015376536798075824,0.015376536798076046,0.012667545579999162
2016-09-13,-0.017074366358378557,-0.01713617229132991,-0.017136172291330243,-0.011322127057423748
2016-09-14,-0.00043634035612583055,-0.00014270590019804796,-0.0001427059001977149,0.005000678910951795
2016-09-15,0.011037595349595586,0.008906774493367964,0.008906774493368186,0.011319861202729653
2016-09-16,-0.0008662157861226705,-0.001439337142555619,-0.001439337142555619,-0.003140165397057415
2016-09-19,0.0072136752602316445,0.00912819355141714,0.009128193551417363,-0.0020275469402166735
2016-09-20,-0.0003607771105997859,0.0014484795606271028,0.0014484795606271028,-0.0035251651876746504
2016-09-21,0.020686104087824786,0.02036864555463458,0.020368645554633913,0.016538660799757965
2016-09-22,0.007847223396285852,0.009608092800931445,0.009608092800931889,0.0064614465090517825
2016-09-23,-0.006195917834910802,-0.005600218120570988,-0.005600218120571099,-0.009025312428994181
2016-09-26,-0.0030469303906369705,-0.00012085565521191555,-0.00012085565521202657,-0.00885073338837139
2016-09-27,0.005158376526420705,-0.0024431673768960938,-0.0024431673768958717,0.007293639716885458
2016-09-28,0.006443207312313737,0.002947617136181968,0.002947617136181746,0.010969880979262658
2016-09-29,-0.011994027418718245,-0.013482179286553486,-0.01348217928655393,-0.010029085859651898
2016-09-30,0.004242914552371246,0.000502665801294544,0.000502665801294544,0.010134562307360984
2016-10-03,-0.006826554026082676,-0.006497404390922945,-0.006440676581579985,-0.0008361199176585288
2016-10-04,-0.016248398541230724,-0.019068457475680978,-0.018712232086361302,-0.00796392658675027
2016-10-05,0.0031340810276414555,-0.000131709684835557,-0.00012546018982206864,0.003594352669486822
2016-10-06,0.0015527532183909898,0.00032514140979977846,0.0003200312879201306,0.0012441693050593283
2016-10-07,-0.010196793622424538,-0.00819569187245528,-0.008037342607534637,-0.0022424957463211825
2016-10-10,0.005127753277570202,0.005863713717667585,0.005750469806896863,-0.004315265454585715
2016-10-11,-0.016222044510079026,-0.013757902072176753,-0.013503712019990899,-0.011754471119004406
2016-10-12,0.004551015544141501,0.007162567707518441,0.007023218681103449,0.0028125860620498155
2016-10-13,0.0021549559362574744,0.0013736674236000113,0.0013476261835558834,-0.0018292019099022117
2016-10-14,-0.0008313405565338883,-0.0024289059065788488,-0.0023825899849487797,0.0002560943089011669
2016-10-17,-0.0043549910221981625,0.0016951274491596724,0.0016595713695810588,-0.007763911919482336
2016-10-18,0.008379499191289108,0.005151424778101266,0.005057917136241485,0.008838168170621552
2016-10-19,0.0024427348070046317,-0.003355475887176218,-0.003297078250673602,0.004196856514105063
2016-10-20,0.0010429067279675852,-0.0010057773567382355,-0.0009796264414920763,0.00704352105389372
2016-10-21,-0.0035997993467764555,-0.005651195097403416,-0.005539753981687157,-0.006311738550214163
2016-10-24,0.007177826413520272,0.004171931310809507,0.00409587267497824,0.0028665294514256257
2016-10-25,-0.010197474272325202,-0.0023140878823609823,-0.0022721350757951564,0.0006649663885600621
2016-10-26,-0.014043055346902533,-0.006409542096817877,-0.006294059871144064,-0.0034922231192073827
2016-10-27,-0.01088779844367016,-0.008473989109349711,-0.008309854301130626,-0.0008070833958797596
2016-10-28,0.0033532927850004057,0.005650766505763016,0.005541624690407199,-0.007892094599953325
2016-10-31,0.006688166792867545,0.010079641618488067,0.009882479285981072,-0.0011447897194130086
2016-11-01,-0.007697497906666406,-0.012412278329392734,-0.011065802268540259,-0.005788111561322418
2016-11-02,-0.01002127995601454,-0.00885461208140037,-0.007690552960934904,-0.0008050392529338479
2016-11-03,-0.010447317051194616,0.0060414352633753055,0.005240618284630738,-0.005912316302683629
2016-11-04,0.0005504391696116162,0.001615274053740734,0.001407146944427895,0.0004428510986065337
2016-11-07,0.020762375338873262,0.01882458920379637,0.016345650101319498,0.020088500336035375
2016-11-08,0.0026340386230978563,0.0050732479305259925,0.004416350076050568,0.007324749849253687
2016-11-09,0.0003316989711601437,-0.010531006730856607,-0.009174543744090657,0.0034547157170705667
2016-11-10,-0.009444207367515278,-0.011375914149609145,-0.009891920527213327,-0.008255904457834085
2016-11-11,-0.004685117744627432,-0.009139543790016802,-0.007937960658916166,-0.004165668031597125
2016-11-14,0.0014060523505452505,-0.000258450332735527,-0.00022521052121515783,-0.007256502411405297
2016-11-15,0.019872471968631622,0.015055763732848781,0.013057540773994347,0.016063742741474263
2016-11-16,0.0010246921080827587,0.0014891972143704635,0.0012934530322148419,0.0055755176185039446
2016-11-17,0.0012158125438417322,0.003014093247720284,0.002623414473776675,0.004229905369683706
2016-11-18,-0.00229439943476184,-0.0024298118294104887,-0.0021161991238077826,-0.004022297972506417
2016-11-21,0.004318735999788936,-0.001089865983122218,-0.0009444335881170218,0.005133458466677121
2016-11-22,0.003956185099247556,-7.218014549703611e-05,-6.893130916085788e-05,0.002870431113129124
2016-11-23,0.004480200189946659,-0.0020600009971923905,-0.0017862113431112991,0.005276626891533187
2016-11-25,0.0021953919068458116,0.007616110002396148,0.0066141604868210635,0.005418115003050561
2016-11-28,-0.007331554694672393,-0.00233883222372977,-0.002037445919917502,-0.010603365270404952
2016-11-29,0.003679146919802534,0.007287722776124328,0.006336416887863017,0.005261459935469004
2016-11-30,0.0028893235684774865,-0.015771294654079338,-0.013728628612479366,-0.014438117820369856
2016-12-01,-0.018073199629692893,-0.013951076660784434,-0.011771827619265984,-0.01466746349638981
2016-12-02,0.007355624864411103,0.011946917216249409,0.010032254858227452,0.004211024506653782
2016-12-05,0.010223031952880435,0.00031706091520566915,0.0002640073313384672,0.008280282522533433
2016-12-06,0.0011213210353180347,-0.001306704057825403,-0.0010985803980932962,0.0010538828526356347
2016-12-07,0.014821647478233446,0.013663313006774924,0.011492755858739656,0.016749297339252678
2016-12-08,0.0025537933984074446,0.003281685101193421,0.002760761042812865,0.005212769008460683
2016-12-09,-0.0064265182942452315,-6.61797372891737e-06,-2.462199822916844e-06,0.006075331848717891
2016-12-12,-0.002807619249260207,0.0015498599947507685,0.0013048106984989705,0.003425890386431263
2016-12-13,0.006686872376613584,0.006192592213161818,0.005223862606328122,0.008579982472661563
2016-12-14,-0.013177962226941675,-0.0149973691980968,-0.01266224592620957,-0.0058830758568362285
2016-12-15,-0.0003251294339110533,0.002510294957239534,0.0021150674726686525,0.004007812023235635
2016-12-16,-0.0047798535860476,0.002420798656585621,0.002039738772948052,0.003679803173614049
2016-12-19,-0.00022580163421648258,0.004527286021968058,0.0038169963708092336,-0.0015455823145535952
2016-12-20,0.004770136924409307,3.320801793216255e-05,2.9162047980868522e-05,0.009518983831187988
2016-12-21,-0.0015487303897160354,-0.00297686972259692,-0.002511278731480049,-0.001997653510631081
2016-12-22,-0.005762287984644732,0.0016346094061341354,0.0013780549371040784,-0.007448098813315096
2016-12-23,0.0035725633704968285,0.0036873491733742103,0.003108922337743847,0.00019867198462830693
2016-12-27,0.0017059561343821805,0.0012772093876141088,0.001077231401982015,-0.0004007289802766545
2016-12-28,-0.011814895474617004,-0.009914520708139807,-0.008368110299801668,-0.009085718293294853
2016-12-29,0.007858348011843264,0.009397739086739021,0.007918567410319044,-0.0016113227748981718
2016-12-30,-0.008493808010928028,-0.006667932318379699,-0.005626859551678742,-0.005149783477611636
2017-01-03,0.01053881679412827,0.003912075974058071,0.0032600397395847747,0.0077230385409226
2017-01-04,0.013526686885687589,0.006318937224618404,0.006105275265452459,0.017135909289363482
2017-01-05,0.0001708726656237669,-0.0014155214221021062,-0.0013725708662983838,-0.002324654110596902
2017-01-06,-0.0011308436763132201,-0.001598653898857716,-0.0015434830979040859,0.00522355339784597
2017-01-09,-0.008737418202431124,-0.005196034351095946,-0.005025037253496456,-0.0005294756817766366
2017-01-10,0.009194681023413365,0.002413323377125298,0.0023359452984348383,0.004276623718462602
2017-01-11,0.006673846634559055,0.006819738045420021,0.006592062693171918,0.0032337830508473164
2017-01-12,-0.006995467531542454,-0.008598442905423886,-0.008316113538596404,-0.0025435003786382637
2017-01-13,0.0015859995906317703,0.003971184522688187,0.003837515435253458,0.0010379260342061603
2017-01-17,-0.0032871453985041654,-0.005996168525979617,-0.0057972298518885745,-0.0003064827134376946
2017-01-18,0.005167412510896474,0.0056846779268802106,0.005497403707164672,-0.003565450815098181
2017-01-19,-0.0049218885503591325,-0.002164972840494994,-0.0020961521018045826,-0.006143255929776381
2017-01-20,0.0049257466878958045,0.003880046441397944,0.0037517204304180485,-0.004904797765529989
2017-01-23,-0.003335669863453128,-0.0007484602736250734,-0.0007251797500764656,-0.010339072367955726
2017-01-24,0.022837560189859607,0.016484914258260153,0.015938300538994143,0.008428445252260053
2017-01-25,0.00034869188020603126,0.0037892384174966764,0.003667573372005295,0.015520297421933504
2017-01-26,-0.004702425325522563,-0.0013494946393250995,-0.001303351106494155,-0.004209769243614936
2017-01-27,0.0011796958796237433,0.0007813756223586932,0.0007515324050502148,-0.0015525795068854764
2017-01-30,-0.012592635346678871,-0.006060841330225664,-0.005863652111578022,-0.008152210753486266
2017-01-31,0.004566890262127865,-0.007139454647525745,-0.006908905226276074,0.004034924902422077
2017-02-01,-0.0022584562757250737,-0.0033849291229707257,-0.003449876791739137,-0.0028426481810814863
2017-02-02,-0.0002759702612014081,0.0030295212624082968,0.0030230433766242903,-0.001959152375601181
2017-02-03,0.012328644441277348,0.010400610427724333,0.010375494244617256,0.005830304592616686
2017-02-06,-0.004007736667930528,-0.007475776297157566,-0.007459999044594601,-0.001817420587678531
2017-02-07,-0.009224703585576033,0.0012700290038734074,0.0012701549911937615,-0.0010035029697283981
2017-02-08,-0.005449036473304081,0.0003110219765218858,0.0003095273940083576,0.002429611228772277
2017-02-09,0.011238684698470447,0.004083046866249829,0.004073378477608802,0.008531212202720129
2017-02-10,0.005351472124582424,0.004912446304883522,0.004900244423250211,0.006005963748327847
2017-02-13,0.004879977981836037,0.004716394331936158,0.004704349261609675,0.004986846602426986
2017-02-14,0.004352155017694814,0.0009380591010292871,0.0009375301400187386,0.004004868376450421
2017-02-15,-0.003199294315149981,0.001184491863597481,0.0011821757106460495,0.0025447848488393543
2017-02-16,-0.006394179721333049,8.069271609700834e-05,8.217151330591754e-05,-0.0020433509259296656
2017-02-17,-0.004651054132415067,-0.0006632601685424566,-0.0006611976930653851,-0.00257192041998322
2017-02-21,0.009616334584049646,0.008236715035518705,0.00821304390789912,0.005032009619600375
2017-02-22,-0.011728766788838385,-0.004319908643264148,-0.004309273326901675,-0.0033669081059382044
2017-02-23,-0.0055478935272255114,-0.0039236477646371615,-0.003914153940128062,-0.0008094508536248268
2017-02-24,-0.008118855069996211,0.005692958668100712,0.0056822835055181375,-0.0034435033766314627
2017-02-27,0.005426365999928073,0.005181878304284515,0.0051689063687494485,0.006572297207126487
2017-02-28,-0.0012147967583778785,-0.0008285425534254598,-0.0008254401844594028,-0.00042017401630145557
2017-03-01,0.02782131019692602,0.020121327319575277,0.02009481585036621,0.02443490255957781
2017-03-02,-0.01903041715197684,-0.013578303195548647,-0.013578320252253473,-0.014894694836451894
2017-03-03,0.008623465165710442,0.004742280823005984,0.004742279058956855,0.0037130760826649123
2017-03-06,-0.002828280915497583,-0.00300930087508533,-0.003009300759932221,-0.008257158384769814
2017-03-07,-0.006364012491004378,-0.005316258461621426,-0.005316248762445075,-0.00505728588145582
2017-03-08,-0.010987171531961826,-0.006399634494784423,-0.0063996254895422044,0.0010804988367165702
2017-03-09,-0.0029343030559125793,-0.0030408914718119684,-0.003040881518280969,0.0006658707642266393
2017-03-10,0.0009017110268221273,0.005399347247646125,0.005399335348258427,0.001113696206148429
2017-03-13,0.003521418156933187,0.0028949316458628527,0.0028949256145258673,-0.006953975751020414
2017-03-14,-0.010102375537311303,-0.006917849736551629,-0.006917834278636459,-0.010880835796745925
2017-03-15,0.011059542191719451,0.010140434124274789,0.01014041284242162,0.01656571047803168
2017-03-16,-0.001557174137131745,-0.004569478683169481,-0.004569464713083615,-0.0019283976850839046
2017-03-17,-0.006960609908774673,-0.0018317085898277297,-0.0018317190697592078,-0.002421432308010729
2017-03-20,-0.003063491880492042,-0.0034091035727801255,-0.0034091216452996065,-0.003357213793390046
2017-03-21,-0.031745721917097014,-0.025060841308914505,-0.025060873376013926,-0.02185156101055641
2017-03-22,0.0045589925062829995,0.005856132985200269,0.005856122161349564,0.003417051323745035
2017-03-23,0.003123216505154236,0.0005997133457023018,0.0005997150365497639,-0.0008228574088957608
2017-03-24,0.005881746328018744,-0.0010374977859185508,-0.001037494884609802,0.001987361001765109
2017-03-27,-0.0068827498790882125,-0.00561147556350905,-0.0056114849773141184,-4.6366245640472314e-05
2017-03-28,0.013154169125300319,0.010627055470241453,0.010627063464974551,0.014358352039806954
2017-03-29,0.006593147520111753,0.0029871333722149007,0.0029871116833806166,0.0012010858698039417
2017-03-30,0.012842774630090092,0.005728731384630592,0.005728749897748298,0.010752386617857601
2017-03-31,-0.0026848082216307523,-0.0017365476948418834,-0.0017365737317805996,-0.007024130667842798
2017-04-03,0.0005276250267545191,-0.0015957674252489173,-0.0011664668234849795,-0.0004119527548652746
2017-04-04,0.00011516434566516409,-0.0011968372094957047,-0.00101874194767837,0.001941614817711379
2017-04-05,-0.011179662620708575,-0.007739331006745398,-0.006567882796425062,-0.0037731079842951987
2017-04-06,0.006705326287611113,0.002617748121613417,0.002215717067740375,0.0004022987392211519
2017-04-07,0.0016801013812173249,0.0006903332033127985,0.0005870087690882375,0.0013988966351357046
2017-04-10,-0.006898577044235132,-0.007101462713163809,-0.006023670395440495,-0.0034651721122839207
2017-04-11,-0.003374714630404174,-0.0025390328215908475,-0.002149656114682319,-0.004989161628147443
2017-04-12,-0.013159463672269167,-0.011445535019203534,-0.009692304860222767,-0.009480066782723728
2017-04-13,-0.009812223791358043,-0.008551763911989863,-0.007227426170420381,-0.009252207097851017
2017-04-17,0.00894307825238938,0.015194967334186238,0.012828131412731647,0.012453932105534804
2017-04-18,-0.006374883068937964,-0.005395575201069258,-0.004563828497216371,-0.0027391367986449033
2017-04-19,0.0034981200791992517,0.005027674363833556,0.0042508213566820885,-0.000980739403938391
2017-04-20,0.013442108070748748,0.019536704568010155,0.01653033668740278,0.013850165956800442
2017-04-21,-0.008142922116156082,-0.003853198894951171,-0.003270530978934816,-0.007620161813798654
2017-04-24,0.017242867520617766,0.015961350021169718,0.013534812655853656,0.012412152294391632
2017-04-25,0.007875271773064796,0.00707259629614887,0.006013673674384101,0.004652429032632854
2017-04-26,-0.001376723298855409,-0.0005570164413942758,-0.0004744574642704391,-0.002626686301779646
2017-04-27,-0.0026591697552182936,-0.000556418702342798,-0.0004715032518446405,-0.003806692317603888
2017-04-28,-0.002324403941063924,-0.004481284527050544,-0.0038134291326935577,-0.0016844898914489814
2017-05-01,0.009143046586132186,0.008175167748655232,0.007457536625876893,-0.003107271876689799
2017-05-02,-0.015461233869116797,-0.013644713289898469,-0.013641513889299683,0.00650633654762256
2017-05-03,0.0008285373054073286,-0.0020344090900891176,-0.0020345630344210663,-0.0005310771062024822
2017-05-04,-0.004081217707832097,8.895002549458297e-05,8.933895054763497e-05,-0.004275681700471323
2017-05-05,0.00848365795181838,0.006639704021354609,0.0066394088725922895,0.006843064406391264
2017-05-08,-0.0029104556497325795,-0.005370523078719547,-0.005370527669748992,-0.0036294548353545952
2017-05-09,0.0005518488384586018,0.0039669655318279595,0.003966654434620853,0.0004466765447506127
2017-05-10,0.010619369563216186,0.004348843668648961,0.004347482865256325,0.0030169744034047596
2017-05-11,-0.002178600600436398,-5.9654516395224455e-05,-6.01746299992989e-05,0.00035672705946865335
2017-05-12,-0.0008341722824610764,0.0006336247423401886,0.0006339467041633906,-0.0038753682425868297
2017-05-15,0.009097355567661447,0.006416970750836581,0.006417489914356089,0.007481527945901734
2017-05-16,0.0053623140482039755,0.006001453015222591,0.006000444874555644,-0.002673812382890217
2017-05-17,-0.038293086444768254,-0.027863404248137935,-0.027861008884453975,-0.015882671687540317
2017-05-18,0.009854650313755986,0.008741281506687848,0.00874201431627375,-0.0011752095243580118
2017-05-19,0.009061679077162488,0.00397408270617694,0.003974077196632786,0.004870910356667091
2017-05-22,0.005663523017138905,0.008152590249353331,0.008152713290765945,0.0006372689191718184
2017-05-23,0.005358106490236159,0.002882809966496147,0.002882514424675575,0.006167740104767283
2017-05-24,0.003298447818030459,0.006088932829415583,0.00608911120324529,0.0022701986377504646
2017-05-25,0.007124271096759394,0.010779666821183254,0.010779701596136393,0.004682804566584986
2017-05-26,-0.001104377057009942,0.0013964961530339437,0.001395463146507847,0.004754910808906665
2017-05-30,-0.001779862047336822,0.0018171223585148333,0.0018162267572774393,-0.005546739694267888
2017-05-31,-0.0031438410234869707,0.0019966468387633274,0.0019959379842138247,1.3564355527240224e-05
2017-06-01,0.004117549944328003,0.0037813818419658585,0.0037411460066325564,0.008461434691430014
2017-06-02,0.002992131718859037,0.006681434061742708,0.0066046722208299435,-0.004046565385040668
2017-06-05,-0.005474719181648102,-0.004207981326022403,-0.004163647064381215,-0.002642940964917573
2017-06-06,0.0018358580743043085,0.0010258261514586309,0.001010153890170562,0.00527074052322396
2017-06-07,0.008012096480094932,0.008424519585688905,0.008331712939513958,0.002300815266823797
2017-06-08,0.00644429059273488,0.00037211177361240466,0.0003666388002434573,0.007426757608383738
2017-06-09,-0.017221469333253192,-0.021910514093784417,-0.021663995861437524,0.0042416618519587335
2017-06-12,-0.00374204531130673,-0.005170381266727864,-0.005111672509363507,-0.0002641730708941026
2017-06-13,0.007680549683754867,0.00999999239074123,0.009890182747808174,0.009118136060737303
2017-06-14,-0.013736391058067676,-0.007122185937417647,-0.007040609811362897,-0.005465344871210975
2017-06-15,-0.007291770241514062,-0.0035711187680506074,-0.003528324038926667,-0.0039615995195203535
2017-06-16,-0.002162132621502666,-0.003586173829372208,-0.0035453315744766734,-0.003101264755378752
2017-06-19,0.017124651804924396,0.015986344410537257,0.015802428665719015,0.015096332446082217
2017-06-20,-0.007340217309129482,-0.005568493069680325,-0.005508724534315945,-0.001088770061049904
2017-06-21,0.009243067181748277,0.011364179876586888,0.011235408582514372,0.019567025981556352
2017-06-22,0.0013163810039755752,9.230697307649471e-05,9.128657676527041e-05,0.00036221954385506905
2017-06-23,0.003138850615521216,0.002452471656443578,0.0024266339220015976,0.0016051128200882392
2017-06-26,0.0009854876764421316,5.308668009007533e-05,5.353557783371876e-05,0.0031450101970140754
2017-06-27,-0.015922090800339572,-0.013283172404006893,-0.013132885206874723,-0.003717107622255189
2017-06-28,0.015123418782436282,0.012672971213772088,0.012530239329068937,0.007537849315769174
2017-06-29,-0.013303617681836633,-0.01633931019913526,-0.016153971605447737,-0.006022766309896732
2017-06-30,-0.004916435521806761,-0.003010861322355285,-0.0029762845206682265,0.007109675127053849
2017-07-03,-0.004794070502355585,-0.006881649287931779,-0.005588096672093812,-0.016025109365504164
2017-07-05,0.01809163249984924,0.015473151523070383,0.013607267086870989,0.018052385346808864
2017-07-06,-0.006678962574723113,-0.007250844796639733,-0.0063878672548279836,-0.006492966760985319
2017-07-07,0.014968832158702039,0.013209323051233346,0.011629018275434833,0.014957040752099804
2017-07-10,0.002863390355386519,0.00517269610226001,0.004559427957955053,0.001505917969026882
2017-07-11,0.003128866935782293,0.0032943210464544403,0.0029038312905940167,0.0016209515829059828
2017-07-12,0.013795644447955224,0.008897659419086379,0.007854931207075477,0.006132031659718651
2017-07-13,-0.0029740094526262695,-0.0019499238200255675,-0.0017232037793081245,0.010521714617179434
2017-07-14,0.00968257148686602,0.009052758607632994,0.007994616075691852,0.003816354569771585
2017-07-17,-0.0011364844371432037,0.0013821818582544498,0.0012236035479793461,-0.0031774903311098113
2017-07-18,0.004679927295968334,0.0035216229512771147,0.0031137882456253596,-0.006045148306565884
2017-07-19,0.0022152772305727986,0.006397130166299059,0.005661890506370115,0.005019417974788443
2017-07-20,-0.002168221426718242,0.00035335084044518794,0.00031455553728765295,-0.004650884883725115
2017-07-21,-0.0011120850611551214,-0.0009014726726169764,-0.0008008042212672706,-0.0026673571634540094
2017-07-24,0.0028852398246301814,-0.0005485084483849434,-0.000486989003523286,-0.006152268927815063
2017-07-25,-0.011855815634338462,-0.00127986655244261,-0.0011289830490238684,0.008444357352515697
2017-07-26,0.004817796158589571,0.004003042894496822,0.0035411967420151402,-0.0031611966273326075
2017-07-27,-0.01316721111503627,-0.009223354504912962,-0.008167503587496072,-0.007331075202832493
2017-07-28,-0.0010692807319664377,0.0012671035023412713,0.0011263042411182589,0.0018054904357900359
2017-07-31,-0.007754021820677859,-0.008094499285537071,-0.007160598656454353,-0.01158138785978613
2017-08-01,0.0019010074874472593,0.0006611593926899584,0.00026014909794036534,0.001208101398710193
2017-08-02,-0.007828334415302285,0.0014060000453652854,0.0014063014168126386,-0.0009539608752168194
2017-08-03,-0.00043308272672859527,-0.0011354496896394117,-0.0011360931440340671,-0.0013816243690261132
2017-08-04,0.002832666225739411,0.0025719197405738026,0.0025727698544943944,0.000243440379028792
2017-08-07,0.008199051026870796,0.006155226851968232,0.006154320039562178,0.005570155067800453
2017-08-08,-0.003176118322477217,-0.001448155656741834,-0.0014479940344769293,-0.0049929172346758754
2017-08-09,-0.0018911596515474027,-0.0004923809199161022,-0.0004927381925623475,-0.00218931625066221
2017-08-10,-0.028418019281598705,-0.0158950920081512,-0.01589491275983379,-0.02376216766347805
2017-08-11,0.00686361789511758,0.0021938794688411978,0.0021927811403568143,0.007016339752403233
2017-08-14,0.019454626895851534,0.013054604739065612,0.013054568394017307,0.008745847015047215
2017-08-15,0.0036119943499317575,0.0024052116318480365,0.00240479022912532,-0.0021384079913280285
2017-08-16,0.004093421061086566,0.0038941637866440892,0.0038937766053717127,0.004236042851312627
2017-08-17,-0.02771473939858038,-0.019169530940045254,-0.019168582392890765,-0.019544033757075363
2017-08-18,0.00031173706902443143,-0.0026357513329695603,-0.002636512155284265,-0.0016948726606386133
2017-08-21,-0.004916064848083712,-0.003775353198727349,-0.0037757733163107376,-0.0007284965901052098
2017-08-22,0.018494645371818885,0.015373244061242186,0.015372796975581027,0.007269918693268762
2017-08-23,-0.003070575804682174,-0.004105050288965684,-0.004105001224570137,-0.00624390466171032
2017-08-24,-0.002129732706187437,-0.002472958402950698,-0.00247317173098327,-0.002989026786781923
2017-08-25,0.003591018951022429,0.0011194463782018271,0.0011198593473500384,0.005000330562551891
2017-08-28,-0.0006235709427915292,0.0009669883015399616,0.0009660320690652036,0.00021805727296175803
2017-08-29,-0.00742013569829425,-0.0007144911283493149,-0.000715143376783578,0.0029303571377459203
2017-08-30,0.008924353385533657,0.004946128523732218,0.004945637883390086,0.006149236122668933
2017-08-31,0.0022687409554595916,0.0027763974754380083,0.0027757945021840147,0.007339349933690897
2017-09-01,0.0045462869089707425,-0.001256995232688074,-0.0012569566130860022,0.003861491217736157
2017-09-05,-0.012887618362081854,-0.013790926949330928,-0.013790927745326642,-0.008664221433130836
2017-09-06,0.0014612353468719252,7.328921140414835e-05,7.328983271492895e-05,0.0005505448423011039
2017-09-07,0.002672223843238841,-0.002947917513600795,-0.0029479184205143394,-0.006245996133450227
2017-09-08,-0.006948522703734139,0.00651695664873686,0.006516957772066068,-0.006190144678390852
2017-09-11,0.01408094054751663,0.016012638240593624,0.016012638269994106,0.00891647373953619
2017-09-12,0.005492217737065541,0.001731946715886723,0.0017319470725600805,0.007808143283825064
2017-09-13,-0.00030120662245292085,-0.0005638554932265727,-0.0005638556864709932,0.0034276016161673972
2017-09-14,-0.0015943795632188396,0.0010026286251587635,0.0010026285414332925,-0.002998157942848634
2017-09-15,0.0025957104725127245,-0.0014249903463764424,-0.0014249899843887803,0.002949313342160531
2017-09-18,0.009596280681255509,0.003634625794133761,0.0036346258823853894,0.001726578227582598
2017-09-19,0.0008841941957697941,0.005616418140511614,0.00561641907996302,-0.0008409947683089003
2017-09-20,-0.0001480437429534076,0.0032092064324455993,0.0032092066241047323,0.002079041919867297
2017-09-21,-0.0004722963411298853,-0.003524215284010479,-0.0035242150210876844,-0.0023864783443223736
2017-09-22,-0.0006221110767556937,-0.00012983364152185928,-0.0001298336827525448,0.00670102682199758
2017-09-25,-0.018100336879488532,-0.007634231955578885,-0.007634231268990321,-0.0026264103678189654
2017-09-26,0.0005721180361712985,-0.000384125299276894,-0.0003841256136573046,0.003662483535124217
2017-09-27,0.01929628808335848,0.0035559945980674357,0.0035559945836340923,0.00726779083440432
2017-09-28,0.003127242332308322,0.004530998511570683,0.004530998566357747,0.0014669259032111803
2017-09-29,0.010670587203644777,0.0055116745384165,0.005511674727489035,0.000586722278117735
2017-10-02,-0.002125589287144014,0.002215087631005641,0.0022150875281503613,-0.00015812371056156405
2017-10-03,0.005656479669656322,0.0025351397787514163,0.002535139778665485,0.005649312190033395
2017-10-04,0.0006212962122174037,0.0020940634562245375,0.0020940634565431715,0.0028613430237300896
2017-10-05,0.00808756879857464,0.0038570583065964392,0.0038570583064581054,0.010992849796620074
2017-10-06,0.004595630669620654,0.0011253517730562823,0.0011253517731630858,0.0007945032820573239
2017-10-09,0.005323012081800638,0.0017984770839056807,0.0017984770837198294,-0.006439758383035787
2017-10-10,0.002191975687179104,0.0011141052514198613,0.0011141052514556105,0.0062233681315921885
2017-10-11,0.0051684296532545915,0.005607426798327486,0.005607426798136528,0.003162525760836532
2017-10-12,0.005217473510075843,0.0019743926458020145,0.0019743926457187477,-0.002047127687560546
2017-10-13,0.005778258510946932,0.003652866663499621,0.0036528666631641116,0.0015217581145043901
2017-10-16,0.005396282615299786,0.0008197460406633716,0.0008197460406340618,0.005680295972279925
2017-10-17,-0.0038340450091300937,0.0011722552781390227,0.00117225527740894,0.005957693477832038
2017-10-18,0.0014208053279671784,0.00016955888090741666,0.00016955888101777283,0.001969742923003892
2017-10-19,-0.002645108068116575,0.0038001927296591465,0.0038001927306692274,0.0047927506051901325
2017-10-20,0.009547535374182292,0.008007677319736617,0.008007677319711304,0.008089651014696164
2017-10-23,-0.002628562204952889,-0.0023407365958149073,-0.0023407365957685,-0.01058060128333338
2017-10-24,0.0059181164219956894,0.0032494723075564558,0.003249472307658152,0.0029576936407935683
2017-10-25,-0.017972533985763817,-0.006508824352592368,-0.006508824352584042,-0.008927837326921928
2017-10-26,0.0046451029654162035,0.009481693008146053,0.009481693008010827,-0.007958502423644598
2017-10-27,0.015107647406915392,0.016058108797548876,0.016058108797131654,0.0069523004560976265
2017-10-30,-0.008496703804643957,-0.0008535230721027354,-0.0008535230718653697,-0.009179137686274541
2017-10-31,0.00718895862775315,0.006690022987509536,0.0066900229872866035,0.0031126689569831445
2017-11-01,-0.003820849000697568,-0.0016632407973563579,-0.0016632407972785312,0.0006289324053594392
2017-11-02,0.005609984492349396,0.007456948908033834,0.007456948908035832,-0.0018506354994078933
2017-11-03,0.011961770449443021,0.0067146131167996614,0.0067146131167996614,0.0035937718520897555
2017-11-06,0.008600180881311648,0.0028734693637875175,0.0028734693637879616,-0.0026309359652075814
2017-11-07,0.006446916770956657,0.004835312326290309,0.004835312326290531,0.0015228986743598405
2017-11-08,-0.0017735216174158408,-0.0013849180595301158,-0.0013849180595302268,0.0005267108392228437
2017-11-09,-0.01263071664324622,-0.006042955817080475,-0.006042955817080031,-0.0031994771479789685
2017-11-10,0.007452799645794483,0.0009991548480663415,0.0009991548480661194,0.0045134358166474264
2017-11-13,0.004226748487070164,0.0078153040336284,0.007815304033627957,0.0029466231503683105
2017-11-14,-0.002287709449222186,0.0012630308533918555,0.0012630308533922996,-0.0027362206750274343
2017-11-15,-0.00635669675506656,-0.0047667322192012085,-0.004766732219200764,-0.000899483662681555
2017-11-16,0.013393297007139982,0.008758964566353722,0.008758964566352612,0.011239665986377378
2017-11-17,-0.0018703486039695072,-0.002956668095805526,-0.0029566680958044156,-0.0029291170423937363
2017-11-20,0.0077422410179628365,0.006008203677345225,0.006008203677344781,-0.0008887954731576775
2017-11-21,0.010665821234161044,0.00611073141013585,0.006110731410135184,0.0008670233997998267
2017-11-22,-0.00470184795442663,-0.005095937656815597,-0.005095937656815708,0.0022410476629348697
2017-11-24,0.0034463612618746975,0.002954456324570698,0.002954456324570476,-0.00026695981610702635
2017-11-27,-0.0027140343845468706,0.0017501192195401583,0.0017501192195399362,-0.00642920348122944
2017-11-28,0.0041766375076282,0.008646268369586485,0.008646268369587151,0.011460956527385102
2017-11-29,-0.019717565636368284,-0.006545986135198523,-0.0065459861351978565,0.007772272301723282
2017-11-30,0.00818325373336326,0.012484007993905477,0.012484007993905033,0.006279233011448504
2017-12-01,-0.010648786745222405,-0.0055491895800777735,-0.0055491895800774405,0.0041031365539017095
2017-12-04,-0.02840237858446293,-0.020116055503738073,-0.02011605550373785,-0.025455315757214048
2017-12-05,-0.0006612692818784849,0.0004894317564094752,0.0004894317564094752,0.0020473188692853306
2017-12-06,0.0058176821872528706,0.00514798064583899,0.00514798064583899,0.008398545936428636
2017-12-07,0.015471589953750975,0.005825028859941295,0.005825028859941295,0.009400666024224513
2017-12-08,0.0028275574953158245,0.002939545668536825,0.0029395456685363808,-0.002327378562619553
2017-12-11,-0.0021728705527969128,0.0006515148253720682,0.0006515148253722902,0.004376534915619734
2017-12-12,-0.004094803788231349,-0.0003765185248476577,-0.00037651852484754667,-0.0027684774998468775
2017-12-13,0.0023809629795088494,0.0013485248801041738,0.0013485248801039518,0.0045763399157914275
2017-12-14,-0.0037415519446524215,-0.003240604662661739,-0.003240604662661961,-0.007067558728252266
2017-12-15,0.009633047958012453,0.007562448737840732,0.0075624487378413985,0.010669435517845827
2017-12-18,0.008158392335783748,1.1904344433544267e-05,1.1904344433100178e-05,0.010184139907933876
2017-12-19,-0.005429888499221769,-0.004783580746084981,-0.00478358074608487,0.000107724504576856
2017-12-20,0.002055102759761951,-0.0039051263894871457,-0.0039051263894870347,0.0012596544487593064
2017-12-21,-0.007961573669802213,-0.007893435299815121,-0.007893435299815565,0.002060106634774961
2017-12-22,0.001900785028564611,0.0011821638730271644,0.0011821638730271644,0.0024774091924615327
2017-12-26,-0.003428985926125838,-0.00010417524948080903,-0.000104175249480698,-0.0012396904611337023
2017-12-27,0.00206393684337125,0.00493774124088131,0.0049377412408815324,0.0016476578150570464
2017-12-28,0.0030699934705042953,0.0032997815047031143,0.0032997815047028922,0.0004740492857124856
2017-12-29,-0.007035188415278948,-0.00561900536397264,-0.005619005363972418,-0.006500656629890189
2018-01-02,0.012765597427286668,0.0016831707639384241,0.001683170763938202,0.02142861112330463
2018-01-03,0.016915430580100477,0.008735966359299185,0.00873596635929963,0.013512898237390214
2018-01-04,0.00216092008495794,-0.0016078939648219714,-0.0016078939648221935,0.008272863601381575
2018-01-05,0.011429441586125355,0.010951494656143534,0.010951494656143534,0.004313973173288188
2018-01-08,0.0074853094398084075,0.007023129544242668,0.007023129544242668,-0.0009046439857910427
2018-01-09,0.0036282665878426545,0.003282299682295875,0.003282299682296097,-0.0014202723966616482
2018-01-10,-0.0046126738066193385,-0.005544608630581482,-0.005544608630581704,-0.001350535367958372
2018-01-11,0.00330945859068299,0.0026494323611516712,0.002649432361151227,0.0033693752511994024
2018-01-12,0.006692615712863281,0.0007335774248291571,0.0007335774248291571,0.0028098521432444734
2018-01-16,-0.0034146274856052816,-0.0013612694243195778,-0.0013612694243195778,0.0016868095364119817
2018-01-17,0.02240668612656127,0.016151911157525234,0.016151911157525234,0.017659547388143126
2018-01-18,-0.005508836409632956,-0.00297390283554011,-0.0029739028355397767,-0.0009002196074139324
2018-01-19,0.005474038724783137,0.006563999000607446,0.006563999000607446,0.002414064523257098
2018-01-22,0.009905210692173538,0.004880871429003175,0.004880871429003175,0.006954005819875597
2018-01-23,0.006247618567833957,0.002282950964977104,0.002282950964976882,0.003788603655457745
2018-01-24,-0.0027615010205622736,-0.0003127064463678275,-0.0003127064463677165,-0.0010866816127630408
2018-01-25,-0.00023937429065101767,0.008584963430434245,0.008584963430434245,-0.004877529090802968
2018-01-26,0.00274971031834248,0.01283896051542932,0.012838960515429099,0.0062982910979128
2018-01-29,-0.02087531234601092,-0.01597779347486894,-0.015977793474869384,-0.00984952107859749
2018-01-30,-0.011002909678184736,-0.009742550299119523,-0.009742550299118968,-0.008928019734568027
2018-01-31,0.003046800967853036,0.004820950132508717,0.004820950132508717,0.005693950714868556
2018-02-01,-0.005543969461218157,-0.005439655073326444,-0.005439655073326666,-0.003194880625036589
2018-02-02,-0.025017265219965612,-0.015382639735573744,-0.015382639735573411,-0.028023717915798718
2018-02-05,-0.04008070800295638,-0.03391436291449801,-0.03391436291449812,-0.038787398715493526
2018-02-06,0.01979842704603585,0.006288026853705775,0.006288026853705775,0.02505467549206908
2018-02-07,-0.00356863821112241,-0.0012245026965883588,-0.0012245026965885808,-0.008708447804923525
2018-02-08,-0.04290463610027928,-0.03986529681486606,-0.039865296814865725,-0.044048526078983574
2018-02-09,0.015948307118075045,0.012758797185637105,0.012758797185637327,0.014364867542522974
2018-02-12,0.01661778047728424,0.012842244999784924,0.012842244999784702,0.016584265457162184
2018-02-13,0.002215518615021006,0.004548901301560049,0.004548901301560049,0.002558783541565024
2018-02-14,0.02197415198525432,0.014457910599416701,0.014457910599416257,0.014270171241397733
2018-02-15,0.008720110956569993,0.012993818589661199,0.012993818589661199,0.00926677371317064
2018-02-16,-0.0019603731454067574,0.004524149623429619,0.004524149623430285,0.004686289090142459
2018-02-20,0.003478938013416144,-0.011576103100539914,-0.011576103100540136,-0.012861166321274875
2018-02-21,-0.0075928065892892915,-0.005877176418855323,-0.005877176418855434,-0.008688201187718625
2018-02-22,0.0025069097749723657,0.004790712998056668,0.004790712998057112,0.003412838575149957
2018-02-23,0.0199129085092129,0.013385796622780166,0.013385796622779722,0.01369879442920885
2018-02-26,0.009548481243438545,0.006517171383050968,0.00651717138305119,0.011501787409776032
2018-02-27,-0.011216390093700235,-0.013946365240174119,-0.013946365240174563,-0.01465865810433109
2018-02-28,-0.009708833249467586,-0.011300746159134345,-0.011300746159134234,-0.014639715401444042
2018-03-01,-0.01805541170812197,-0.018717107975540048,-0.013823643230134741,-0.005413803664529704
2018-03-02,0.010746750210751888,0.0033862066600576224,0.0024208699521706123,0.005159357450774893
2018-03-05,0.01266324731170565,0.008514381994009002,0.006089489911391688,0.011070455924183209
2018-03-06,0.00916703451709866,0.0015838881514753655,0.001135473596599601,0.0025993833355448803
2018-03-07,-0.0010173374273970692,0.002906290991831373,0.0020832390889902186,-0.004562261275877333
2018-03-08,0.005257637414290084,0.008423660077273576,0.006046422793841932,0.005468708713901593
2018-03-09,0.02151188240823032,0.017638470811594864,0.012695716618428499,0.019506665974915238
2018-03-12,0.0010937637774222075,-0.0032221880539787806,-0.0023305151247013933,-0.006487987309058307
2018-03-13,-0.00603347592239889,-0.0019935477204557905,-0.0014377734935159259,-0.0031129522428926526
2018-03-14,-0.0022548210089150533,-0.0006328081817912334,-0.00045670336591296934,-0.006681497921211421
2018-03-15,-0.004248451842766898,-0.0017745465699843255,-0.001280042656247371,0.0007070340319363932
2018-03-16,0.004380561676815331,0.00028254480716882746,0.00020506019248545115,0.0031610668099408823
2018-03-19,-0.014493912763367645,-0.01187294852974552,-0.00856971548535379,-0.013403435187622326
2018-03-20,0.014039092752573312,0.00794267463471221,0.005713278526976673,-0.0006768274991437728
2018-03-21,-0.005349040036270236,-0.006370877091160687,-0.004593264961755272,-0.0013147733010839824
2018-03-22,-0.033970409243611166,-0.028716945505474323,-0.02066492586911517,-0.03332437290297052
2018-03-23,-0.023512691734284497,-0.016093973214740598,-0.011486559836667132,-0.019506089019058592
2018-03-26,0.03379630724028693,0.026523130480643475,0.01884539454516654,0.022047881534147384
2018-03-27,-0.033104859600981085,-0.01876903011027209,-0.013432589063275935,-0.02367769358380989
2018-03-28,-0.008273187295839035,-0.000587920456420199,-0.0004193764171482872,-0.0024145574516794
2018-03-29,0.02226094985131266,0.016909071868898007,0.012035608358788252,0.016470143115108637
2018-04-02,-0.029906335852739607,-0.025826206734245627,-0.014242875440977687,-0.03101534935710415
2018-04-03,0.012089435889466538,0.011157570117354298,0.005914737032257644,0.013054627595911583
2018-04-04,0.01339574388224074,0.00619736768346657,0.0033012255704623072,0.01758203882547149
2018-04-05,0.007219601893772243,0.011450257856068458,0.006118159868912176,-0.0004542038118843239
2018-04-06,-0.031072004343535187,-0.03069380620114559,-0.016488066686972558,-0.029311055394732888
2018-04-09,0.00797148324845609,0.009130738503686953,0.004833912292347975,0.00986638697023201
2018-04-10,0.025264374256198208,0.02041311521745892,0.01085026938831235,0.027823299448017424
2018-04-11,-0.004909187477913912,-0.006241398328159176,-0.0033493685595884504,-0.005979872196985592
2018-04-12,0.013731672782525628,0.011288221943277499,0.006040793040126502,0.01844644506491533
2018-04-13,-0.008475831206653961,-0.006962179630549459,-0.0037442985431229703,-0.008621353008946064
2018-04-16,0.0027048804168656737,0.00513289528719163,0.002749897298513604,0.004212147415734835
2018-04-17,0.023254063616611198,0.01727784774410046,0.009284487576312506,0.0004290188969406916
2018-04-18,0.00915294797160282,0.008389125615191562,0.004541710686439382,0.0007631519143689314
2018-04-19,-0.016284867784612023,-0.009973114347487377,-0.005419832394749413,-0.004163787585343526
2018-04-20,-0.013811861540412473,-0.008964878294848933,-0.00485211384456774,-0.006434233199698491
2018-04-23,-0.0036151501664992702,-0.005292640314375041,-0.0028540382540274134,-0.006581907284268329
2018-04-24,-0.023775167796389995,-0.025307413026110948,-0.013610688669073445,-0.01217984727183885
2018-04-25,0.0027089513779308128,0.002561838189174326,0.001357099699605957,0.004096164940907476
2018-04-26,0.025727297148274486,0.014195560438527544,0.007549391938522776,0.011925815911185245
2018-04-27,-0.0006038915129730205,-0.004472177084334894,-0.00239634403397615,-0.003145551462667151
2018-04-30,-0.00627022175191283,-0.00697864075676069,-0.0037269754794432286,-0.005796411738363649
2018-05-01,0.006823236337928806,0.0010846265600810145,0.00048610536161941553,0.0009352223301204443
2018-05-02,-0.01298064587622294,-0.010281351395698635,-0.005025590560748694,-0.010079521084746412
2018-05-03,0.006806157522049494,0.0049622603452479375,0.002412792998036428,0.003730972074633687
2018-05-04,0.011349042230555995,0.008090687262139351,0.0039462588764827,0.012825811757518624
2018-05-07,0.012100891009134696,0.007925129978539669,0.003880245493337764,0.00027562100033518
2018-05-08,0.0042717179880533696,0.0013397914865063143,0.0006558835309431466,-0.0005518704669356111
2018-05-09,0.019129074693421844,0.012511846479004607,0.0061555631839953495,0.005471723722629163
2018-05-10,0.011642914379589753,0.007791083909196139,0.0038569609149030626,0.008900795858544086
2018-05-11,0.0019247592218374354,0.00433595894191896,0.0021535779915147213,0.011202867787418969
2018-05-14,-0.00010125259879367743,0.0010671344697175122,0.0005328138160660689,0.0008016208220640308
2018-05-15,-0.0032516849327417496,-0.00553127499504702,-0.002759025758610867,-0.0043212148359970115
2018-05-16,0.010362831859301425,0.005167498716392105,0.002567268036504533,0.008293002599744526
2018-05-17,-0.0059840029487067126,-0.0014069497942662545,-0.0006986790158424183,0.004872758348664075
2018-05-18,0.004388280305661629,0.006914476748616671,0.003441660519098999,-0.0012938887192704973
2018-05-21,0.011155726136184763,0.009280026220173099,0.00463550152096337,0.0004759078639864356
2018-05-22,-0.008984938061351588,-0.007708893701087516,-0.003869668647218605,-0.001242381440789364
2018-05-23,0.011227461928721594,0.008349707897376213,0.004176177071721243,0.00424856738956958
2018-05-24,0.008766652575546319,0.0038330742266718953,0.0019247967597479931,-0.0016107669828717697
2018-05-25,-0.0022930132678765647,-0.0028217101444570902,-0.0014196966566684122,-0.00033523881144958967
2018-05-29,-0.003645677725432561,-0.008891789925071558,-0.004466712852639998,-0.013824392584787515
2018-05-30,0.0076249038635378685,0.0174418032621948,0.008723493069101584,0.019069528668717473
2018-05-31,-0.012105771135484611,-0.0095969466788568,-0.004839950219265199,-0.010424107689926632
2018-06-01,0.01940785886344054,0.020268688065336216,0.012567092064089014,0.007463168693154776
2018-06-04,-0.010387954122315524,-0.01548646398519582,-0.010578347468262694,0.0023041055543409072
2018-06-05,0.010996546100490168,0.007882442069454099,0.005367082142590407,-0.001250434962150604
2018-06-06,0.009107376657510935,0.01137064314055114,0.007757298030790727,0.011847957957934696
2018-06-07,-0.0109331324510481,-0.007775607173135302,-0.005321751876623426,0.003834963946805159
2018-06-08,0.007306279994388376,0.005064470270519372,0.003461541797091794,0.0028414087138388666
2018-06-11,0.001490959415045623,0.001467584740796335,0.0010049537548195708,-0.0006716092442990984
2018-06-12,0.006011009335110007,0.003987532232113455,0.0027319370867748827,-0.0003255729718356637
2018-06-13,-0.003907285409625705,-0.0028609124060170465,-0.001963523978070203,-0.003155479816056017
2018-06-14,0.003132458477456357,0.00221519180316454,0.0015159363909431622,0.002976551239108449
2018-06-15,0.0004049550954456915,0.0029025164921665514,0.00198926710055658,-0.007090548772858529
2018-06-18,0.002487271759388232,0.0002194876670902346,0.00015195461243266983,-0.0004677870109333071
2018-06-19,-0.00785806387488952,-0.007031043223587274,-0.004824154585858609,-0.009263948570725322
2018-06-20,0.004427442161739847,0.0013667122737699433,0.0009333383896223957,-0.0016316982117898782
2018-06-21,-0.011588364992989875,-0.011121509762689774,-0.007614850918077676,-0.009624022865506565
2018-06-22,-0.016183280099014263,-0.006128533061848018,-0.004182790052391305,0.0003605129490094061
2018-06-25,-0.025845638905137802,-0.02003227580291711,-0.0136345126686922,-0.018437694865413468
2018-06-26,0.010071689985602816,0.0046701832666238285,0.003160353358771406,-0.0005609831600050796
2018-06-27,-0.019101123892818483,-0.014390033515039091,-0.009747405978690282,-0.01686372109166734
2018-06-28,0.007101107713299859,0.007568125388619951,0.005103370615071601,0.009291228684726649
2018-06-29,0.0011453063291733123,0.0010441825777836033,0.0007059502837820641,-0.0009673354165801173
2018-07-02,0.0030318926691408343,0.0012070832990531688,0.001096252814503318,0.00734950234123799
2018-07-03,-0.012876098872357855,-0.006105717080997608,-0.004338312661706478,-0.010779453768546943
2018-07-05,0.007483646616200268,0.004568634335504029,0.003243091363731132,0.012022861179352473
2018-07-06,0.008031308515391133,0.007594191847217324,0.00539815014089795,0.010500158288803352
2018-07-09,0.008606099487092234,0.01072777726525831,0.007640390528153684,0.01930140704117611
2018-07-10,0.006144069750857906,0.0033137746723115313,0.002367028158628104,0.005239856171646684
2018-07-11,-0.012315578786721737,-0.006920779827162549,-0.004948985314262688,-0.013600557992457407
2018-07-12,0.013422596433971368,0.013771907002389172,0.00983336416033942,0.006387305246625674
2018-07-13,0.0023124135604646323,0.0005217217864548207,0.0003747807104201861,0.002158706163701618
2018-07-16,0.002871176644474005,-0.00044166838455805824,-0.0003191639433883786,0.0019317765035309353
2018-07-17,0.006595273644521837,0.005246285392182415,0.0037629703593962116,0.0019888051699468168
2018-07-18,0.008238383375758884,0.0016804509328873785,0.0012053016588704502,0.0011400007551387592
2018-07-19,-0.00010460025671799045,-0.004257818621621334,-0.003056430187821424,-0.0034147518576929103
2018-07-20,-0.0036098755461377863,0.0011201623956798024,0.0008040855452493556,-0.003265503132397596
2018-07-23,0.0009355724526856068,0.0023835627624833045,0.0017096776497953492,-0.0021856206991704985
2018-07-24,-0.010513052830763203,-0.004594091459408922,-0.003295656468479513,0.005062631376309357
2018-07-25,0.01949496067224299,0.020403564380777395,0.014626572123610071,0.001687470918978029
2018-07-26,-0.0027571244804661665,-0.0048478027335343565,-0.0034994831741727017,0.003225813429923674
2018-07-27,-0.014386665447221003,-0.012404911992867307,-0.008930961106991653,-0.003191230486859431
2018-07-30,-0.015147896302704189,-0.01742514928234251,-0.012503193867623774,-0.01461865945346752
2018-07-31,-0.005170862595685111,0.006940653057445179,0.0049552878197078876,0.0038111510906864154
2018-08-01,-0.005807055840997055,-0.0038751764626840934,-0.002952438575709926,-0.0007544417848250884
2018-08-02,0.02033161577969267,0.010861470455875155,0.009931512555268585,0.007441967177344022
2018-08-03,-0.0015846856509412754,-0.0014240601089036131,-0.001302261742133437,0.0036018775560473504
2018-08-06,0.008111020044667239,0.00938069044584533,0.00858580514363494,0.005582316434104673
2018-08-07,0.006110891888216674,0.012112760129272981,0.01109411920740544,0.008173293889160549
2018-08-08,0.00807557400619574,0.0015561989884524952,0.0014294862386756702,-0.0005090740050973652
2018-08-09,0.004133440571571612,-0.00439383494237322,-0.0040317311655126975,-0.007714602742149079
2018-08-10,-0.004274385130994984,-0.0010148007393906422,-0.000928396709441448,-0.006550985957429978
2018-08-13,-0.006374864691989224,-0.004621984422377823,-0.004234518056417724,-0.01042676979576529
2018-08-14,0.01530096988655516,0.013408351842052468,0.012289241792694305,0.0031275478732257778
2018-08-15,-0.031908731710237004,-0.020576066130808646,-0.018867926372659882,-0.01011686056054828
2018-08-16,0.002175532062285601,0.003307813349536337,0.0030300849496804894,0.010624506877122686
2018-08-17,0.0047936750429491415,0.002415587517178519,0.0022146870066002133,0.0036549527388916037
2018-08-20,0.01639771238835963,0.00936732527114259,0.008583643454465717,0.00982665698816354
2018-08-21,0.009051881875693057,0.004105450882400996,0.0037644362656683583,0.012763235080419877
2018-08-22,0.005172063123367154,0.005614445531575196,0.005146264078369711,0.00529855024084025
2018-08-23,0.004116104898368889,0.004356311213359998,0.003998244273135665,-0.0006071143931577483
2018-08-24,0.006980598109016745,0.011402039258328278,0.01046262262648523,0.009113962709110135
2018-08-27,0.008173335739042331,0.005121029769646457,0.004702209867170071,0.0065149364034708945
2018-08-28,0.0013882747693956254,0.0020634828444596742,0.001895651663441189,-0.0011783789084485186
2018-08-29,0.005220906583926821,0.006920851678400286,0.006358402745037184,0.00040710902616192257
2018-08-30,-0.005132019621592154,-0.004388018509089542,-0.004039356557304363,-0.004801765771561439
2018-08-31,0.0019059487424719634,0.0011732714603160943,0.0010804811203959375,-0.0013505531918437397
2018-09-04,0.0005113334887065779,0.0032864708617963423,0.003301429524839916,-0.004224987974829952
2018-09-05,-0.022253899091194684,-0.014952395873402802,-0.014952161755994453,-0.003759130202470984
2018-09-06,-0.007134667539375417,-0.0022716605378810817,-0.0022709487755192548,-0.003795415289018056
2018-09-07,-0.0033924589201603794,-0.005254908447640316,-0.00525481413245521,-0.0024239067845864826
2018-09-10,0.008267154834951551,0.0038871833379350296,0.003886770176066312,0.0014917403024032883
2018-09-11,0.0043446869397747445,0.005264187110471497,0.005263812616789654,-0.002190438098195524
2018-09-12,-0.0013565979635051795,-0.0016159176425073474,-0.0016160384734014155,-0.0009384855818801441
2018-09-13,-0.000777326864322081,0.004931155798637121,0.004931334036950785,0.008891241188976773
2018-09-14,0.00032847910064792707,0.0012962040427797472,0.0012952417932294846,0.0019180890802985573
2018-09-17,-0.016178456522992546,-0.012567849303912748,-0.012567538104441223,-0.0038761327171225046
2018-09-18,0.012931891026577436,0.010450338494124356,0.010450429712471676,0.008579129136776276
2018-09-19,-0.01537824579764746,-0.02096146593031223,-0.02096138545395443,0.004802553250303765
2018-09-20,0.005707608351240623,0.003828118268097258,0.003828241905607488,0.009054653844558835
2018-09-21,-0.0033539332455351234,-0.0004867104989343396,-0.0004867660328036205,-0.0001928658050203147
2018-09-24,0.0030281562551670582,0.002313849545507729,0.0023134431745353012,0.00464098410042868
2018-09-25,0.004403465069872103,0.006350271638916549,0.0063498770330427945,-0.00020046164514619935
2018-09-26,0.00035568981263667254,-0.00273190356233044,-0.002732116868329415,-0.0028142413388476673
2018-09-27,5.208635014875007e-05,-0.002099183413298733,-0.0020992247352907834,0.0030128735641785642
2018-09-28,0.002366098553899576,0.002563626194176827,0.002563751546446724,-0.0035196133041064392
2018-10-01,0.0016353705754319492,0.00037296037901257684,0.00037301651334553654,0.004797117744607116
2018-10-02,-0.019004139187587255,-0.009036879820352839,-0.009036880080779408,0.00019802878425467796
2018-10-03,0.0009917038562674563,0.005761077018613392,0.005761076506854534,0.005071054455250579
2018-10-04,-0.0224317490259619,-0.017235498262676563,-0.01723549785120493,-0.0004206841055227617
2018-10-05,-0.007397879848278999,-0.0037230600988806817,-0.003723059878046331,-0.0033964685619164436
2018-10-08,-0.015651132135502732,-0.013561469588789898,-0.013561469507112567,-0.008251601717455648
2018-10-09,-0.001919307226813216,0.00029462715378958393,0.0002946273547286271,-1.5258860664446594e-05
2018-10-10,-0.045990918485846466,-0.05013281329818231,-0.05013281315238616,-0.0411343435237006
2018-10-11,-0.012653292252304715,-0.01754680260416308,-0.017546802190333555,-0.011410640978181452
2018-10-12,0.0311137887459918,0.025177219282838337,0.025177219328667233,0.025936850451248494
2018-10-15,-0.014539177861877417,-0.012533217498285953,-0.012533217106502681,-0.010055995493691294
2018-10-16,0.027414181951790795,0.024855715793337563,0.024855715893184804,0.019728175458144204
2018-10-17,-0.005696027392320113,-0.0004978580411043598,-0.0004978582677818144,-0.0017797406465542842
2018-10-18,-0.016065090855640007,-0.015321897359103054,-0.015321897714138832,-0.01918462735555526
2018-10-19,-0.023564660162431528,-0.01954495316988092,-0.019544952168236263,-0.004342187760647986
2018-10-22,0.00403893919543763,0.009659901210907096,0.00965990102865888,-0.00830010274482651
2018-10-23,-0.008157020012222849,-0.012164399323842834,-0.01216439955992732,-0.020094633653577443
2018-10-24,-0.0494918681581743,-0.036284536658225175,-0.03628453637748208,-0.04273926648538562
2018-10-25,0.010668260024272458,0.028536003138807997,0.02853600363890707,0.012494758583645238
2018-10-26,-0.02699430616730858,-0.019493994274405013,-0.019493993922740982,-0.019932165418471315
2018-10-29,-0.009298795547224903,-0.006748575519737732,-0.006748575677073543,0.009168691313624855
2018-10-30,0.02496431356673412,0.018891630980525376,0.0188916312488141,0.0
2018-10-31,0.014045138899062337,0.02097782872831977,0.02097782871075715,0.0
2018-11-01,-0.0002510601328649109,0.00021731290780979684,0.00021731306493233404,0.0
2018-11-02,0.0,0.0,0.0,0.0
2018-11-05,0.0,0.0,0.0,0.0
2018-11-06,0.0,0.0,0.0,0.0
2018-11-07,0.0,0.0,0.0,0.0
2018-11-08,0.0,0.0,0.0,0.0
2018-11-09,0.0,0.0,0.0,0.0
2018-11-12,0.0,0.0,0.0,-0.028385997871931967
2018-11-13,0.0,0.0,0.0,-0.001163494620468608
2018-11-14,0.0,0.0,0.0,-0.010469731697516305
2018-11-15,0.0,0.0,0.0,0.014052499782052807
2018-11-16,0.0,0.0,0.0,-0.009763179528413435
2018-11-19,0.0,0.0,0.0,-0.005906469333118669
2018-11-20,0.0,0.0,0.0,0.0
2018-11-21,0.0,0.0,0.0,0.0
2018-11-23,0.0,0.0,0.0,0.0
2018-11-26,0.0,0.0,0.0,0.0
2018-11-27,0.0,0.0,0.0,0.0
2018-11-28,0.0,0.0,0.0,0.0
2018-11-29,0.0,0.0,0.0,0.0
2018-11-30,0.0,0.0,0.0,0.0
2018-12-03,0.0003413167841594955,-0.0033855138684119046,-0.0021744204406921597,-0.0013309795700913174
2018-12-04,-0.03245252261009224,-0.026399744471645947,-0.016935234341406535,-0.03244605284809965
2018-12-06,0.005608715677008158,-0.0001241310072365165,-7.886245910759815e-05,-0.007538780313225635
2018-12-07,-0.032673050116700075,-0.02604071777838146,-0.016543344924395798,-0.010714485407053664
2018-12-10,0.004603888007695067,0.00843198473780249,0.0053050045792149,-0.0027300088565214153
2018-12-11,-0.003764630150289827,0.0004918271973168853,0.0003103968173403526,0.0
2018-12-12,0.0020373705027418865,0.009716525247496,0.006133303626196573,0.0
2018-12-13,-0.01479772871770757,-0.004412111933698282,-0.002794949353121412,0.0
2018-12-14,-0.016637523119335418,-0.02401816337438223,-0.015190160070389092,0.0
2018-12-17,-0.03260128746439939,-0.027547475803928023,-0.017266078938223295,0.0
2018-12-18,0.01209351006442727,0.0009016740031395631,0.0005592344555400697,0.0
2018-12-19,-0.02312650466331434,-0.011511133578776978,-0.007141855807203612,0.0
2018-12-20,-0.022523261822540497,-0.016086061105159977,-0.009936359079431134,0.0
2018-12-21,-0.022858767370041333,-0.019083286508988273,-0.011714526403788006,0.0
2018-12-24,-0.020672928582350147,-0.023794510482434195,-0.014497665059956977,0.0
2018-12-26,0.05765347052993408,0.04889100773690447,0.0295075984174753,0.0
2018-12-27,0.0065475753822821225,0.009263117150231537,0.005695906318103683,0.0
2018-12-28,-0.0002220077441219548,-0.0023011449501790793,-0.0014199968379535743,0.0
2018-12-31,0.014559792453614495,0.01311507148879576,0.008085942942635205,0.0
2019-01-02,-0.01853238168252025,-0.01731093847051246,-0.01072609996707985,0.0
2019-01-03,0.0,0.0,0.0,0.0
2019-01-04,0.0,0.0,0.0,0.0
2019-01-07,0.0,0.0,0.0,0.0
2019-01-08,0.0,0.0,0.0,0.0
2019-01-09,0.0,0.0,0.0,0.0
2019-01-10,0.0,0.0,0.0,0.0
2019-01-11,0.0,0.0,0.0,0.0
2019-01-14,0.0,0.0,0.0,0.0
2019-01-15,0.0,0.0,0.0,0.0
2019-01-16,0.0,0.0,0.0,0.0
2019-01-17,0.0,0.0,0.0,0.0
2019-01-18,0.0,0.0,0.0,0.0
2019-01-22,0.0,0.0,0.0,0.0
2019-01-23,0.0,0.0,0.0,0.0
2019-01-24,0.0,0.0,0.0,0.0
2019-01-25,0.0,0.0,0.0,0.0
2019-01-28,0.0,0.0,0.0,0.0
2019-01-29,0.0,0.0,0.0,0.0
2019-01-30,0.0,0.0,0.0,0.0
2019-01-31,0.0,0.0,0.0,0.0
2019-02-01,0.0,0.0,0.0,0.0
2019-02-04,0.0,0.0,0.0,0.0
2019-02-05,0.0,0.0,0.0,0.0
2019-02-06,0.0,0.0,0.0,0.0
2019-02-07,0.0,0.0,0.0,0.0
2019-02-08,0.0,0.0,0.0,0.0
2019-02-11,0.0,0.0,0.0,0.0
2019-02-12,0.0,0.0,0.0,0.0
2019-02-13,0.0,0.0,0.0,0.0
2019-02-14,0.0,0.0,0.0,0.0
2019-02-15,0.0,0.0,0.0,0.0
2019-02-19,0.0,0.0,0.0,0.0027215825611923705
2019-02-20,0.0,0.0,0.0,-0.0016147360624483298
2019-02-21,0.0,0.0,0.0,0.0010777201479359455
2019-02-22,0.0,0.0,0.0,0.0075818617054435045
2019-02-25,0.0,0.0,0.0,-0.003352974065424341
2019-02-26,0.0,0.0,0.0,0.0005663236722159848
2019-02-27,0.0,0.0,0.0,-0.006367900589301256
2019-02-28,0.0,0.0,0.0,0.0005273535139822538
2019-03-01,-0.001048637011390352,0.0017822350606320203,0.0011086253827119474,0.008511437081533568
2019-03-04,-0.008013152706011883,-0.005921765111772559,-0.003686066233176688,-0.01021690995986757
2019-03-05,0.0016619597381306583,0.001732802643682474,0.0010761812482316113,-0.002856170066911634
2019-03-06,-0.01121873060824552,-0.00752250756377193,-0.0046750226443155185,-0.013160023365675122
2019-03-07,-0.004512931662148167,-0.002871360850110971,-0.0017793632810481075,-0.01155319045033798
2019-03-08,-0.004261443159615297,-0.001241091608845335,-0.0007682548929960342,-0.00222168572370407
2019-03-11,0.010986261221112015,0.0066432225024639635,0.004110311511150044,0.01825877256696251
2019-03-12,0.0067678028185202965,0.007737328348432326,0.004799335526664006,0.00512497024555203
2019-03-13,0.004540557248700505,0.005161569809664757,0.003210996985167913,0.013263250438707574
2019-03-14,-0.0026681973194168096,0.00017348057165689212,0.000108131574963366,-0.0002277178783749445
2019-03-15,0.005111062089168339,0.004104067612856754,0.0025582593364330553,0.005080211190066963
2019-03-18,0.0011999549300862888,-0.0009648728191334888,-0.0006023781915739379,0.003469087888801292
2019-03-19,0.006853080765139463,0.0002756463779685081,0.00017202592639775638,0.0009455910187190497
2019-03-20,0.001416477084376977,-0.0004481598332154446,-0.00027971743473464983,-0.0062968266480616375
2019-03-21,0.022809895786492396,0.015362202229570077,0.009586650718850898,0.013588096421279339
2019-03-22,-0.0155048158658051,-0.009328378414965033,-0.005854596582213545,-0.014004384355037702
2019-03-25,0.00700589572579835,0.0057739724483958366,0.003611148436074796,-0.004409331091242974
2019-03-26,0.0046316039950999865,0.007081096159910816,0.004438191537779579,0.009820134515171608
2019-03-27,-0.008425087728952452,-0.005292226887344431,-0.003325716540158674,-0.002345289931122374
2019-03-28,0.006177111055297724,0.0035571823395790236,0.0022309773550077683,0.006638094847698062
2019-03-29,0.006426060162805447,0.005572864216236928,0.003499788482996591,0.009922549719210805
2019-04-01,0.006881091837563691,0.0006591549355852155,-0.0011134775238295092,0.007510823356648766
2019-04-02,0.0012635264538496394,0.0018435340961897584,0.001843941981995778,-0.003739304207982519
2019-04-03,0.008385096873095188,0.0001336861824117186,0.0001346358490348365,0.010473570640197716
2019-04-04,-0.008556765170002922,-0.00652904160819856,-0.006530483091915507,0.0007663433892064475
2019-04-05,0.005456692487496584,0.005941593803169498,0.005941282278299154,0.0067880754025280154
2019-04-08,-0.00038322887838926345,-0.001967545595529141,-0.0019665813759500717,-0.0025387595926539275
2019-04-09,-0.00543537274569994,-0.001983729687561664,-0.00198440102778763,-0.0023902330408329675
2019-04-10,0.008274527546426214,0.005044601860500819,0.0050448830161486935,0.0026510896075739865
2019-04-11,-0.0009613368064642636,-0.0008718859380520971,-0.0008697481704359467,-0.0019706284948440844
2019-04-12,5.8064502767241066e-05,2.3253612822626835e-05,2.4158522864858867e-05,0.0025943681422821996
2019-04-15,0.0012983667493429163,0.0011631129849685173,0.0011634811626999308,-0.0013790979779484402
2019-04-16,-0.013566780820344793,-0.019330148421335402,-0.019325508122617463,-0.012187868523722889
2019-04-17,-0.01728881342441646,-0.01587278262892755,-0.015868892491450848,-0.01454794706367013
2019-04-18,0.002509766256144186,0.003158869044288526,0.003156355933068733,0.005689623909429953
2019-04-22,4.8905317248770785e-05,-0.0028228141974604437,-0.002821848389132242,-0.0018574271832640932
2019-04-23,0.014777299740464711,0.01620985798459329,0.016210251376675533,0.015167653942928627
2019-04-24,0.003839661686144691,0.004315818603403354,0.004314117048350052,-0.0016383195230429415
2019-04-25,-0.004820153062242372,-0.0035909031037557604,-0.003592282077533704,0.009322056766365439
2019-04-26,0.004636318938240347,8.064297715826285e-05,7.89851816727083e-05,0.010145266328914992
2019-04-29,-0.006961373684085448,-0.007584182585147703,-0.0075845557011737785,-0.00517740297344893
2019-04-30,0.005049658968804938,0.009235712299716203,0.009236452686265606,0.005589087243486723
2019-05-01,-0.012779680094524348,-0.013056769983402772,-0.01305892208046966,-0.015866609543368493
2019-05-02,0.011682060701639907,0.0073783950481671745,0.007378393910816516,-0.0011229783305337637
2019-05-03,-0.0008803252442274312,0.004368676878228284,0.004368676985083697,0.008716457847770975
2019-05-06,-0.003927960702565514,-0.0026017919187127925,-0.0026017916390611573,-0.001385083706424317
2019-05-07,-0.01968556716212233,-0.0174585709687346,-0.017458569977776284,-0.010451746933167416
2019-05-08,-3.546680982502437e-05,-0.0003263766555366976,-0.000326376047417809,0.0017670619881797744
2019-05-09,0.002016830196426511,0.0010768217827310522,0.001076820873995521,-0.006728761085187496
2019-05-10,0.006689970115388855,0.006809971810107784,0.006809970964382517,0.004485889424090228
2019-05-13,-0.01854810861212952,-0.010962508216400435,-0.010962511163707056,-0.02859034206236255
2019-05-14,0.008785326199473698,0.0055018533190756,0.005501852767703763,0.01267688943946621
2019-05-15,0.004548109442485959,0.006139352468296444,0.0061393526631889905,0.008707384712065558
2019-05-16,0.008943168700012771,0.008100460712736401,0.008100459420576023,0.0037777823461988547
2019-05-17,-0.006540617748829081,-0.004251285677185801,-0.004251287319947061,-0.010397235276734085
2019-05-20,-0.012374531898929453,-0.011145758283059637,-0.011145759275326461,-0.013576873961663072
2019-05-21,0.01045682239730894,0.008390841394778636,0.008390842773602136,0.014517397952731992
2019-05-22,0.004758630337411862,0.004893300951877011,0.004893300372846632,-0.008904735759660443
2019-05-23,-0.011110247450864752,-0.003596972180566871,-0.0035969725060081004,-0.012045069121586205
2019-05-24,4.154988183557862e-05,0.002123332322563787,0.0021233338265838064,0.0035677577122905646
2019-05-28,-0.0012290709548877787,-0.00709816288231202,-0.0070981622599756156,-0.006374216451348946
2019-05-29,-0.009803144060655522,-0.008883946630256268,-0.008883945777817148,-0.0034109957939566504
2019-05-30,0.014821429874400716,0.012640751493639302,0.012640753457485943,-0.002505858703950592
2019-05-31,-0.010064970346372548,-0.0064248459451614615,-0.006424847102839415,-0.017109555711198987
2019-06-03,0.0019412118157959846,0.0012181861983215914,0.0012181855700641453,0.0028822073527270398
2019-06-04,0.0,0.0,0.0,0.0
2019-06-05,0.0,0.0,0.0,0.0
2019-06-06,0.0,0.0,0.0,0.0
2019-06-07,0.0,0.0,0.0,0.0
2019-06-10,0.0,0.0,0.0,-0.0009779718757217948
2019-06-11,0.0,0.0,0.0,-0.002964151669018311
2019-06-12,0.0,0.0,0.0,0.0004760512153070273
2019-06-13,0.0,0.0,0.0,0.008678068477673495
2019-06-14,0.0,0.0,0.0,-0.0034307979636841734
2019-06-17,0.0,0.0,0.0,-0.00035384806414240355
2019-06-18,0.0,0.0,0.0,0.021601352155259823
2019-06-19,0.0,0.0,0.0,0.004574050002823293
2019-06-20,0.0,0.0,0.0,0.014031259361095394
2019-06-21,0.0,0.0,0.0,-0.004038555172734326
2019-06-24,0.0,0.0,0.0,-0.004574277409560734
2019-06-25,0.0,0.0,0.0,-0.00906980768304022
2019-06-26,0.0,0.0,0.0,-0.0007997520375497835
2019-06-27,0.0,0.0,0.0,0.006124993201707785
2019-06-28,0.0,0.0,0.0,0.008524805517059253
2019-07-01,-0.004256089877257785,-0.001341152806960233,-0.001341152806960677,0.004844769582692088
2019-07-02,0.010082419142590338,0.010103205706326168,0.01010320570632639,0.007007735025189588
2019-07-03,0.01368576978087055,0.013941754159206399,0.013941754159206177,0.00905810666690754
2019-07-05,-0.0022717620722002563,-0.004990220796679545,-0.004990220796679434,-0.003993580463617863
2019-07-08,0.000514608663474414,-0.0007751657959544911,-0.0007751657959544911,-0.006314504295525714
2019-07-09,0.0035964893109223794,0.0007779959813720705,0.0007779959813720705,4.8119200184881805e-05
2019-07-10,0.004614250207773951,0.0035739417211226865,0.0035739417211226865,0.004722116699976908
2019-07-11,-0.0037464269894498248,-0.0022117076516586787,-0.0022117076516589007,0.007503185930093803
2019-07-12,0.005332154957979007,0.0013989091775561402,0.0013989091775561402,0.013963890846001359
2019-07-15,0.005607541798713367,0.003970875454021527,0.003970875454021305,0.0002955113466243109
2019-07-16,-0.0019187727249090347,-5.507400210946756e-05,-5.5074002109356535e-05,0.001409171593553582
2019-07-17,-0.0036453679296402086,-6.421065354766942e-05,-6.421065354733635e-05,-0.004313474862485123
2019-07-18,0.005570954148180318,0.006566054232649776,0.006566054232649554,0.001141934116771992
2019-07-19,-0.013106340810604578,-0.010394199799382386,-0.010394199799382609,-0.0076019108245301
2019-07-22,0.0017627352783209371,0.0008810671919481372,0.0008810671919483593,0.001476062027131908
2019-07-23,0.0010985507495335778,0.0013523423520109823,0.0013523423520107603,0.005624275657852618
2019-07-24,0.003352280560535048,-0.004424820232693083,-0.00442482023269275,0.0034877856980175537
2019-07-25,-0.0015290418032650743,0.002643974246119507,0.002643974246119285,-0.0024180979445074247
2019-07-26,0.012221233342971205,0.014256369219793896,0.014256369219793896,0.006779094881434133
2019-07-29,-0.0026737087935856385,0.0012062183241705604,0.0012062183241710045,-0.002201860307991854
2019-07-30,-0.0010430966491454807,0.0013018390987804551,0.001301839098780233,0.003881836744142886
2019-07-31,-0.012866460064087759,-0.009330493812101603,-0.009330493812101492,-0.008118300505463805
2019-08-01,-0.005616633797506765,-0.002159164832183369,-0.002159164832183591,-0.012930423737378516
2019-08-02,-0.011926613719186907,-0.0029577020360298523,-0.0029577020360296302,-0.011571618002203521
2019-08-05,-0.030900546159545517,-0.02167583363032133,-0.021675833630321217,-0.026920341548056226
2019-08-06,0.018147298604571427,0.015119608943617857,0.015119608943617857,0.010048186463908593
2019-08-07,0.0029823108885667082,0.0038658856576745393,0.0038658856576743172,-0.004463206184298407
2019-08-08,0.029556491588317746,0.0149377656330274,0.014937765633027622,0.024513349604779577
2019-08-09,-0.0036007266250931425,0.0034372740652672817,0.0034372740652672817,-0.011344066642015371
2019-08-12,-0.016835034597230347,-0.009693893867705583,-0.009693893867705694,-0.014279732406278889
2019-08-13,0.014482483352769915,0.010357477441574003,0.010357477441573781,0.017889585058597612
2019-08-14,-0.03326451429102317,-0.02392668054590752,-0.02392668054590741,-0.03579451150277824
2019-08-15,0.010400258386662475,0.013164504062453286,0.013164504062453064,-0.007617266417632829
2019-08-16,0.012887938479174244,0.007884346101352913,0.007884346101353357,0.024123840058976054
2019-08-19,0.007194774026757278,0.0073767677584233304,0.007376767758423108,0.015471316252314349
2019-08-20,-0.005102327969048748,-0.0063384182623379415,-0.006338418262337497,-0.008903679995295954
2019-08-21,0.012102665305903537,0.009115220485203857,0.009115220485203634,0.011467785405622877
2019-08-22,0.007676431066027112,-0.0011879741778867414,-0.0011879741778862973,0.001956947331371195
2019-08-23,-0.027393757775912908,-0.019054792772033036,-0.019054792772033147,-0.03313256173832024
2019-08-26,0.013696619387771891,0.012670754545874185,0.012670754545873963,0.005218908289212232
2019-08-27,0.0020972773126086697,0.003510122177335262,0.003510122177335484,-0.008700017667233273
2019-08-28,0.006057409201422725,0.0046956316970243606,0.004695631697024583,0.009761145938394389
2019-08-29,0.010861100758488007,0.004674355573430544,0.004674355573430322,0.014163048242789023
2019-08-30,-0.0016362968867829064,-0.0009220325336033453,-0.0009220325336033453,0.003483852349021044
2019-09-03,-0.004228025958123882,0.0045086893870034395,0.0038341169410189835,-0.0016960341290471748
2019-09-04,0.005505780112585512,0.007130798802633009,0.006469981248564238,0.0093913467189648
2019-09-05,0.005514262368313316,-0.0034818571570410795,-0.0031649442352058577,0.008124569750912691
2019-09-06,-0.0009672965271551037,0.0014063099028922554,0.0012753350905354566,0.002071969685862207
2019-09-09,-0.024894014261533814,-0.025939836805673355,-0.02354939425291236,-0.007240503689958433
2019-09-10,-0.01778969875707148,-0.02630930938532694,-0.02382602899680286,-0.005015338693497462
2019-09-11,0.0013667637484657824,0.0012095685076229934,0.0010946000924461075,0.010459268493985485
2019-09-12,0.007386003245757111,0.00942682688351626,0.00851549977912236,0.0009795877495504257
2019-09-13,-0.00922774175754748,-0.009260649476490412,-0.008374057728077977,-0.002249296972574477
2019-09-16,-0.005371134150805701,-0.0043537006581994,-0.003932101422940537,-0.00369891674306555
2019-09-17,0.020077169112412863,0.017916182600902664,0.016181129931069682,0.01072554932069969
2019-09-18,0.0006164184624202207,0.003961088549169434,0.0035830346444307715,-0.0022768116667356564
2019-09-19,0.0005566249957429381,0.002021575261935915,0.001830216028386511,0.003235265631832851
2019-09-20,-0.0005849174792176282,-0.002556523634388519,-0.0023140928563529783,-0.004313222077969581
2019-09-23,0.004030426792888564,-0.00027380355514461385,-0.0002478020792477942,0.0006644609742938457
2019-09-24,-0.004461166189286825,0.0018192283351066152,0.0016504303625239913,-0.012924798758767508
2019-09-25,-0.0041495303434953,-0.002525431218802665,-0.0022846667468761073,0.013241481907368735
2019-09-26,0.002484364519805604,0.005444786507195376,0.004927901360960885,-0.003997656232120117
2019-09-27,-0.009393900332764438,-0.010069872888762044,-0.009116150402059597,-0.009375467656291159
2019-09-30,0.009953352410242422,0.007151005005742617,0.006466415149719351,0.0045794087972934605
2019-10-01,-0.010712548665150035,-0.007842350206715643,-0.006860002630883266,-0.01436397625465824
2019-10-02,-0.013032739031565543,-0.01404059013714476,-0.01218600243844814,-0.01857177675679278
2019-10-03,0.011937264423015792,0.009750828150331126,0.008445694611437293,0.009773276154724675
2019-10-04,0.014121391678657558,0.015160162913092856,0.013149211101310287,0.010491529301023483
2019-10-07,-0.004927622898041384,-0.004894287030175581,-0.004254376282196715,-0.007491552416701519
2019-10-08,-0.010757404232859535,-0.009588057950347006,-0.008327251516633716,-0.018715989361668295
2019-10-09,0.010376135542510045,0.010221762516407384,0.008867275353471982,0.008471449131562059
2019-10-10,0.0030734972543482453,0.0037643797331086137,0.00326753131489399,0.01077133711083511
2019-10-11,-0.0003362326975241414,-0.005633734684687752,-0.004894865099361101,0.022129306177610886
2019-10-14,-0.0016349779996577274,-0.00431170277621995,-0.0037434072710929023,-0.009657221036631136
2019-10-15,-0.000813895318298008,-0.0042488766478006035,-0.0036862563153237105,0.005325606205170974
2019-10-16,-0.007321763958503258,-0.0028750219166704394,-0.002491714908894216,0.0010819985107977104
2019-10-17,0.00600559330631989,0.00530203402056717,0.004595328440229363,0.00031505247920748936
2019-10-18,0.005913594685451606,0.004175731457557896,0.0036229238747618187,-0.006567702286245702
2019-10-21,0.0069417714852257895,0.0038604758078357726,0.003353915242496841,0.00921624289613554
2019-10-22,-0.01160489053720204,-0.009764046638048973,-0.008479541573844895,-0.007468812181286921
2019-10-23,-0.0035997480432854445,-0.0014999768777702593,-0.0013017375402123443,0.007168090700843566
2019-10-24,0.007345530549427215,0.0045977885999619605,0.003989662553688156,0.011609962772260118
2019-10-25,-0.010604937702844874,-0.01177215193886283,-0.010215978254954794,0.0017254258185157578
2019-10-28,0.0004185584281646282,-0.007892256110115348,-0.006839844076126367,0.0006511040884418229
2019-10-29,0.0025982355204539065,0.0032508820750873912,0.002809582099581931,0.0006963375385362625
2019-10-30,0.00804469353659143,0.008901746083383788,0.0077077110480805455,0.0051737988852171846
2019-10-31,-0.0008381262949546109,0.0023198090175480246,0.002012066366590348,-0.0010587272890695276
2019-11-01,0.006077063403703509,-0.005731418247458708,-0.004916518954939386,0.0017570868084297864
2019-11-04,-0.007000871695673427,-0.016717557309833153,-0.014374526195065074,0.0035503228462512304
2019-11-05,-0.007976094710833381,-0.009531326440942234,-0.008176365086702608,-0.001039584339702082
2019-11-06,0.0036229671264991214,0.007469263174319618,0.006399287250490326,-0.00654929975809071
2019-11-07,-0.0007336969679536676,-0.011005072685906114,-0.009435119737824738,-0.0015818389336912375
2019-11-08,0.001130140048317907,-0.00026794528486073776,-0.0002285693582881887,0.0009918118196885484
2019-11-11,0.006246262894888721,0.0029244235068222046,0.0025083312344549302,-0.005286666356968839
2019-11-12,0.0037002437690563106,0.0002526625579821751,0.00021547949390665622,0.00016546781661541665
2019-11-13,0.009015226112830899,0.011426665615460019,0.009785887072714772,0.0030507567285311676
2019-11-14,0.006651067463161686,0.007866400435547982,0.006754533133957352,0.003044233662504947
2019-11-15,0.01052934124376148,0.0002677446578311926,0.0002273990611794119,0.010877775425365943
2019-11-18,0.005920333979065884,0.005117876009520517,0.004396291757107207,7.56497719023308e-05
2019-11-19,0.005560057305503019,0.00108574556121388,0.0009330393356703492,-0.0058781672978195365
2019-11-20,-0.002217155492562184,0.003470325812787056,0.0029800408964733016,-0.002805377513387497
2019-11-21,-0.013970618952158786,-0.009251443224554956,-0.00795858225773205,0.004791631332740742
2019-11-22,-0.005803818429021224,-0.003698026096967566,-0.003176682000540332,0.007824395398931872
2019-11-25,0.015358293503181741,0.002502644588211478,0.0021529817567798037,0.007831725393001143
2019-11-26,0.003759823520156358,0.015074840072760054,0.012947364446545206,0.0024353024911025756
2019-11-27,0.005913185166094959,0.0015696778207188178,0.0013527152137191578,0.007224630604874438
2019-11-29,-0.006426187267073558,-0.004391264728014543,-0.003782731892668756,-0.006332819137449874
2019-12-02,-0.017792276169190546,-0.01380411191255626,-0.013292083634356189,-0.007888616387300762
2019-12-03,-0.007214767084236295,0.0005027009860933962,0.0004904504812670574,-0.009809270501691225
2019-12-04,0.007952273576322666,0.005853760003607933,0.005714347771242245,0.006881830466138661
2019-12-05,-0.0008200543715145558,-0.0009505084235956751,-0.0009334802929489294,-0.001174036257785005
2019-12-06,0.005087685545194676,-0.0006280012102989341,-0.0006129830951469017,0.012288117967756307
2019-12-09,-0.005957237023544892,-0.002697858366028094,-0.002636487473051119,-0.0059748987628569505
2019-12-10,-0.0010418151544432375,-0.0029710685673438597,-0.0029022249606202033,-0.0015504344315363516
2019-12-11,0.010008567866396367,0.0022990060840835103,0.00224273590106705,0.008434803499300925
2019-12-12,0.010780342525920528,-0.004369222228047698,-0.004265726159690786,0.011013552148090522
2019-12-13,0.001271365312201178,0.007062340032732983,0.0068959874938241406,-0.0011868342842233925
2019-12-16,0.004780884062295376,0.006738469145532333,0.006579654865318529,0.006092368257355485
2019-12-17,0.004992429396944997,-0.00212822517215272,-0.0020804477962463874,0.0008421760641326159
2019-12-18,-0.002874220794301441,0.005014235109395804,0.004897483669600522,-0.00021284332166393582
2019-12-19,0.005842842789594904,0.006580802355123261,0.006431151918219857,0.003425656364570706
2019-12-20,0.008470555341319352,0.007360542602803388,0.007188228000101882,0.008205995801938037
2019-12-23,-0.0028434331987973183,-0.008215495764491765,-0.008028102967350348,0.0007015952221418598
2019-12-24,0.0025023929283058965,0.0015307065577587764,0.0014947088114056761,-0.001071542229106881
2019-12-26,0.0021196804314562723,0.003813258876655956,0.003727556796697451,0.0026193519373545193
2019-12-27,-0.0003828563522607631,0.0036994388721978133,0.0036146491522424107,-0.000228727494357428
2019-12-30,-0.004574479717281088,-0.004188169645397699,-0.004093867538988105,-0.009796019632336006
2019-12-31,0.0006827856638780272,0.004289080816046953,0.0041923316854812764,0.0037379075367907078
2020-01-02,0.010181138825277936,-0.006342080816125528,-0.00640252398990937,0.01280382146589587
2020-01-03,-0.007607325077436555,0.004982722568836362,0.004982833621342886,-0.011333490021929515
2020-01-06,-0.005875253357603194,0.0008316584606291588,0.0008316658329841076,-0.0014245712166658375
2020-01-07,0.0013044138048727838,-0.004387211858175144,-0.004387313096114176,-0.00376919074738169
2020-01-08,0.00043737473158533824,0.0017102309158509854,0.0017102379402982315,0.005723464934148881
2020-01-09,0.0086521279207874,0.007744039431200056,0.007743877919087927,0.00318936376949841
2020-01-10,-0.0038912789726636143,0.0032301387641346935,0.0032302649365736347,-0.004941067508717922
2020-01-13,0.010391976308601336,0.010988406400569195,0.010988430517353098,0.004300571391723684
2020-01-14,-0.001599151602718396,-0.0025308646139308166,-0.0025309312094672354,-0.0006704503363190728
2020-01-15,0.0003236885102735343,0.009886493748236358,0.009886520908512386,-0.004700629738143891
2020-01-16,0.011757893817954779,0.00788893398690993,0.007888851019258292,0.008687825491876744
2020-01-17,0.001256671007425103,0.005816584295513572,0.005816558272291106,-0.00045298545970606785
2020-01-21,-0.005326648934258604,0.005544408408868051,0.005544272936444994,-0.010043473181919116
2020-01-22,0.0041791129698927065,0.0012271291920917804,0.0012269817310606168,-0.00040667323234966357
2020-01-23,0.004366333612995099,0.007323012553964947,0.00732309865277303,-0.0022885179575221626
2020-01-24,-0.014264669195649615,-0.001782065025072721,-0.0017820972618382003,-0.012481693014837814
2020-01-27,-0.019778774215988837,-0.005100926787014903,-0.005100998453388184,-0.019664274825055283
2020-01-28,0.01973049668435012,0.006766061166192605,0.006766111284363996,0.006289270811689507
2020-01-29,-0.008261704979774964,-0.0009330457952061444,-0.0009330129729111514,-0.008209484318960847
2020-01-30,0.007561114409541769,0.009589168225074829,0.00958900851900335,0.00016896848175029788
2020-01-31,-0.027197992127423243,-0.01327980278461749,-0.013279884985337165,-0.02211950782414962
2020-02-03,0.015457223284545352,0.00836412373523543,0.008364107068259186,0.003583859340236417
2020-02-04,0.019950196141119036,0.0004325690979900543,0.00043256916981948557,0.022436298639047614
2020-02-05,0.0009111720793599787,0.0002526777979514616,0.00025267794101724306,0.02596256487620341
2020-02-06,-0.0035181876773947574,0.005357646039123809,0.005357646172630126,-0.0019161854811242662
2020-02-07,-0.009987643049322648,-0.002246705319043918,-0.002246705267351712,-0.015197381438128765
2020-02-10,0.01442500422835602,0.005806689044949742,0.005806688999952403,0.00022266870740939027
2020-02-11,0.007928479068366912,-0.00046603944342238357,-0.0004660393830837606,0.005635779318821532
2020-02-12,0.0077990645999508335,-0.0026740915817388133,-0.002674091291613223,0.005791202190817968
2020-02-13,0.003087778896285087,0.00944046804754528,0.009440468127969837,-0.0010972044851118579
2020-02-14,0.002614955361204707,0.007221586311440431,0.007221586181563655,0.004436570730100842
2020-02-18,-0.004221352816980661,0.0017890641777802418,0.0017890647534508641,-0.0068511660962844445
2020-02-19,0.011632916993990383,-0.0019406670626300748,-0.0019406672217806564,0.0020782178620020186
2020-02-20,-0.011587839907420294,-0.0021432281766735617,-0.0021432283222696524,-0.0022843319717459343
2020-02-21,-0.025569879545977003,-0.010122333567045172,-0.010122333577910148,-0.001259835826674549
2020-02-24,-0.03461069922012516,-0.01599910076589839,-0.01599910086689349,-0.022974288869057835
2020-02-25,-0.03287565916453339,-0.025149371207406346,-0.025149371231978912,-0.0336957392056797
2020-02-26,-0.0016611714248292442,-0.0025122935503498756,-0.002512293498062035,-0.004305322990625582
2020-02-27,-0.03989836336752606,-0.040396293426724794,-0.04039629352616625,-0.043364166977807206
2020-02-28,0.008309836303147966,-0.0262808770077807,-0.026280877000243508,0.0020006641502821054
2020-03-02,0.010247120722585379,0.005348529999803953,0.005348530062432966,0.011092619930749503
2020-03-03,0.0,0.0,0.0,0.0
2020-03-04,0.0,0.0,0.0,0.0
2020-03-05,0.0,0.0,0.0,0.0
2020-03-06,0.0,0.0,0.0,0.0
2020-03-09,0.0,0.0,0.0,0.0
2020-03-10,0.0,0.0,0.0,0.0
2020-03-11,0.0,0.0,0.0,0.0
2020-03-12,0.0,0.0,0.0,0.0
2020-03-13,0.0,0.0,0.0,0.0
2020-03-16,0.0,0.0,0.0,0.0
2020-03-17,0.0,0.0,0.0,0.0
2020-03-18,0.0,0.0,0.0,0.0
2020-03-19,0.0,0.0,0.0,0.0
2020-03-20,0.0,0.0,0.0,0.0
2020-03-23,0.0,0.0,0.0,0.0
2020-03-24,0.0,0.0,0.0,0.0
2020-03-25,0.0,0.0,0.0,0.0
2020-03-26,0.0,0.0,0.0,0.0
2020-03-27,0.0,0.0,0.0,0.0
2020-03-30,0.0,0.0,0.0,0.0
2020-03-31,0.0,0.0,0.0,0.0
2020-04-01,0.0,0.0,0.0,0.0
2020-04-02,0.0,0.0,0.0,0.0
2020-04-03,0.0,0.0,0.0,0.0
2020-04-06,0.0,0.0,0.0,0.0
2020-04-07,0.0,0.0,0.0,0.0
2020-04-08,0.0,0.0,0.0,0.0
2020-04-09,0.0,0.0,0.0,0.0
2020-04-13,0.0,0.0,0.0,0.0
2020-04-14,0.0,0.0,0.0,0.0
2020-04-15,0.0,0.0,0.0,0.0
2020-04-16,0.0,0.0,0.0,0.0
2020-04-17,0.0,0.0,0.0,0.0
2020-04-20,0.0,0.0,0.0,0.0
2020-04-21,0.0,0.0,0.0,0.0
2020-04-22,0.0,0.0,0.0,0.0
2020-04-23,0.0,0.0,0.0,0.0
2020-04-24,0.0,0.0,0.0,0.0
2020-04-27,0.0,0.0,0.0,0.0
2020-04-28,0.0,0.0,0.0,0.0
2020-04-29,0.0,0.0,0.0,0.0
2020-04-30,0.0,0.0,0.0,0.0
2020-05-01,0.0,0.0,0.0,0.0
2020-05-04,0.0,0.0,0.0,0.0
2020-05-05,0.0,0.0,0.0,0.0
2020-05-06,0.0,0.0,0.0,0.0
2020-05-07,0.0,0.0,0.0,0.0
2020-05-08,0.0,0.0,0.0,0.0
2020-05-11,0.0,0.0,0.0,0.0
2020-05-12,0.0,0.0,0.0,0.0
2020-05-13,0.0,0.0,0.0,0.0
2020-05-14,0.0,0.0,0.0,0.0
2020-05-15,0.0,0.0,0.0,0.0
2020-05-18,0.0,0.0,0.0,0.0
2020-05-19,0.0,0.0,0.0,0.0
2020-05-20,0.0,0.0,0.0,0.0
2020-05-21,0.0,0.0,0.0,0.0
2020-05-22,0.0,0.0,0.0,0.0
2020-05-26,0.0,0.0,0.0,0.0
2020-05-27,0.0,0.0,0.0,0.0
2020-05-28,0.0,0.0,0.0,0.0
2020-05-29,0.0,0.0,0.0,0.0
2020-06-01,0.0007275366346461976,0.0014482535245707862,0.000288810777472559,0.012186114422290117
2020-06-02,0.0026625822884409622,0.0012912940687288543,0.00025780839812794554,0.003373744827129599
2020-06-03,-0.0005733366931670592,-0.0016921425185005834,-0.00033818732935964047,0.007738709912809005
2020-06-04,-0.00478198631590232,-0.006133813049241099,-0.001224228022431606,-0.0057576361154512146
2020-06-05,0.023581890214831258,0.022359486679627505,0.004440721391982816,0.03860024324558098
2020-06-08,0.0008447965652562672,-0.0004356485153187428,-8.806579418851879e-05,0.024580054355758163
2020-06-09,0.0046282284776819616,0.007588509174228264,0.0015334742522774558,0.0031386760996710006
2020-06-10,0.005951980202784313,0.009889787498271296,0.0020105955713911605,0.007568604599374584
2020-06-11,-0.054606054412182914,-0.052056891292966645,-0.0106663948811484,-0.041056387562318
2020-06-12,0.010695438423236059,0.007786740625186361,0.0015287435908668545,0.0021938572596764683
2020-06-15,0.01745256887655855,0.016657259770058497,0.0032906956824645395,0.04082279391377153
2020-06-16,0.010877102959894858,0.012623339478093243,0.0025270056101662774,0.019892457281438958
2020-06-17,0.007432917261670946,0.006777981688932622,0.001370516246816944,-0.024388939088853645
2020-06-18,-0.0027630121003708874,-0.00032746842217135086,-6.657208102245349e-05,5.4153549047697425e-05
2020-06-19,0.014046032867654157,0.013299746373165,0.0027030416441524707,-0.018901769832849635
2020-06-22,0.0016076219536120817,0.0026394281488317795,0.0005421067604387542,-0.008141511897302944
2020-06-23,0.0005397924203263127,0.003067520426586423,0.0006313524227783418,0.007801551771040582
2020-06-24,-0.02278730310174637,-0.01855628008394883,-0.003828523954641283,-0.06141020140756004
2020-06-25,0.013869029133224409,0.012544893573766425,0.002549991479150915,0.00705125217148872
2020-06-26,-0.020578367491451255,-0.018457173625705425,-0.003789179645650842,-0.03550834217358534
2020-06-29,0.00951136714201506,0.006187299016269687,0.0012515237679893154,0.053812219181919474
2020-06-30,0.02491583986146595,0.024100118038600904,0.004898834949914388,-0.0030501899984420877
2020-07-01,-0.003683685055059116,0.0010028366256855659,0.00015791455877400828,-0.008257007383088766
2020-07-02,0.008042214417688376,0.007510470850062845,0.0030391121697397327,6.489793400854538e-05
2020-07-06,0.021662818296659836,0.017117537721190068,0.0069598486509934165,0.01856397102461349
2020-07-07,0.000709651056969518,0.0006412381167990588,0.00026266824235188224,-0.034059574725587405
2020-07-08,0.008704001306755194,0.011423704236745769,0.004695433393477888,0.011165962529817053
2020-07-09,0.00991878560474202,0.010653416099457358,0.004407353562824179,-0.031281415610302954
2020-07-10,-0.006899014662906211,-0.0061738877415145055,-0.0025687243308643026,0.04348588655737795
2020-07-13,-0.028330919151386746,-0.027274441270802474,-0.011312824304635205,0.0017845804233773688
2020-07-14,0.02367608568084778,0.020021671403191776,0.008169872348963603,0.0109598195028775
2020-07-15,0.002795035667666479,0.004275180454199612,0.0017638648997546635,0.044231423753737786
2020-07-16,-0.0037500750012066097,-0.004999728250622559,-0.0020688437731158915,-0.016904702038349373
2020-07-17,0.01424380456593033,0.013485023159401255,0.0055648379357713385,-0.001472227256661407
2020-07-20,0.02082509513795583,0.020874423997361058,0.00868168315907547,0.005614922301021563
2020-07-21,-0.004674534285173282,-0.007738402206491246,-0.0032560768188787392,0.004221664974590977
2020-07-22,0.00888200825433394,0.006981255730926783,0.0029247903537528153,-0.0007213243288862747
2020-07-23,-0.014434529639166582,-0.014876513171898864,-0.006258213547965519,-0.013510693532387763
2020-07-24,-0.00544519960847778,-0.000420136470461574,-0.0001776037660999874,-0.005695448046726392
2020-07-27,0.02102043818185151,0.014355293550267545,0.005984900564446338,-0.0018929030242680334
2020-07-28,-0.016486315062818613,-0.012349277117521984,-0.005192927816699222,0.008385031071888482
2020-07-29,0.021632300329630594,0.020722543423542072,0.008649670395775244,-0.003151696148462113
2020-07-30,0.011640168757002467,0.0023580332622183953,0.0009932165123942571,-0.010759004984367548
2020-07-31,0.008774080032935894,0.005797362274155171,0.002450173346035589,-0.007887585531023311
2020-08-03,0.008262630345717836,0.013810231850785781,0.006315970591472153,0.00225483504316748
2020-08-04,0.006454619134452999,0.007223202093725067,0.003958848064396614,0.014581491511779898
2020-08-05,0.002055463630585841,0.0016643157604476766,0.0009168273631106061,0.023638197999669597
2020-08-06,0.0018972750335797262,0.004561321598360646,0.0025102276960240477,0.006155146560336444
2020-08-07,-0.014103796327835871,-0.013470396258667083,-0.00742947000730132,0.004666256115149814
2020-08-10,-0.011742795228363079,-0.015073123367443708,-0.008261106025487797,0.0023788455827520316
2020-08-11,-0.02117620936033271,-0.020875108531973163,-0.011365072029927759,-0.013776519029825796
2020-08-12,0.026345848323406695,0.024741104635113365,0.013336706573580104,0.017344779980132508
2020-08-13,0.006215631585888337,0.0038072485288609403,0.002075382762388278,-0.001881503294875575
2020-08-14,-0.003640861330088896,-0.0017995337671506961,-0.0009832222749344144,0.0004524103957170844
2020-08-17,0.020465582962450934,0.019325685084342847,0.010547066493590274,0.006932016527019691
2020-08-18,8.875385790774182e-05,0.002045306481768261,0.0011278720691823008,0.0023619603640303577
2020-08-19,-0.003098966467380171,-0.004503110596920323,-0.002482455913365156,-0.007275452844555885
2020-08-20,0.006214697532602287,0.011158037805201415,0.0061357355852620366,0.0018400186973321908
2020-08-21,0.00027491644237565005,-0.000532623833586543,-0.00029775310670387967,-0.004791317585635779
2020-08-24,-0.00010273935329074835,0.0005525334902412027,0.00030589796264846036,0.03773352203585034
2020-08-25,0.007858307497615291,0.008821699093165991,0.004873874255032273,-0.0035296626598236847
2020-08-26,0.00782547529975064,0.01116411752607882,0.006197567208302779,-0.014495339784176164
2020-08-27,-0.009328949220977933,-0.006531594024789422,-0.0036424686642126947,0.014042321741126074
2020-08-28,0.004772688565085836,0.001012172321946947,0.0005636526357293281,0.02109085606626615
2020-08-31,0.012101584859357306,0.015868858605122993,0.008821954307499213,-0.0017688916690723477
2020-09-01,0.011133349641568646,0.004967138943297256,0.002811366788459946,-0.009238585096179919
2020-09-02,0.016028929922958346,0.018487736443214775,0.01081061092437996,0.01628741086943508
2020-09-03,-0.060439317782675306,-0.055012861741381314,-0.032402455575114786,-0.028616590101444017
2020-09-04,-0.021815147717036742,-0.018665732386778933,-0.010738199041211205,-0.004979539706756686
2020-09-08,-0.03183727640201983,-0.032090483879451126,-0.018312497885696777,-0.017228050199849188
2020-09-09,0.03229175745530899,0.033479909555480525,0.0188344323715115,0.0262118746085509
2020-09-10,-0.019590816607868988,-0.019796466092824483,-0.01129449757711376,-0.0175731362137026
2020-09-11,-0.007839922301148716,-0.007042892530637945,-0.003981406440314639,-0.0064807762825357385
2020-09-14,0.014903183115412721,0.015704488186728316,0.008856846796577722,0.016168716375052794
2020-09-15,0.017163203697741602,0.010036472490164261,0.005698351930818468,0.0140020819119
2020-09-16,-0.018832659907822458,-0.018157038323036057,-0.010353524834299188,-0.00890296595763762
2020-09-17,-0.009324811780199505,-0.008420536786039379,-0.004762348204439659,-0.0080896777691003
2020-09-18,-0.008761527016750814,-0.010044833825972876,-0.005661109198153436,-0.014718283562707657
2020-09-21,0.010228159065658105,0.007440292165610485,0.0041761307940648695,-0.00804909069819848
2020-09-22,0.015504118064336048,0.014867684303591755,0.008372469271878291,0.016149651905309925
2020-09-23,-0.02744751559636205,-0.024304996667207646,-0.013770946987413546,-0.01635370398943392
2020-09-24,0.004467811517131937,0.005441216179028485,0.0030522413995848208,0.0038225275752052923
2020-09-25,0.022012090442699472,0.019417680152755468,0.010910637128647815,0.028943961031141274
2020-09-28,0.015396566169893156,0.015057277523317536,0.008534578789737068,0.02206096523806189
2020-09-29,0.005017165457799289,0.002697379401185751,0.00153850727021565,-0.01802045479122827
2020-09-30,0.0014522653624944315,0.004024624891767914,0.0022970535214554832,0.009906711783641109
2020-10-01,0.018879544958196437,0.01236632169938523,0.006770410516378833,9.441214101890694e-05
2020-10-02,-0.02315950245736187,-0.023099561276374914,-0.010334974060052682,0.00925968296047186
2020-10-05,0.0289578150721308,0.02713807729587092,0.011984324376711264,0.015229287020992688
2020-10-06,-0.01901995111689081,-0.016326728377264343,-0.0073189715694915725,-0.013083732997700492
2020-10-07,0.026857978878794375,0.023209035511810416,0.010310662221424183,0.018301010914322235
2020-10-08,-0.0003585594597550479,0.0009333519174239413,0.0004199043342698605,0.01393878454761599
2020-10-09,0.016707585180065987,0.012255468717975226,0.005516845008515681,0.007762626951428819
2020-10-12,0.012723075447416354,0.01819153175910726,0.008240869002538842,0.007612904231708351
2020-10-13,0.0058408743668638685,0.005860832566712437,0.002683088408001133,-0.004674685736890449
2020-10-14,-0.009338641242679802,-0.008717065428313964,-0.004001721979828399,-0.004271015617916651
2020-10-15,-0.0006875194427559128,-0.002208112194522993,-0.0010081098513075037,-0.0006393475548834848
2020-10-16,-0.0028163987040500382,-0.002268143487204166,-0.0010349527447230944,0.007415339459602155
2020-10-19,-0.013703024238361894,-0.016215417208191085,-0.0073882657503457905,-0.009989738203667997
2020-10-20,0.001814425090471472,-7.055342445771995e-05,-3.266107859389855e-05,0.010837960950821124
2020-10-21,-0.013480885565851697,-0.007470089817575021,-0.0033760439337626735,-0.005628808572887833
2020-10-22,-0.004900483270750877,-0.011679487781169673,-0.005256776539647068,0.027246648866270595
2020-10-23,0.01016669516015889,0.0116329990972035,0.005198833987077656,0.003709699828831292
2020-10-26,-0.013477183484270405,-0.011370517419311166,-0.00511610039459931,-0.026548931015754174
2020-10-27,0.0014889444881043268,-0.003160768371269662,-0.0014118750340050834,-0.002024077293710458
2020-10-28,-0.03978439806932432,-0.030195175064751,-0.013470129639728379,-0.03149183986575199
2020-10-29,0.012330380932791929,0.011422322123614048,0.005012186261184937,0.002644944560590279
2020-10-30,-0.029415512558926826,-0.023824602918348425,-0.010516736657864345,-0.013830654780801255
2020-11-02,0.006272766802116303,0.00533932802758641,0.002430254068796378,0.008848835232613927
2020-11-03,0.0177711812981598,0.018473700582802177,0.007669927974572444,0.022007129043154272
2020-11-04,0.04152200913485937,0.045659116336576044,0.019151048657175318,0.011205933302184556
2020-11-05,0.035675599877933006,0.028727239358667056,0.012364103846010277,0.03149169516054551
2020-11-06,0.004500129665343522,0.005721596597048517,0.002503711956879817,-0.0020030222874437564
2020-11-09,-0.05030863520970219,-0.05441173018928469,-0.02388117270739254,0.08712531773880428
2020-11-10,-0.02848780683975416,-0.025740378950952048,-0.010936751865673888,0.004902835931471783
2020-11-11,0.03387175174080648,0.03426367065282099,0.014346608820573925,-0.012220641920917541
2020-11-12,-0.008693831152236986,-0.00860689908801815,-0.0036756341400105974,-0.021248980059074052
2020-11-13,0.0027593666647440784,0.002745283231298634,0.0011662544032366995,0.025630636043118216
2020-11-16,0.005872758484545715,0.0035206580616959915,0.0014990966321397625,0.033945250845326846
2020-11-17,-0.002162516599127362,-0.004229233896211881,-0.0018016686448322217,0.00047588124930530995
2020-11-18,-0.014748559450596499,-0.015051454479073856,-0.006402212130989904,-0.014356562499790337
2020-11-19,0.011460155586099363,0.011311741042424162,0.004770609242299884,0.012092357076789462
2020-11-20,-0.002586366460567091,-0.002480383809765674,-0.0010512481403799345,-0.004876400691437355
2020-11-23,-0.0009188743769542596,-0.0034257040272663852,-0.0014515901508578288,0.004039143140080581
2020-11-24,-0.006093452836578361,-0.003272819650751879,-0.0013847157603928961,0.005855887740324972
2020-11-25,0.006867878328605803,0.01026966456170908,0.004334569796200727,-0.0020663789700778867
2020-11-27,0.015317767623109102,0.015112961591519092,0.006418793838880665,0.00773487962905639
2020-11-30,0.008526694045989158,0.010508649162314532,0.00450065273973288,0.00301272729948332
2020-12-01,0.00789079508735857,0.005073337465640426,0.0021395903023566643,0.00932859066217584
2020-12-02,-0.004421467493852416,-0.0062247828355784796,-0.0023452215282894207,-0.002894070985246855
2020-12-03,-0.0010802980872892665,-0.001030761885306486,-0.00038664797112342164,-0.003314962667164245
2020-12-04,0.007785697355703114,0.0070781632714558285,0.0026552000632689143,0.00808062604748594
2020-12-07,0.006974268997487432,0.004419667098531921,0.0016645892490161351,-0.005136903255864134
2020-12-08,0.0025148671271673084,0.004117448770690757,0.0015554130476491679,0.0025022408074246716
2020-12-09,-0.022566715066742016,-0.02220381794676385,-0.008408663812910278,0.0009869018396684304
2020-12-10,0.007813508989342077,0.00753264339064863,0.0028119093369616266,-0.005783553023404053
2020-12-11,-0.0010813254426585983,0.0004641318727909294,0.0001728660330324594,0.0028596767102675447
2020-12-14,0.008312061030941731,0.010580541707226665,0.0039706209936580805,-0.008215631636988241
2020-12-15,0.014175256162289651,0.013097193361186976,0.004946774070821558,0.0110747892670362
2020-12-16,0.011404175354787771,0.008514648074688269,0.0032398363609200675,-0.0012284005077012328
2020-12-17,0.014165262849930915,0.013442944111321742,0.005146227322811114,0.0038510866172778435
2020-12-18,0.0023225528961969832,0.005948364490202307,0.0022945451417573093,-0.010435698417674555
2020-12-21,-0.004066904914114766,-0.00674449395568566,-0.0026134465009247654,-0.004874648161396711
2020-12-22,0.009913557925471661,0.011515155981349778,0.004441036772871998,-0.017604919439101696
2020-12-23,-0.011942487536713897,-0.013159289310111122,-0.005111837454234491,0.017331130219810476
2020-12-24,0.0031909034449288942,0.002518055038454481,0.0009704571677395801,-0.004019088258117254
2020-12-28,-0.006887587676577822,-0.006123535973642791,-0.0023642572631428216,0.003292540287205936
2020-12-29,-0.0018225196915141462,-0.003034401957954569,-0.0011662705260884199,0.00025468512787574227
2020-12-30,0.008676884848014321,0.004938034199696739,0.0018942995624910974,0.007239601788160854
2020-12-31,0.0036130086190897526,0.003892881991626407,0.0015001126615368232,-0.00022649551496234377
2021-01-04,-0.011488453297310075,-0.014858241064521827,-0.008239854506080002,-0.0164940273020181
2021-01-05,0.017188175163928676,0.012924712831161145,0.006474251423572275,0.019154103960815405
2021-01-06,0.0026910262070534152,-0.00751852645933393,-0.003783933817820606,0.006538471567254067
2021-01-07,0.032260551190705256,0.028915426515618847,0.014527357315525347,0.008313966155568897
2021-01-08,0.01558603062515207,0.01436436362745197,0.0073206097319722385,0.0030923135183400507
2021-01-11,-0.010070216605315263,-0.006923646096056335,-0.00355706957621027,-0.012502738036803684
2021-01-12,0.007934204577460191,0.003735782228766249,0.0019112142450072866,0.0004115992144673175
2021-01-13,-0.0037391254142813413,-0.00016934412947910982,-8.809715583046884e-05,0.0027557989178297326
2021-01-14,0.0010418312936444352,-0.004169807615536869,-0.0021332504291714516,0.004067289815257169
2021-01-15,-0.012493875734032822,-0.0100751179152061,-0.005149135574495478,-0.011041515873103203
2021-01-19,0.017206060203274864,0.015717200486667027,0.007994034365411462,0.007362101856337011
2021-01-20,0.006372255927487691,0.012073323230155752,0.00618744930750581,0.01853772192294567
2021-01-21,-0.003113047770177957,0.0006743127681838601,0.0003452303360977904,0.003904077467749678
2021-01-22,-0.0028625792368845993,-0.00078461413974662,-0.00040520418979628214,-0.004181708517711713
2021-01-25,0.0008835004952767456,0.0012795334050439422,0.0006621679425096172,-0.002027455186718541
2021-01-26,-0.012551273782696493,-0.010991371817110296,-0.005668265334746403,-0.007045144362405775
2021-01-27,-0.042389460180524474,-0.040201575335892525,-0.020626104428382308,-0.017392611865543972
2021-01-28,0.015918524194772354,0.01845974826257435,0.009278738840124978,0.025677327470178035
2021-01-29,-0.019572241273129842,-0.013123352224729379,-0.006661662402870916,-0.030268264859454108
2021-02-01,0.027495778147229588,0.02233043571608473,0.011101038255938223,0.01688703659519253
2021-02-02,0.020408650814410123,0.021577894103670836,0.010689442655799075,0.02198142832828376
2021-02-03,-0.010458414364673096,-0.007159215153661247,-0.003581088047245218,0.007097194065021295
2021-02-04,0.01677291526427771,0.01970482070615387,0.009831413021433644,0.02393641330032059
2021-02-05,0.0093951802392791,0.007153077771845817,0.0036047948956574594,0.008707714035586678
2021-02-08,0.01423460455436576,0.014513177790904885,0.0073394920959712895,0.005565912329977829
2021-02-09,-0.0005231436246672105,-0.0043270921508049565,-0.0022021900940397687,-0.0027660507017347458
2021-02-10,-0.0039989494419571114,-0.0034889689494603804,-0.0017731641758113037,-0.002176735980841338
2021-02-11,0.010215070884386224,0.008430617248463612,0.004275051393088258,-0.0010970554201815697
2021-02-12,0.019211023387375903,0.014577605147228168,0.007426347618176843,0.006286831244631141
2021-02-16,-0.00260243101821378,-0.001940202344081099,-0.0009941737605680956,-0.003703405700877904
2021-02-17,-0.01684248711875258,-0.009853050093682536,-0.005047442093032872,0.008376881961675853
2021-02-18,-0.015727998493412554,-0.011670866750795872,-0.005954543892097375,-0.00013692433393619474
2021-02-19,0.01304629252958045,0.010841772834577768,0.005508851881901311,-0.0011997023870441437
2021-02-22,-0.035747886464510215,-0.03076456949851125,-0.01568120851656296,-0.01710154322145685
2021-02-23,-0.008649202266820977,-0.006118558884690928,-0.003070848149584582,0.0023936323948550164
2021-02-24,0.02154222910167669,0.01808740626227312,0.00905225159734302,0.008864112734517926
2021-02-25,-0.04125309174724845,-0.03393155916890567,-0.017133089867567786,-0.02256147643798756
2021-02-26,0.01597263257588999,0.010899233075077452,0.005406056692049299,-0.0030642091033965535
2021-03-01,0.034485834380367786,0.03776057509912811,0.018754866563354566,0.02568088662921153
2021-03-02,-0.02642717239506598,-0.025518114008546755,-0.012859521145129338,-0.02019102503683612
2021-03-03,-0.04342371644531873,-0.03976719291364261,-0.019780995990063333,-0.034100807932814114
2021-03-04,-0.04388503996343096,-0.040311157621638505,-0.01964516511598413,-0.03364807146037141
2021-03-05,0.008202494008441086,0.008863976264213314,0.0042293270784712345,0.009399767452646701
2021-03-08,-0.047515965142868155,-0.04445442281332157,-0.021309467623371936,-0.032180522514355325
2021-03-09,0.06091393743947693,0.051533795990894804,0.024114425710143106,0.052090220610930604
2021-03-10,-0.0010070269192219428,-0.00023194222965472466,-0.00011363484242299382,-0.0041186151585224096
2021-03-11,0.04406058311276051,0.03766516575979861,0.01809337115693843,0.033307872270222694
2021-03-12,-0.009609431549685743,-0.006900273445937799,-0.0033793506047031796,-0.0010588119408583285
2021-03-15,0.01997626083240478,0.013917737050621604,0.006788540374211394,0.014371459309205692
2021-03-16,-0.01170022546685101,-0.009793450241492585,-0.004807896907626397,0.005970816372815602
2021-03-17,0.006602417230317625,0.005153132606511068,0.0025183070885506087,0.006077022961789469
2021-03-18,-0.03754679066624955,-0.03345748047221053,-0.016399903569503937,-0.018983330945214094
2021-03-19,0.01056804235719122,0.009093581185692257,0.004380325598748458,0.008644821483035248
2021-03-22,0.01833113311888135,0.01830378983995562,0.008858876958489192,-0.0031112702845506046
2021-03-23,-0.019022807748926063,-0.015426466807031303,-0.0075347195777923925,-0.01454681820457604
2021-03-24,-0.02420811574555426,-0.02277613761052999,-0.011034843517504833,-0.00729699597234279
2021-03-25,0.0007383945776735512,-7.205888735728472e-05,-3.328816159509085e-05,0.005743670427843295
2021-03-26,0.02886235395026082,0.03286502143586656,0.01573969461478808,0.02052898077395704
2021-03-29,-0.015012411195157949,-0.012619406640710484,-0.00614409311460562,-0.016858946958840937
2021-03-30,0.004772062473261451,0.007954157412695784,0.0038471994296878087,0.021992221033728665
2021-03-31,0.028035917573244307,0.02525707568171809,0.0122668103589183,0.001831210044229925
2021-04-01,0.01790740057627538,0.012819858819333785,0.006358610657299035,0.012009754198318623
2021-04-05,0.0019297836124445578,0.006408626820960661,0.0024410466543605125,0.01883491507882895
2021-04-06,0.010555823912570261,0.007818116875054182,0.0029872969512385605,0.0004113418711255701
2021-04-07,-0.00956661123448077,-0.011736910105967446,-0.004506254762967177,-0.0008626682643876338
2021-04-08,0.012659674020057299,0.01601260374215152,0.006102804816015439,0.00033694603286504865
2021-04-09,0.001213496213345433,0.004664035324769333,0.0017959704679668675,0.0016154649158768297
2021-04-12,-0.004146080290823528,0.0016823295732306676,0.0006488965808477687,-0.009437936181580842
2021-04-13,0.005667428592964097,0.005557149242245263,0.0021431564159966054,-0.00033893989498889887
2021-04-14,0.004503958364302507,-0.003090116511680563,-0.0011977678836886385,0.007674727964631423
2021-04-15,-0.0024945178378918964,0.00819518288300225,0.0031710080795976925,-0.0005356694509612847
2021-04-16,0.002343052938171608,0.004638590059065528,0.0018042196989465076,0.003984746780459014
2021-04-19,-0.01974131168058768,-0.01734759595133062,-0.006767410659567541,-0.01681837085423865
2021-04-20,-0.024547473741954984,-0.01463117636086686,-0.00564908398113817,-0.03128299934933976
2021-04-21,0.028992626619311013,0.0183522975162691,0.007021091335991381,0.033067731888904994
2021-04-22,-0.005971674730558041,-0.009404359976259546,-0.003639231251664543,-0.020750895331314134
2021-04-23,0.022125280579464945,0.017643211596511055,0.006783110884316823,0.01904867964973378
2021-04-26,0.011452747509804295,0.0074131663560057515,0.002880299986092627,0.010343655569205579
2021-04-27,0.007389226316128594,0.0016773725612899693,0.0006576989077851092,0.001797611715473213
2021-04-28,0.002476344005512221,-0.009378687221828441,-0.003664401152796426,-0.004466866586841811
2021-04-29,-0.006847246966601883,-0.002489887714314909,-0.0009648221290434744,0.004753674167915278
2021-04-30,-0.013636110274208635,-0.01352448334403722,-0.005248152353607427,-0.005331679042775206
2021-05-03,-0.0011265341477971758,0.0055617568775974124,0.0018333362838676148,0.0002628006912055447
2021-05-04,-0.013457334933080545,-0.006897875561997058,-0.003249611002674624,-0.00970567929703725
2021-05-05,0.012904414637712414,0.014550186078310823,0.006828885235838245,0.004224695216983099
2021-05-06,-0.012962079523081038,-0.0017545487724867082,-0.0008247216949177627,-0.002741121272353264
2021-05-07,0.02975134414572711,0.021522908591132817,0.010167307349109755,0.008359489691891486
2021-05-10,-0.027856127625452642,-0.012599179595021437,-0.00601859030771934,-0.02295427589228982
2021-05-11,-0.004072225513297001,-0.01106292945270182,-0.005255614748300719,0.0025090692342457643
2021-05-12,-0.04348214736549638,-0.04389514520019444,-0.02071526614112673,-0.032743976520798745
2021-05-13,0.007779213780687355,0.011327721716460015,0.005223230720467598,0.0006472787352154175
2021-05-14,0.031008551306210164,0.021832540212364693,0.010119871340595443,0.029699892401261918
2021-05-17,-0.0006323566080590481,0.0022264039973465266,0.001043318828158668,-0.004155992333619296
2021-05-18,-0.007931867033024953,-0.012238482055314859,-0.00574499332727485,-0.007559284492473006
2021-05-19,-0.01425048737330592,-0.013312654051684358,-0.006208220090536565,0.0020619205497900417
2021-05-20,0.015759951876092027,0.015938559079209158,0.007379627497194896,0.021067153202505073
2021-05-21,-0.0003521266099009157,0.0033244322607353105,0.0015562028745836898,-0.00017023326734266764
2021-05-24,0.013134650553433769,0.007692287828061861,0.003595774349745451,0.007598938514093545
2021-05-25,-0.0024972983402015148,-0.0012921773361230793,-0.0006082340313320334,-0.005735985813628441
2021-05-26,0.013813612960557498,0.015404119161800622,0.0072344192700706245,0.007029145229637379
2021-05-27,0.01666700262279841,0.016972243632255468,0.008035963392532652,0.005437663570640128
2021-05-28,-0.0020524413968504573,-0.0032650189084617587,-0.0015590908991376384,0.00044166022028968577
2021-06-01,0.002362818660423871,0.0024807525253986995,0.0010224419216664504,-0.004773344224073717
2021-06-02,-0.007198351163281047,-0.011106347966195695,-0.005889021929736948,0.008769817224805188
2021-06-03,-0.013631356162598474,-0.0038492849348221725,-0.0020314249567406906,-0.0008447515048251031
2021-06-04,0.006770856741385778,0.0005717768129547274,0.00029894336854874304,0.0057349117074438904
2021-06-07,0.004896052228032355,-0.00011045259318398504,-5.511747963771185e-05,-0.004154758416692328
2021-06-08,0.007846799352068112,0.011909680056520378,0.006267339688991624,-0.0003511485981195772
2021-06-09,-0.01689579091488591,-0.01654503229884363,-0.008762519012474046,-0.0051627939159507585
2021-06-10,0.000413510783871196,-0.005983128588689546,-0.0031436018872756932,0.0038261428871633196
2021-06-11,0.010396356728936684,0.010286291399940861,0.0053884833863226955,0.004583933615684765
2021-06-14,-0.012988644227968416,-0.01566954323023284,-0.008251294081280669,-0.011279196367240396
2021-06-15,-0.005647315216731008,0.002321802005848639,0.0012136562437448095,-0.000455774279076282
2021-06-16,-0.0007480169185068997,-0.005971228031319442,-0.0031246687813482055,-0.004556606407089325
2021-06-17,-0.013309868821763882,-0.021930189503616915,-0.011437785060199102,-0.024152163110583103
2021-06-18,-0.014200112259998843,-0.014684962781746802,-0.0075797874377652175,-0.019514858469158014
2021-06-21,0.01735490732853906,0.02356618332873084,0.012073184752346755,0.02387118141150313
2021-06-22,0.00782395830333793,0.003478692091954727,0.0018011831363116126,-0.001301773818547125
2021-06-23,0.01355444532987482,0.006774311623846785,0.0035163533971434013,0.003480808589442441
2021-06-24,0.010617621068628402,0.007334504312646484,0.003819625739057919,0.009513708577742142
2021-06-25,0.004571779937468934,0.004383912246591404,0.002292329425412465,0.008018885071839899
2021-06-28,0.004418232500556396,-0.002041457102049171,-0.0010719679453158326,-0.008475666258614067
2021-06-29,-0.00043943866582396574,0.003242299627896461,0.0016963206167233125,-0.0024124083856598144
2021-06-30,0.008553808849229405,0.005857246760459178,0.0030693174608338314,0.003725700388098163
2021-07-01,0.00019319969501130352,0.0032827653924116795,0.0013664368918406833,0.0038564514187553467
2021-07-02,-0.004041879899949641,-0.0006427778377809945,-0.0004295920317322066,0.0048481739001662305
2021-07-06,-0.02095045475479529,-0.01520200516512571,-0.010189927639249308,-0.01989756341642579
2021-07-07,-0.010441593574648467,0.00279789941022357,0.0018658786690253226,-0.015023558743670562
2021-07-08,-0.009866124502185936,-0.014771518473053469,-0.009862825054544166,-0.009363393328822411
2021-07-09,0.03241405105982098,0.027681294405373036,0.018390294170204324,0.02400607146466527
2021-07-12,0.010057989628200037,0.01053822108894198,0.007064367142777694,0.0032966787429105082
2021-07-13,-0.015736003338110982,-0.012733734716664946,-0.00856451718262341,-0.01616523399785963
2021-07-14,-0.020235039363921015,-0.008175565297763976,-0.005476845918186313,-0.013338266529868248
2021-07-15,-0.010213793876425514,-0.0013835151185744854,-0.0009226273609195257,-0.007127677981150771
2021-07-16,-0.026245176210409338,-0.0175445682473806,-0.011714488644808507,-0.024996430330627484
2021-07-19,-0.019951159266503926,-0.01911056374566622,-0.012686074765021482,-0.020183021168116433
2021-07-20,0.03351020744109667,0.03150765530442867,0.020780949050521302,0.030387740359574256
2021-07-21,0.026749450080914228,0.015268715967373891,0.010173437817625475,0.03555386686039741
2021-07-22,-0.010285421846833787,-0.006515204183631718,-0.004364246637181268,-0.005284019973987419
2021-07-23,-0.002391263796309051,0.006238171773016221,0.004167082927944099,-0.002262501069977385
2021-07-26,0.015219462548631268,0.006168003538902456,0.004131073449096023,0.004716193108986522
2021-07-27,-0.012580271799548237,-0.004872308877277742,-0.0032667683122855617,-0.0013145735554274118
2021-07-28,0.005046190383556581,0.0007038931835452455,0.0004717492229202591,0.000150357618102559
2021-07-29,0.014190015291662306,0.01549080751364218,0.010380310837328377,0.0070613633506864115
2021-07-30,-0.003031197482583403,-0.003269994606001192,-0.002205628787587788,-0.0037349929643651913
2021-08-02,-0.01089573452112369,-0.010605243285355281,-0.005777269880543945,-0.007093631553769186
2021-08-03,0.022426076085294344,0.009984228478574275,0.005810021522251407,0.006505446377365498
2021-08-04,-0.01748185912979705,-0.014397753830592275,-0.00841602032921085,-0.00824112608230887
2021-08-05,0.016458326365177856,0.012526807712091692,0.007276158453117576,0.0014939592754796838
2021-08-06,0.008263327458187808,0.011948058116450833,0.006975795045158106,-0.0012665931515020157
2021-08-09,0.00852344709548003,0.0008845474182777036,0.0005186991916843464,-0.007151165153783001
2021-08-10,0.012252227376184477,0.015202894251605814,0.00891993618932374,0.003613055363245188
2021-08-11,0.0036099742393835843,0.010412364739772695,0.006148230309326985,0.005161943664204083
2021-08-12,0.0037858325038402363,0.0019005716078497326,0.0011254923332233435,3.5115535420349175e-05
2021-08-13,-0.012635482812323517,-0.00860860735940805,-0.0051108603140893605,0.006925334863058241
2021-08-16,-0.018891795743654294,-0.004023574134782826,-0.0023788075832854583,0.0005920971257478147
2021-08-17,-0.02578023831628473,-0.02310262141264463,-0.01364128367885109,-0.007107245685780916
2021-08-18,-0.0024208551758151398,-0.009674615204759873,-0.005656327394067517,-0.007765523468357127
2021-08-19,-0.023028708481245497,-0.015401947142071992,-0.008970218826931609,-0.00848970777191782
2021-08-20,0.011004475842215422,0.006751575977120838,0.003908531584995378,-0.00123527735334783
2021-08-23,0.03005900416337548,0.014967799017086447,0.008684991760037564,0.020072431523464163
2021-08-24,0.018019558817873316,0.009462590133234361,0.005522458620748294,0.01857381473705977
2021-08-25,0.01080422253018587,0.008072953434718144,0.004732718838387884,0.006413685115550738
2021-08-26,-0.010501574638691058,-0.009613572912578472,-0.005655058824764914,-0.012230174238076708
2021-08-27,0.0237696345534113,0.018501921045134262,0.010839683985380821,0.02037044680072575
2021-08-30,-0.011338465282549559,-0.00837211335860133,-0.0049399264400560305,0.007789931485638446
2021-08-31,-0.0057036045136170666,-0.003494850942753258,-0.0020538933758831313,-0.0020859592336097688
2021-09-01,-0.007870191355830669,-0.0012010065228660327,-0.0014988768601532643,0.0006873221731420465
2021-09-02,0.010195170024121847,0.005987164661588773,0.0055619192454181565,0.006530905649256402
2021-09-03,-0.0002936060679689101,0.0011152040097841542,0.0010407886223748886,-0.0004366996901412623
2021-09-07,-0.005356214712970875,-0.00552915285091049,-0.005135098966989493,-0.0034264115818909424
2021-09-08,-0.01657665601528424,-0.003218405691800319,-0.0029872911650478118,-0.0008382442243309862
2021-09-09,0.014934818886734647,0.002380926431739594,0.0022113426811780634,0.003284048060984146
2021-09-10,-0.00668064288570025,-0.005149893182298748,-0.00478273054453604,-0.014523775549704854
2021-09-13,-0.007580033970161493,-0.011310032785692758,-0.010505756527870003,0.004320689484414775
2021-09-14,-0.00895863532016461,-0.0034192989156591747,-0.0031645116807392792,-0.012646676681905888
2021-09-15,0.019390573286332424,0.011218221128876937,0.010399042170830874,0.00890888305316917
2021-09-16,2.602653492811413e-05,-0.0013579360159623466,-0.0012591667064184575,-0.0010142520558921175
2021-09-17,-0.010923685106563163,-0.009914224394896642,-0.009200525885479593,-0.001098850670074203
2021-09-20,-0.035125680414109905,-0.021069064657468717,-0.019520943943054148,-0.006416159453093817
2021-09-21,0.000724671552394085,-0.00039289864268921004,-0.0003618070374892257,-0.00770053724637898
2021-09-22,0.023660605688464065,0.01162690025797386,0.010763080662200553,0.012588361070096088
2021-09-23,0.02691400064825178,0.01789302581968233,0.016578236591551887,0.015331217024119104
2021-09-24,-0.005782546063607508,-0.007934401732404894,-0.007362137124223511,-0.009543904465352582
2021-09-27,0.004939415333184538,-0.011205873062233973,-0.010400842721029813,-0.005299555807160017
2021-09-28,-0.024636184941005057,-0.022965174563974178,-0.021280750591553765,-0.014945976602057653
2021-09-29,-0.008806195684321727,-0.0005389767008303625,-0.0004940262511542448,0.0022728128877320675
2021-09-30,-0.014856265436046345,-0.021359198415905833,-0.01974630177121406,-0.012175737194666247
2021-10-01,0.010778681361642173,0.00025907912124112364,4.624277260290022e-05,0.009787685701875493
2021-10-04,-0.004761606226363124,-0.012696456944825907,-0.010482562741918278,-0.015511525861868547
2021-10-05,0.017431071735100723,0.010238414218960878,0.008433482518125812,0.011818523899321587
2021-10-06,-0.012286562430417813,-0.005838223522541042,-0.004817523247946154,-0.002015072712075683
2021-10-07,0.014104818341173608,0.009047614913815671,0.007456339050389671,0.009335081068911455
2021-10-08,-0.00035132856423503167,-0.008631952708995638,-0.007128900078948952,-0.00740442623846338
2021-10-11,-0.0017911608480285501,-0.006309324265271088,-0.00520533040535387,-0.00822672524710033
2021-10-12,0.00390514856877755,0.0066347398379709155,0.005462462434749682,0.000409362125482593
2021-10-13,0.004794785449906636,0.006112395611731047,0.005039790661140797,-0.0017818930647489628
2021-10-14,0.02096956905989189,0.019199229821256436,0.015849396253900583,0.01730756490639873
2021-10-15,0.00418957879406312,0.0015724007995634448,0.001304515611144641,0.002865338743562651
2021-10-18,0.014098760356886286,0.010921988106071145,0.009045988833724206,-0.00998170085090766
2021-10-19,0.002930988803114376,0.002361881761468121,0.001960715717585826,0.006006732558849315
2021-10-20,0.0056580443163027905,0.007092578137918526,0.005888428923685574,0.008839965256253635
2021-10-21,-0.006028812899568803,0.0018824798750167737,0.0015683384733904404,-0.0011369868779881331
2021-10-22,0.004111951971675687,0.003026093607356728,0.002514459268567526,-8.560859100981144e-05
2021-10-25,0.01557867840287841,0.006844560133661526,0.005688048865672535,0.0004796210785327215
2021-10-26,-0.0007866253319984695,-0.003205540586505795,-0.0026697023370817474,-0.0008044422210695679
2021-10-27,-0.024449911463714447,-0.018576873879137645,-0.01546599792957537,-0.004331940762615671
2021-10-28,0.021069465228786388,0.016956756008113638,0.014068764103034592,0.007160785638824718
2021-10-29,-0.0021969859484970433,0.0047135159794085,0.003919557258035722,-0.0008109142134903324
2021-11-01,0.011875623620504872,-0.0022522161719673583,-0.0017846314078208136,0.0030038970388113206
2021-11-02,0.0036433979223611246,0.0060548163054423565,0.004830396614154964,-0.0010017698842990086
2021-11-03,0.0032120312982402144,-0.004384694598183803,-0.0034961247830853637,0.008452366669041478
2021-11-04,-0.0016695451018543528,-0.012845094758501152,-0.010248411830284021,0.0010468135334140705
2021-11-05,0.0072719478378699964,0.0005168761409797273,0.00041706287749287974,0.014423991955484716
2021-11-08,0.013949004656453656,0.007428952998030924,0.0059200165978490205,0.0067318241314926475
2021-11-09,-0.004884193687072269,0.0003036358562329422,0.00023968768236537485,-0.009307815095168426
2021-11-10,-0.028772662917850633,-0.01195320089940033,-0.009535727760223489,-0.006720300926675082
2021-11-11,0.010676116722666107,0.005883325755438484,0.004683686054749225,0.008946387646424636
2021-11-12,0.0060494238144706,0.0042081493758765465,0.0033501366172141722,0.00935951447860739
2021-11-15,-0.001378602387982819,0.0041559870176290925,0.003316162688118185,-0.003680408708935823
2021-11-16,-0.0005532254794226033,-0.0024060050758530904,-0.0019223299754982381,0.0023938793659985524
2021-11-17,-0.013865629762473741,-0.00774141000623807,-0.006178247608674692,-0.00677900321887559
2021-11-18,0.008454660938236325,0.006039393913019442,0.004812362504889256,-0.003900965831280523
2021-11-19,-0.02575475266036109,-0.01362047031201441,-0.010868579838468229,-0.00772828862466679
2021-11-22,0.011002042084613084,0.003494050459877718,0.002780059660502543,-0.004951773183089592
2021-11-23,0.018596782921508792,0.013949873831501591,0.011108035392781934,0.010895131692296056
2021-11-24,0.004746981952572504,0.008646206306246462,0.006905242854673865,0.0030224910659144566
2021-11-26,-0.032489804692941604,-0.023022183434342924,-0.018416640136224016,-0.044491189962192146
2021-11-29,0.02027819132920694,0.017018703333644858,0.013540823465441054,0.01323425718828819
2021-11-30,-0.03225739861633148,-0.02926910233463964,-0.02336678635342837,-0.021445751884980324
2021-12-01,-0.028040547418415218,-0.014435373687785913,-0.011886170408179075,-0.03273738593224651
2021-12-02,0.02154589681266228,0.020664889754019145,0.016698249947729504,0.035903385305247504
2021-12-03,-0.02101644997557317,-0.009588222212360664,-0.007779094753088689,-0.013102315912982165
2021-12-06,-0.004110195938411665,-0.004096512529771168,-0.0033090217143952882,0.023495164867518348
2021-12-07,0.04253084146864183,0.0296832986291653,0.02401215585121874,0.01907020385503877
2021-12-08,-0.0015127866292015124,0.00135404550339846,0.0010997709955813395,0.01369641329036897
2021-12-09,-0.020759285108854497,-0.013630542711934424,-0.011088827223417419,-0.020364445906036588
2021-12-10,0.014483918495412862,0.016801593956895067,0.013644276741915373,0.005713766168330192
2021-12-13,-0.026088191541273953,0.0016180097077043154,0.0013199444939193672,-0.014995952406197666
2021-12-14,-0.009537688660617438,-0.010988492822041507,-0.008949557108350659,0.005681995877334867
2021-12-15,0.009514847312364738,0.025315894699047048,0.02058019912675846,0.022440330839575973
2021-12-16,-0.006769398308194452,0.0002729635379647988,0.00022296495330875743,-0.0036428585240151357
2021-12-17,-0.004424915323447576,-0.01198176601434886,-0.009791073357361957,-0.0049812080575998285
2021-12-20,-0.025089058331091207,-0.014484865267430092,-0.01179911770898845,0.0026810166106079336
2021-12-21,0.030307739350887708,0.010153366192197533,0.008245584799632777,0.030674743749038447
2021-12-22,0.014341413789173973,0.009522311872795841,0.007753890378375816,0.01288380257982702
2021-12-23,0.005541039427187311,0.0016403202859931465,0.001338863579776417,0.009439751352223746
2021-12-27,0.027663518509380314,0.019239067071307625,0.015692077282506878,0.0013857756741952887
2021-12-28,-0.010932417592049437,-8.66209225331982e-05,-6.937754124292095e-05,-0.0012348300591497052
2021-12-29,-0.0002321010943820978,0.0057685578366919454,0.004723187569212195,0.004026463639785094
2021-12-30,-0.007021722262967045,-0.0030069885236150284,-0.0024637894657572046,0.002752281732582018
2021-12-31,0.0007850698583427018,0.0021685359788015113,0.0017765753729463984,0.0019508748313288304
2022-01-03,0.001845403301931503,-0.02212387908846991,-0.015850690187010574,0.011635738873533086
2022-01-04,0.01954216454449864,0.007914449160452142,0.005578261260799966,0.0040951781191382874
2022-01-05,-0.0299452770305203,-0.026598286318841424,-0.018784501873926995,-0.021889326363275563
2022-01-06,0.010879503624468434,0.005386307535775847,0.0037689947638022137,0.000848430589771354
2022-01-07,-0.011087045918112381,-0.016434154605533102,-0.011532411804254239,0.001451635571434462
2022-01-10,-0.0009117736444080871,-0.0010244496398801317,-0.000718570958191056,0.023347322723738406
2022-01-11,0.015888894175335677,0.00315540206080267,0.002202398917567683,0.0046059533006515
2022-01-12,0.0073497419881800585,0.005644678762132038,0.0039418879008252805,0.0024301916051931993
2022-01-13,-0.017061672720279364,-0.01431427118846218,-0.010017096788453306,-0.03606245834574573
2022-01-14,0.007410068121675106,-0.006922053676486684,-0.004824621063679202,-0.0011660168150647854
2022-01-18,-0.02424475408669624,-0.017984117924517262,-0.012504601490829659,-0.027379320427071807
2022-01-19,-0.020321666128499283,-0.017514656658174532,-0.012113578620004506,-0.00915644092940815
2022-01-20,-0.02124287298493055,-0.015751182834955135,-0.010834967570875764,-0.008161060845369272
2022-01-21,-0.030513157804386903,-0.016123219476445128,-0.011034342254940044,-0.02003605949189391
2022-01-24,0.01629015572335657,0.009040770379110885,0.006153200323653518,-0.020238795909179763
2022-01-25,0.0011334838479357678,-0.009812273310258468,-0.0067009567553376614,0.0
2022-01-26,-0.0028882053612117042,-0.005646326727527851,-0.003843116055143203,0.0
2022-01-27,-0.003561482550394901,-0.008330666741634185,-0.0056622955805879505,0.0
2022-01-28,0.017805035417348458,0.02531431543924123,0.01715229923510453,0.0
2022-01-31,0.023003219851303713,0.01667090054787357,0.011387234396010637,0.03785055174609098
2022-02-01,0.01914293287749458,0.005245771310295133,0.00359916810344707,0.014508502674629664
2022-02-02,0.016084801341437194,0.026469696073456284,0.017936309840125952,0.004728455171517432
2022-02-03,-0.024550651141292734,-0.011172168978577313,-0.007634057136590933,-0.019860242343551437
2022-02-04,0.0010907891831815064,-0.0053155740193367995,-0.0036185525109379,-0.0063763799013516476
2022-02-07,-0.000639992708287962,-0.006805300282973548,-0.00462542443775138,-0.003160949304498173
2022-02-08,0.00335230540803666,0.005332287164846239,0.0036193411906573214,0.005584651457111178
2022-02-09,0.027648759552017177,0.018292910303548515,0.012427828001550179,0.012275829680955308
2022-02-10,-0.012979738649309569,-0.021070296170998315,-0.014393471323980056,-0.01611897704333165
2022-02-11,-0.01803505814710704,-0.014686121799217244,-0.009970044336702899,-0.013059618048357091
2022-02-14,-0.014963989010316259,-0.009801578694841773,-0.006621420153053448,-0.004325072666697349
2022-02-15,0.01890883136098176,0.010531807490285594,0.0070934904779846875,0.0
2022-02-16,0.005609970476845749,0.0007387110456260615,0.0005011636977800826,0.0
2022-02-17,-0.019652878848901767,-0.01569689901878113,-0.010606309778952161,0.0
2022-02-18,-0.005605602968824841,-0.0013995216515119147,-0.0009391127415091516,0.0
2022-02-22,-0.022200071269776966,-0.011624118492539082,-0.007812017057127085,0.0
2022-02-23,-0.016362207494468595,-0.014556927846361423,-0.009746201688400125,0.0
2022-02-24,0.023678450973703802,0.016672153021536573,0.011104183358019215,0.0
2022-02-25,0.025178232429195146,0.03225763043969443,0.02160899216957124,0.0
2022-02-28,-0.006771303303855891,-0.0046516657967654584,-0.003147264166838859,0.0
2022-03-01,0.00421547391919197,0.0010279610847065968,0.000693629426707032,0.0
2022-03-02,0.0,0.0,0.0,0.0
2022-03-03,0.0,0.0,0.0,0.0
2022-03-04,0.0,0.0,0.0,0.0
2022-03-07,0.0,0.0,0.0,0.0
2022-03-08,0.0,0.0,0.0,0.0
2022-03-09,0.0,0.0,0.0,0.0
2022-03-10,0.0,0.0,0.0,0.0
2022-03-11,0.0,0.0,0.0,0.0
2022-03-14,0.0,0.0,0.0,0.0
2022-03-15,0.0,0.0,0.0,0.0
2022-03-16,0.0,0.0,0.0,0.0
2022-03-17,0.0,0.0,0.0,0.0
2022-03-18,0.0,0.0,0.0,0.0
2022-03-21,0.0,0.0,0.0,0.015854389675787006
2022-03-22,0.0,0.0,0.0,-0.002487302437361283
2022-03-23,0.0,0.0,0.0,0.007277989815437147
2022-03-24,0.0,0.0,0.0,0.004293565733945792
2022-03-25,0.0,0.0,0.0,0.014933024591995192
2022-03-28,0.0,0.0,0.0,0.0009034012614876907
2022-03-29,0.0,0.0,0.0,0.028393353549827527
2022-03-30,0.0,0.0,0.0,-0.01976949683742013
2022-03-31,0.0,0.0,0.0,-0.01567916423268334
2022-04-01,-1.855214755674961e-05,0.003585686628796214,0.002826658584587083,-0.0005982653874873067
2022-04-04,0.008245318939279267,-0.002075537663009941,-0.0016374205283469223,0.00483207941519459
2022-04-05,-0.01874842439853397,-0.003813413156822709,-0.0030071344580103743,-0.022547988925988083
2022-04-06,-0.0074951767542693615,0.013490475384355882,0.010629550014327194,-0.015103542902536682
2022-04-07,0.014442997314015882,0.013379580451331918,0.010572015721561634,0.011072700344135322
2022-04-08,0.01917805202085132,0.00834920452452459,0.00661553979172913,0.0036187157333769093
2022-04-11,-0.02655304477434528,-0.017807544726992974,-0.014134210647226308,0.0009745942805428065
2022-04-12,0.015257273876849053,0.006523575573491147,0.005158601866625645,-0.002999561426651698
2022-04-13,0.01396376689801393,0.0034403213841618374,0.002724173011853681,0.02863531007539244
2022-04-14,-0.004257772468913679,-0.0022513452209640405,-0.0017839711614121567,-0.016729005257186347
2022-04-18,0.011957671496373612,0.00030130698346564344,0.00023864456279798496,-0.006978341667423726
2022-04-19,0.0023206365619805602,0.00518282554565741,0.004105217236903824,0.0
2022-04-20,0.0014509369281967555,0.013551223162179493,0.01074518473419972,0.0
2022-04-21,-0.03329865292135237,-0.019043612379085584,-0.015142191812404837,0.0
2022-04-22,-0.0359594011956087,-0.02821406954979455,-0.022345048919783284,0.0
2022-04-25,-0.01725662560917196,-0.007147191105195572,-0.005626469576779813,0.0
2022-04-26,-0.014580489372810645,-0.011568596389645136,-0.009093196234330359,0.0
2022-04-27,0.005554009753043987,0.00023178515747201978,0.00018173360460504995,0.0
2022-04-28,0.02684175796856003,0.01674145811550387,0.013126974204543007,0.0
2022-04-29,-0.0343584986307075,-0.04152076285666062,-0.03267257242560917,0.0
2022-05-02,-0.007128273142770314,-0.00010472245015014092,-8.165203394416842e-05,0.0
2022-05-03,0.0,0.0,0.0,0.0
2022-05-04,0.0,0.0,0.0,0.0
2022-05-05,0.0,0.0,0.0,0.0
2022-05-06,0.0,0.0,0.0,0.0
2022-05-09,0.0,0.0,0.0,0.0
2022-05-10,0.0,0.0,0.0,0.0
2022-05-11,0.0,0.0,0.0,0.0
2022-05-12,0.0,0.0,0.0,0.0
2022-05-13,0.0,0.0,0.0,0.0
2022-05-16,0.0,0.0,0.0,0.0
2022-05-17,0.0,0.0,0.0,0.0
2022-05-18,0.0,0.0,0.0,0.0
2022-05-19,0.0,0.0,0.0,0.0
2022-05-20,0.0,0.0,0.0,0.0
2022-05-23,0.0,0.0,0.0,0.0
2022-05-24,0.0,0.0,0.0,0.0
2022-05-25,0.0,0.0,0.0,0.0
2022-05-26,0.0,0.0,0.0,0.0
2022-05-27,0.0,0.0,0.0,0.0
2022-05-31,0.0,0.0,0.0,0.0
2022-06-01,0.0,0.0,0.0,0.0
2022-06-02,0.0,0.0,0.0,0.0
2022-06-03,0.0,0.0,0.0,0.0
2022-06-06,0.0,0.0,0.0,0.0
2022-06-07,0.0,0.0,0.0,0.0
2022-06-08,0.0,0.0,0.0,0.0
2022-06-09,0.0,0.0,0.0,0.0
2022-06-10,0.0,0.0,0.0,0.0
2022-06-13,0.0,0.0,0.0,0.0
2022-06-14,0.0,0.0,0.0,0.0
2022-06-15,0.0,0.0,0.0,0.0
2022-06-16,0.0,0.0,0.0,0.0
2022-06-17,0.0,0.0,0.0,0.0
2022-06-21,0.0,0.0,0.0,0.0
2022-06-22,0.0,0.0,0.0,0.0
2022-06-23,0.0,0.0,0.0,0.0
2022-06-24,0.0,0.0,0.0,0.0
2022-06-27,0.0,0.0,0.0,0.0
2022-06-28,0.0,0.0,0.0,0.0
2022-06-29,0.0,0.0,0.0,0.0
2022-06-30,0.0,0.0,0.0,0.0
2022-07-01,0.0,0.0,0.0,0.0
2022-07-05,0.0,0.0,0.0,0.0
2022-07-06,0.0,0.0,0.0,0.0
2022-07-07,0.0,0.0,0.0,0.0
2022-07-08,0.0,0.0,0.0,0.0
2022-07-11,0.0,0.0,0.0,0.0
2022-07-12,0.0,0.0,0.0,0.0
2022-07-13,0.0,0.0,0.0,0.0
2022-07-14,0.0,0.0,0.0,0.0
2022-07-15,0.0,0.0,0.0,0.0
2022-07-18,0.0,0.0,0.0,0.0
2022-07-19,0.0,0.0,0.0,0.0
2022-07-20,0.0,0.0,0.0,0.0
2022-07-21,0.0,0.0,0.0,0.0
2022-07-22,0.0,0.0,0.0,0.0
2022-07-25,0.0,0.0,0.0,0.0
2022-07-26,0.0,0.0,0.0,0.0
2022-07-27,0.0,0.0,0.0,0.0
2022-07-28,0.0,0.0,0.0,0.0
2022-07-29,0.0,0.0,0.0,0.0
2022-08-01,0.0,0.0,0.0,0.0
2022-08-02,0.0,0.0,0.0,0.0
2022-08-03,0.0,0.0,0.0,0.0
2022-08-04,0.0,0.0,0.0,0.0
2022-08-05,0.0,0.0,0.0,0.0
2022-08-08,0.0,0.0,0.0,0.0
2022-08-09,0.0,0.0,0.0,0.0
2022-08-10,0.0,0.0,0.0,0.0
2022-08-11,0.0,0.0,0.0,0.0
2022-08-12,0.0,0.0,0.0,0.0
2022-08-15,0.0,0.0,0.0,0.0
2022-08-16,0.0,0.0,0.0,0.0
2022-08-17,0.0,0.0,0.0,0.0
2022-08-18,0.0,0.0,0.0,0.0
2022-08-19,0.0,0.0,0.0,0.0
2022-08-22,0.0,0.0,0.0,0.0
2022-08-23,0.0,0.0,0.0,0.0
2022-08-24,0.0,0.0,0.0,0.0
2022-08-25,0.0,0.0,0.0,0.0
2022-08-26,0.0,0.0,0.0,0.0
2022-08-29,0.0,0.0,0.0,0.0
2022-08-30,0.0,0.0,0.0,0.0
2022-08-31,0.0,0.0,0.0,0.0
2022-09-01,0.0,0.0,0.0,0.0
2022-09-02,0.0,0.0,0.0,0.0
2022-09-06,0.0,0.0,0.0,0.0
2022-09-07,0.0,0.0,0.0,0.0
2022-09-08,0.0,0.0,0.0,0.0
2022-09-09,0.0,0.0,0.0,0.0
2022-09-12,0.0,0.0,0.0,0.0
2022-09-13,0.0,0.0,0.0,0.0
2022-09-14,0.0,0.0,0.0,0.0
2022-09-15,0.0,0.0,0.0,0.0
2022-09-16,0.0,0.0,0.0,0.0
2022-09-19,0.0,0.0,0.0,0.0
2022-09-20,0.0,0.0,0.0,0.0
2022-09-21,0.0,0.0,0.0,0.0
2022-09-22,0.0,0.0,0.0,0.0
2022-09-23,0.0,0.0,0.0,0.0
2022-09-26,0.0,0.0,0.0,0.0
2022-09-27,0.0,0.0,0.0,0.0
2022-09-28,0.0,0.0,0.0,0.0
2022-09-29,0.0,0.0,0.0,0.0
2022-09-30,0.0,0.0,0.0,0.0
2022-10-03,0.0,0.0,0.0,0.0
2022-10-04,0.0,0.0,0.0,0.0
2022-10-05,0.0,0.0,0.0,0.0
2022-10-06,0.0,0.0,0.0,0.0
2022-10-07,0.0,0.0,0.0,0.0
2022-10-10,0.0,0.0,0.0,0.0
2022-10-11,0.0,0.0,0.0,0.0
2022-10-12,0.0,0.0,0.0,0.0
2022-10-13,0.0,0.0,0.0,0.0
2022-10-14,0.0,0.0,0.0,0.0
2022-10-17,0.0,0.0,0.0,0.0
2022-10-18,0.0,0.0,0.0,0.0
2022-10-19,0.0,0.0,0.0,0.0
2022-10-20,0.0,0.0,0.0,0.0
2022-10-21,0.0,0.0,0.0,0.0
2022-10-24,0.0,0.0,0.0,0.0
2022-10-25,0.0,0.0,0.0,0.0
2022-10-26,0.0,0.0,0.0,0.0
2022-10-27,0.0,0.0,0.0,0.0
2022-10-28,0.0,0.0,0.0,0.0
2022-10-31,0.0,0.0,0.0,0.0
2022-11-01,0.0,0.0,0.0,0.0
2022-11-02,0.0,0.0,0.0,0.0
2022-11-03,0.0,0.0,0.0,0.0
2022-11-04,0.0,0.0,0.0,0.0
2022-11-07,0.0,0.0,0.0,0.0
2022-11-08,0.0,0.0,0.0,0.0
2022-11-09,0.0,0.0,0.0,0.0
2022-11-10,0.0,0.0,0.0,0.0
2022-11-11,0.0,0.0,0.0,0.0
2022-11-14,0.0,0.0,0.0,0.0
2022-11-15,0.0,0.0,0.0,0.0
2022-11-16,0.0,0.0,0.0,0.0
2022-11-17,0.0,0.0,0.0,0.0
2022-11-18,0.0,0.0,0.0,0.0
2022-11-21,0.0,0.0,0.0,0.0
2022-11-22,0.0,0.0,0.0,0.0
2022-11-23,0.0,0.0,0.0,0.0
2022-11-25,0.0,0.0,0.0,0.0
2022-11-28,0.0,0.0,0.0,0.0
2022-11-29,0.0,0.0,0.0,0.0
2022-11-30,0.0,0.0,0.0,0.0
2022-12-01,-0.017919317812444158,-0.008733006702655532,-0.005270309166756082,0.0
2022-12-02,0.0014690255952671816,0.005982153470026175,0.0035976210365815664,0.0
2022-12-05,-0.025663473623976474,-0.018253402741911895,-0.011003538130210377,-0.02688758834197802
2022-12-06,-0.01999395792547931,-0.009444979563749567,-0.00565189657364884,-0.01757519817681341
2022-12-07,-0.00016698040785478874,0.0024520070150777507,0.0014616892246763769,-0.0016661777942051925
2022-12-08,-0.005558397522800296,-0.0012618836335615002,-0.0007529773184222766,-0.0016207718586668252
2022-12-09,-0.023370329622172115,-0.015910316463622842,-0.009488993882684094,-0.006468153846707181
2022-12-12,0.023358470410649312,0.012651606432260376,0.007496566457534604,-0.0001533012839021186
2022-12-13,0.006608509485335867,-0.005982021532844661,-0.003562715762761237,0.0
2022-12-14,-0.0040551395999922635,0.0010548219727806174,0.0006266955937179741,0.0
2022-12-15,-0.0028977098311668836,-0.012611923998224528,-0.0074962592019583996,0.0
2022-12-16,-0.00843384191610752,-0.004630093748120734,-0.002737844388821409,0.0
2022-12-19,-0.0030537874959594147,-0.003301556781153292,-0.0019485561022236642,0.0
2022-12-20,0.01053737312892622,0.005305308446893475,0.0031269118243510974,0.0
2022-12-21,0.017958394711859338,0.0130998167145977,0.007737707517776027,0.0
2022-12-22,-0.01994231646294431,-0.009955573751268876,-0.005911777928166662,0.0
2022-12-23,0.023032137758613347,0.009573983914056727,0.005662057376852214,0.0
2022-12-27,0.003512656928863711,0.0022152559830257434,0.0013151993220861247,0.0
2022-12-28,-0.022096769998598664,-0.012530482064081805,-0.007446044685980757,0.0
2022-12-29,0.004974957838455474,0.004240154448526434,0.0025067389497095416,0.0
2022-12-30,0.005897399483506094,-0.0010384059648447241,-0.0006149571977809298,0.0
2023-01-03,-0.00998343383756184,-0.00489580169559356,-0.0028981274455468498,0.0
2023-01-04,0.0,0.0,0.0,0.0
2023-01-05,0.0,0.0,0.0,0.0
2023-01-06,0.0,0.0,0.0,0.0
2023-01-09,0.0,0.0,0.0,0.0
2023-01-10,0.0,0.0,0.0,0.0
2023-01-11,0.0,0.0,0.0,0.0
2023-01-12,0.0,0.0,0.0,0.0
2023-01-13,0.0,0.0,0.0,0.0
2023-01-17,0.0,0.0,0.0,-0.005413510419032597
2023-01-18,0.0,0.0,0.0,-0.019400296095360425
2023-01-19,0.0,0.0,0.0,-0.007249989988923344
2023-01-20,0.0,0.0,0.0,0.006005960067248184
2023-01-23,0.0,0.0,0.0,0.005426126993545832
2023-01-24,0.0,0.0,0.0,0.004959732208843715
2023-01-25,0.0,0.0,0.0,-0.0034013349454432573
2023-01-26,0.0,0.0,0.0,-0.0016389058294068448
2023-01-27,0.0,0.0,0.0,-0.0053028053647697915
2023-01-30,0.0,0.0,0.0,-0.008542409708511278
2023-01-31,0.0,0.0,0.0,0.010670670572779484
2023-02-01,-0.005123149097227442,0.00024465640825765966,0.00016083861035709468,0.007665717239204062
2023-02-02,-0.018624906286746734,-0.01551133079861533,-0.010198097752549984,0.008396245903457444
2023-02-03,-0.0031920960458456937,-0.003808732486222044,-0.0024906518151828205,-0.004199131860034955
2023-02-06,-0.005797970560677768,-0.0026918849233646958,-0.0017579835009304823,-0.004869788389117113
2023-02-07,0.01983897596151718,0.013218940445756111,0.008624788580774645,0.015103060381710831
2023-02-08,-0.00587600468739935,-0.0028927303441579344,-0.0018959785753126512,-0.006020708595719126
2023-02-09,-0.007543848258295682,-0.008727191451611271,-0.0057143397060555046,-0.0035707782252262232
2023-02-10,0.02303437140998077,0.012366902079921527,0.008072991417157782,0.015923073507966512
2023-02-13,0.0015274742638484717,0.008225159173637753,0.005392173264610278,0.006533590844740145
2023-02-14,0.0008219287754185345,-0.0021027797029752326,-0.0013824051227389056,0.006199979263499911
2023-02-15,-0.0042900179077492995,0.006801418949851978,0.004468149382882869,0.0077177012406939305
2023-02-16,-0.009378719073560582,-0.010849163219177393,-0.007143845424617878,-0.025763953105532256
2023-02-17,-0.0077205913427156325,0.0016726512479787736,0.0010972798278674478,-0.007465122098828103
2023-02-21,-0.011681054231372667,-0.01690686467174174,-0.011097486052736194,-0.016929876371947872
2023-02-22,-0.00014395412839773858,-0.0014012586741919408,-0.0009143680197168935,-0.0015799438600492266
2023-02-23,0.010597719806519912,0.007578499154187401,0.004942813469658747,0.007826439046938471
2023-02-24,-2.6881798852351757e-05,-0.0045090090450650155,-0.0029485579261345762,-0.010809664972126654
2023-02-27,0.0041857919596755,0.004973087056937109,0.0032469409290691864,0.0025708987900787683
2023-02-28,-0.009952952752423805,-0.005889264386666149,-0.0038517311402402887,0.0012547299536440626
2023-03-01,0.017752822470771035,0.01259825135901882,0.00931886975823537,0.0006580317967783689
2023-03-02,0.006166384272860315,0.0032984268522131543,0.0024696321949067013,0.013565476270059884
2023-03-03,0.018296342549209754,0.014224613538775577,0.010666837350072678,0.020689018121831104
2023-03-06,-0.001303828560395237,-0.0009391739969740742,-0.0007098495321717913,0.0026518032814308867
2023-03-07,-0.01402075122979074,-0.012428772703325541,-0.009351067834524107,-0.012847994900692328
2023-03-08,-0.004744344956919,-0.0038021887438525193,-0.00285113144798399,-0.001585851287254969
2023-03-09,-0.015433372779168897,-0.016477558930481973,-0.012352172356231428,-0.020362147775592643
2023-03-10,-0.01721845938236133,-0.015825690633983758,-0.011813439629481226,-0.012106102365687654
2023-03-13,-0.013908068928169315,-0.014538878202833838,-0.010807153436012795,-0.011420807305359992
2023-03-14,0.013837235879546883,0.013408905175932073,0.00992858184031098,0.0
2023-03-15,-0.033890309808429886,-0.02526765742008208,-0.01877611903255949,0.0
2023-03-16,0.015394708511291988,0.013659590390241894,0.010079957586622168,0.0
2023-03-17,-0.018237913700640984,-0.020061494950083247,-0.014860623919791816,0.0
2023-03-20,0.01896793149170284,0.02003412639662816,0.014760865743276952,0.005464442348928955
2023-03-21,0.01808183197677904,0.012784337583695127,0.009470425061280707,0.04005600527602682
2023-03-22,-0.020554803933546584,-0.018330123048155067,-0.013619444260183688,-0.02766748936137442
2023-03-23,-0.0030594529931825543,-0.00932821566153541,-0.006898268090421489,-0.007418945111117736
2023-03-24,0.006726837635999239,0.0059657928714995645,0.004397011982349541,-0.004567547029991292
2023-03-27,0.012430605410447937,0.010609334985740793,0.007836393427537836,0.018006063742483702
2023-03-28,0.009610850043102026,0.005798258772107934,0.004297648990241099,4.666687148957571e-05
2023-03-29,0.012590435985017523,0.010642526718523948,0.00789674609558988,0.020033627952078525
2023-03-30,0.002023310141210599,0.0052574276353225535,0.003911059348707946,0.0045243950599955784
2023-03-31,0.010699091165215835,0.013285887601984347,0.009899050501446682,0.013993313689100617
2023-04-03,0.008332067223329354,0.0015310174704545876,0.0012097519110669808,0.012371085264989867
2023-04-04,-0.02619580122983589,-0.032005703951233144,-0.01888821338449498,-0.005206374332077712
2023-04-05,0.0038552178660367087,-0.009198493724613677,-0.005361368758259322,0.00808304607013266
2023-04-06,-0.0005765172721914347,-0.0008397145439906772,-0.0004888901061823603,0.004989968874630435
2023-04-10,0.010003917351008695,0.01455388836599436,0.008437872974277782,0.022794270809065376
2023-04-11,0.003395761623120608,0.0074634325710118965,0.004354467935848927,0.003590726783374132
2023-04-12,0.0005205555106151394,0.005840647842417779,0.0034211104904575684,-0.011142272596437297
2023-04-13,0.005569205304543745,0.0006188549764247764,0.00036186778138302955,0.010105279476704698
2023-04-14,0.0011044445234107414,7.107221033519906e-05,4.224428899268773e-05,-0.000784728104848198
2023-04-17,0.002199632116169248,0.008379665940231984,0.004915972773852806,-0.002013155169996117
2023-04-18,0.004000650806861739,0.005013392433249608,0.0029522996820923186,0.0014473213352645953
2023-04-19,-0.004656609863560646,-0.011335185763189037,-0.006688405991117086,-0.004130492589143775
2023-04-20,0.006043637011358349,0.0064443162012297606,0.0037835332062383653,-0.00617806730334447
2023-04-21,-0.0005914374159982083,-0.00014358673684544687,-8.43788121267508e-05,-0.0026883306507622384
2023-04-24,0.005990949392051803,0.003967933896747766,0.0023366781439153606,0.002672643491103077
2023-04-25,-0.009948574454207604,-0.01140559345817116,-0.0067249502371218295,-0.018697239489287476
2023-04-26,-0.014259479409449938,-0.013009406561441228,-0.007633280978649348,-0.01046424416951286
2023-04-27,0.009922202984576467,0.015773313805099054,0.00921191979877678,0.022540350177121082
2023-04-28,0.002704196671165171,0.0010372414397499252,0.0006143442509523034,0.015953170616512358
2023-05-01,0.0029920873100361955,0.0046510566044835056,0.003069588013316915,-0.0027800989262269926
2023-05-02,-0.01618679497319686,-0.011802843513265993,-0.007930719151777454,-0.019230846397636947
2023-05-03,-0.015000562800036144,-0.014090631175593393,-0.009429538592996112,-0.009213031570376562
2023-05-04,-0.011461542724392926,-0.016579114413031837,-0.011041512429109557,-0.010018230267781592
2023-05-05,0.017289316635701102,0.019468237859190607,0.012898095160247092,0.018334006329925545
2023-05-08,0.005071465244922635,0.0018977990073996143,0.0012649708413348115,-0.007730577317526022
2023-05-09,0.0004693779783266905,0.0012588580623917878,0.0008380685378270858,-0.0027403537373535958
2023-05-10,0.004311677184467122,0.002415504986411854,0.0016141624545766842,-0.0024542902918479603
2023-05-11,-0.002039512230381124,0.0007024679742027029,0.000468143363050455,-0.004807135571858523
2023-05-12,0.010889466911399914,0.014348995329435787,0.009582067511669123,-0.0004170364506576041
2023-05-15,-0.000990177781597601,-0.0007925198907250408,-0.0005275457290925267,0.01349681732939123
2023-05-16,-0.008281781691293788,-0.012928942910611085,-0.00867515927157736,-0.01994217610718696
2023-05-17,0.009877569956916687,0.008960104432624849,0.00599012494783091,0.02286206379451472
2023-05-18,0.01571485046719978,0.01842966491605269,0.012362034205769978,0.007496984740185786
2023-05-19,-0.006648832230050528,-0.0029279837531952513,-0.0019778100115138697,-0.002693090373967255
2023-05-22,-0.008174750475158254,-0.0034429166303189263,-0.00231701090777503,-0.005255673464745314
2023-05-23,-0.023576412041915518,-0.01866746168150024,-0.012567325875325608,-0.005650708093405843
2023-05-24,-0.0023483402195896286,-0.0061197537379227285,-0.0040921114390749525,-0.009561003514161559
2023-05-25,0.021831435119798792,0.01145033088424996,0.00764713427112973,-0.011530219251084883
2023-05-26,0.014063519431050775,0.011840049752878112,0.007939520561806468,0.0037199050842504633
2023-05-30,0.0031252176962159872,0.0006243382174604406,0.0004229584828607802,-0.011860788591831595
2023-05-31,-0.01159493400278011,-0.01169873056621995,-0.007868314804589382,0.0014332394369567236
2023-06-01,0.011213952007723238,0.0086357671601347,0.006519192834525178,0.0013617189229360172
2023-06-02,0.011183270822107572,0.013588738659572552,0.0106571456453326,0.014785915309958098
2023-06-05,-0.0009550057626460662,-0.001864299169789807,-0.0014672001715444472,-0.009065971146697827
2023-06-06,0.00024174908517982097,-0.003782640249805347,-0.0029768877705980135,0.00030516848186490364
2023-06-07,-0.008901376746875633,-0.004922809377801984,-0.0038678196558598055,0.002275281071393076
2023-06-08,0.009564120774750107,0.007622398576233813,0.005983837047190965,0.0021864511043994117
2023-06-09,0.005577214591507396,0.0018777437832657728,0.001477911643350538,0.0002117843155824417
2023-06-12,0.01268908682846881,0.008707069148499391,0.0068479992364514075,0.009155251967364775
2023-06-13,0.004208376308380668,0.006151273361781229,0.004844101455111716,0.010014894933641605
2023-06-14,-0.001651161426982406,-0.0007850938846262201,-0.0006144331061495034,0.011809519526573942
2023-06-15,0.005213014727940335,0.00770799591110638,0.0060796900905035756,0.01140045654738886
2023-06-16,-0.00330220006595916,-0.0013361488785370579,-0.0010560229672376131,-0.002516603946028928
2023-06-20,-0.0004870845751818731,-0.005703175290830198,-0.004503464756335673,-0.008812616273562557
2023-06-21,-0.002100104246860024,0.0020682166885532816,0.0016289445468382624,-0.0024521288018704013
2023-06-22,-0.0016725691439450907,0.0020349084711412946,0.0016073189513394759,-0.0003319773253678271
2023-06-23,-0.010737491151713519,-0.009769548006312356,-0.007718028422041057,-0.008672431025893879
2023-06-26,-0.004732124434637663,0.000657291007490457,0.0005202521978884267,0.0003064200080369339
2023-06-27,0.012700496902292135,0.010278279632574217,0.008101398561752182,0.017456450964554948
2023-06-28,0.0027048810433156767,-0.0009850407793887683,-0.000782335455241534,-0.0017613209371716287
2023-06-29,0.002427354571357121,0.007591427288286656,0.005992390478524401,0.007973869284152002
2023-06-30,0.01379645663020912,0.013247971935399505,0.010477208497113422,0.012015833395792708
2023-07-03,-0.004014738633536741,-0.005425276443536964,-0.004663303766788696,0.005583577193862377
2023-07-05,-0.006832421568721991,-0.0040848355825716665,-0.0040582275499038145,0.0030816115657834597
2023-07-06,-0.015542175669806091,-0.012588979511162668,-0.0125094926467747,-0.013195887511882609
2023-07-07,0.003295218138212652,0.0013770146279923345,0.0013681803680534177,-0.008481204721578428
2023-07-10,0.019188934310582217,0.0120926597285258,0.012011390876245587,0.009106638355154573
2023-07-11,0.004138168986713486,0.0058934995817485625,0.005858325485502247,0.003543502469865123
2023-07-12,0.014308050832797736,0.00924256515261268,0.009186772426029943,-0.001988348515072458
2023-07-13,0.00910986610650677,0.005969527289981791,0.005937103523687037,0.005089919274522181
2023-07-14,-0.0010845823281132594,0.0015091690503958866,0.001499238764404609,0.005340438811812787
2023-07-17,0.010873916111976856,0.01199191161399904,0.011910013829530497,-0.007328310283023165
2023-07-18,0.004130441881798452,0.0015733720620063618,0.0015697319770360263,0.008061846072520584
2023-07-19,-0.00387572887768739,-0.009614231020146358,-0.009555490853066395,0.009803693114774248
2023-07-20,-0.021699023410851614,-0.009514687439462821,-0.009466717303347805,0.005116369154160472
2023-07-21,-0.002361070518768771,-0.004621829974074565,-0.004592168759074977,0.003791239208143171
2023-07-24,-0.0004444187358817464,-0.002521157512034522,-0.0025001327940619156,0.004265431116893925
2023-07-25,0.015182416517557362,0.008785769566637791,0.008730857167235317,0.0014710589946922425
2023-07-26,-0.008526524233522403,-0.008224971264091607,-0.008170754825153836,0.0025745631733584684
2023-07-27,-0.0019757960138843123,-0.005846514441302575,-0.005806534726084722,0.004335218927293383
2023-07-28,0.008987558212661062,0.0027519419013692925,0.0027370118588092573,0.013927497581449622
2023-07-31,0.004723494288680685,0.0056656377718751205,0.0056302342891354495,0.0043326106468764
2023-08-01,0.001717854975670452,-0.003662664070227639,-0.0036349207024660712,-0.0036523623632420676
2023-08-02,-0.020822229715935503,-0.013068857189241334,-0.012804364979854044,-0.0163699738275912
2023-08-03,-0.0020038850601431513,-0.0018474392725953415,-0.0018098991468168402,-0.008780288665697467
2023-08-04,-0.00793717409700323,-0.0038164089618440977,-0.0037423654966435294,-0.006181166747601274
2023-08-07,0.016782723554793932,0.014932548460939943,0.014628870514089787,0.00132449319611605
2023-08-08,-0.008944580394041446,-0.009479504016279616,-0.009285823165698592,-0.010695907231070945
2023-08-09,-0.005081829100999857,-0.0011304772187952228,-0.0011094693395620192,-0.010407252150705593
2023-08-10,0.0010797935744824017,-0.0007429460838104252,-0.00072743312898782,0.0008924698033569989
2023-08-11,-0.005242529758301417,-0.001396002737717894,-0.0013666838465994369,-0.008875773130445075
2023-08-14,0.011043685223461663,0.008888129759364816,0.008703285477642764,0.022372346627307138
2023-08-15,-0.010445144566551101,-0.009182011359919695,-0.008994629022522127,-0.017206680677999464
2023-08-16,-0.015922493327817477,-0.007542478215931792,-0.007383851448104717,-0.01596050527912829
2023-08-17,-0.023482142408632778,-0.018866173016912402,-0.01847364995379952,-0.00879991212766329
2023-08-18,0.002289298437857301,0.006923787886713217,0.0067790939035059505,0.0022490776373189636
2023-08-21,0.014273329080994213,0.004927007611104761,0.0048235174389554825,0.008072613497504877
2023-08-22,-0.0032549525112595123,-0.0018211409880058982,-0.0017826971172045791,-0.006548556545459716
2023-08-23,0.016113357559204955,0.012739287972721947,0.012474836461528582,0.012797708798850227
2023-08-24,-0.01939485893957693,-0.015562242574402418,-0.015242930880533412,-0.019597958472550192
2023-08-25,0.003766519922844269,0.005486265200936646,0.005373653920522692,0.014728706742954234
2023-08-28,0.005546211891004349,0.0064427464073661955,0.006307795898559565,0.008275990095996333
2023-08-29,0.02022674634319266,0.013928455520496374,0.013635810863116049,0.01228769329741941
2023-08-30,0.004290488770064105,0.005707846473621991,0.005589977206294838,0.0011554951006675918
2023-08-31,0.004092831269485897,0.00013125582558659588,0.00012552898712203664,-0.006681570374231449
2023-09-01,-0.0021798276008982986,0.0014914593677100019,0.0016812696752275258,0.005305473243922387
2023-09-05,-0.015085329569963446,-0.014811492604209331,-0.012273611980286314,-0.011953166178896635
2023-09-06,0.0004395406793185064,0.0029281075463316597,0.0024224452085641612,-0.00785729089123699
2023-09-07,-0.005823693286709508,0.0013618866114764039,0.0011281463494083876,-0.0010829069417492843
2023-09-08,-0.0012210752781102174,0.0011531533113222636,0.0009541513674027335,0.002829588881734013
2023-09-11,0.0050757321904497665,0.006541346532600079,0.005410213588413093,-0.00026412219738525256
2023-09-12,-0.017905506177099628,-0.017696451152051762,-0.014651483658331244,-0.010017481903775605
2023-09-13,-0.010453138950906826,-0.010434847565084726,-0.00861932026809209,0.004528264167869667
2023-09-14,0.014396671576153652,0.012168064757467567,0.01002053545863757,0.010081445513569598
2023-09-15,-0.01822985147779821,-0.01574486684083709,-0.012999764360156929,-0.010692488975545311
2023-09-18,0.0023448863823007926,0.0029315843728425772,0.0024145671836885985,0.0008838301539348947
2023-09-19,-0.00021343410903729154,-0.0004439738826287343,-0.0003671182127115147,-0.0032880395929166806
2023-09-20,-0.011252597288208488,-0.009037698582206821,-0.0074438945943123835,-0.00908557732843962
2023-09-21,-0.02293035688710754,-0.02300351104202969,-0.01891715544552508,-0.024399590228541435
2023-09-22,-0.0007584790691973486,0.001753894548206958,0.0014379644250699375,0.001867076955537339
2023-09-25,0.0025188750005036287,0.0026207634549599845,0.0021488104540920983,0.005494413616429439
2023-09-26,-0.012657143234865442,-0.012573804652633247,-0.010305784765071713,-0.011781900377292764
2023-09-27,0.006433704227672532,0.005294541690506804,0.004329475383520132,0.007052713648810327
2023-09-28,0.012326109938636254,0.011498829703580071,0.009408729661992021,0.011177141138064783
2023-09-29,-0.009870597115046675,-0.009086707854927711,-0.007453151966890226,0.0018302403703711612
2023-10-02,-0.0025485957651276703,-0.007076034332020531,-0.006044474997340732,-0.009863482934594936
2023-10-03,-0.022255212885338382,-0.017214364607603172,-0.0149643019262794,-0.007936729535327203
2023-10-04,0.011837710764398768,0.011488376274070955,0.009960194802027367,0.002022242277119224
2023-10-05,-0.00364808170714237,-0.000680553621814739,-0.0005929200709756666,-0.0035069590239371617
2023-10-06,0.017084458790042056,0.016950826584974932,0.014721098934785015,0.007231417470104251
2023-10-09,0.004780770373629117,0.004822561380457113,0.004200307095366895,0.005378574094633715
2023-10-10,0.006733502893381038,0.006350622782405724,0.00553347247919822,0.012664909379666689
2023-10-11,0.009055295841540412,0.012812329093257802,0.011166363965932069,-0.007695452394801516
2023-10-12,-0.0052050140601458406,-0.00586832082960187,-0.005126878973177207,-0.012341869379778991
2023-10-13,-0.01644575924223557,-0.016637178304719225,-0.014518856454276419,0.009769044170312435
2023-10-16,0.010539064110209884,0.010517341295684046,0.009155984527509986,0.012143326967515744
2023-10-17,0.0045658912693733456,0.0016234972009829818,0.0014193647839033652,0.004110926515847657
2023-10-18,-0.01986788833860731,-0.02239711773294306,-0.019530425732502077,-0.015581788920263184
2023-10-19,-0.009260974996209259,-0.013902175788131355,-0.012086833640813754,7.842673310554105e-05
2023-10-20,-0.01469382407635289,-0.01574660343286083,-0.013665602002030708,-0.010297804140100064
2023-10-23,0.006879622757450132,0.0033518748668357468,0.0029009554397432247,0.0034968671456652167
2023-10-24,0.006930616241499488,0.015736123353146336,0.013628449744123694,0.00839934872401682
2023-10-25,-0.024039676969858315,-0.016672913018207947,-0.014476441934372253,-0.019832963680152416
2023-10-26,-0.01908844976348123,-0.010581260625092015,-0.009164055093474732,-0.004488827641023985
2023-10-27,-0.001662952933946582,-0.0058326437116529295,-0.005045547234942882,-0.017567464584038794
2023-10-30,0.014853942410761434,0.013312444695487091,0.011508479516349812,0.007167443612891455
2023-10-31,0.005908406498669194,0.005274017211380322,0.0045655752091127155,0.0
2023-11-01,0.0016799062206860338,0.001510498749497824,0.0013083771484150297,0.0
2023-11-02,0.0,0.0,0.0,0.0
2023-11-03,0.0,0.0,0.0,0.0
2023-11-06,0.0,0.0,0.0,-0.008022715432071337
2023-11-07,0.0,0.0,0.0,-0.002528614058088352
2023-11-08,0.0,0.0,0.0,-0.005920708609161829
2023-11-09,0.0,0.0,0.0,-0.008363455899036643
2023-11-10,0.0,0.0,0.0,0.012678837326495218
2023-11-13,0.0,0.0,0.0,0.000694449464134772
2023-11-14,0.0,0.0,0.0,0.029598485082783288
2023-11-15,0.0,0.0,0.0,0.004944059955354074
2023-11-16,0.0,0.0,0.0,-0.00946226454874266
2023-11-17,0.0,0.0,0.0,0.009787025163513041
2023-11-20,0.0,0.0,0.0,0.004029922503310246
2023-11-21,0.0,0.0,0.0,-0.001179461782333524
2023-11-22,0.0,0.0,0.0,0.004113910720209724
2023-11-24,0.0,0.0,0.0,0.003316784662968253
2023-11-27,0.0,0.0,0.0,-0.0016489007774367348
2023-11-28,0.0,0.0,0.0,-6.0080528532013844e-05
2023-11-29,0.0,0.0,0.0,0.004293472132987475
2023-11-30,0.0,0.0,0.0,-0.000925775167403553
2023-12-01,0.00368926392365565,0.0043874513494046585,0.003351953314076672,0.010930349869981315
2023-12-04,-0.010330865168098002,-0.00906284966685611,-0.006931039932371985,-0.011795506928807376
2023-12-05,0.0006695775193101827,-0.00034218628410842555,-0.00026113370194880137,-0.0017405355044525228
2023-12-06,-0.006715237012816178,-0.00909065703911216,-0.006936819436937913,-0.009128823610320635
2023-12-07,0.010221228254546855,0.007367100073517374,0.00560942995136382,0.010797869691519857
2023-12-08,0.013351412871901447,0.010886237816677413,0.008303446715404839,0.005117843011909873
2023-12-11,0.008510718305546394,0.011693930705297673,0.008942359676311185,0.020350432664087537
2023-12-12,0.013839223391429956,0.01288566146525616,0.009880550082654205,-0.005768781648066268
2023-12-13,0.008960692240639556,0.004175533307429147,0.0032112696459034584,0.01280911281859587
2023-12-14,-0.013474022204419511,-0.015545115856469893,-0.011966744496524462,0.007447189596388126
2023-12-15,0.006327388364608444,0.003766542918554716,0.002889011238380146,-0.0007975777760986791
2023-12-18,0.01063072855655589,0.00979624057266415,0.0075204806093751575,0.00818587442109342
2023-12-19,0.004759999219357214,0.0037505333142662245,0.0028857522823571014,0.006724766977070251
2023-12-20,-0.015700107794684448,-0.019226568625773988,-0.014806149505510402,-0.011610345872516192
2023-12-21,0.014400002022213476,0.011584018522821538,0.008880687568621148,0.00926889693332722
2023-12-22,-0.003704453075361158,-0.002875091528294127,-0.0022100452915259083,0.0029255827545635604
2023-12-26,0.00306956469665165,0.0029192394999577598,0.002242485603739075,9.281995815202393e-05
2023-12-27,0.0014866600370349037,0.0017992929835752847,0.0013831044453651575,-0.0020619850283408736
2023-12-28,-0.00032985539798113805,0.001487145942853152,0.0011436342218846818,0.0035039912782490745
2023-12-29,-0.003952327086641727,-0.0010441140264126902,-0.0008032125235358789,-0.0034971713001020754
2024-01-02,-0.029308185102090434,-0.02229405256691319,-0.01603364680263042,-0.014641793320711916
2024-01-03,-0.018136279990681348,-0.010892418319821351,-0.007488806502519596,-0.01720702180925815
2024-01-04,-0.001524249653475418,-0.0028109276095454883,-0.001926295980000603,-0.00687208221679092
2024-01-05,0.0077916547078544784,0.004045076393562441,0.0027690863997154036,0.003921815334497314
2024-01-08,0.029483067714639155,0.02499559441079091,0.01712772216735914,0.016474755275759145
2024-01-09,0.005224098438860292,0.004924562669046395,0.003403030221047487,0.002016909733629335
2024-01-10,0.0146534285600457,0.016813042061434746,0.011629162338094856,0.004120197670416381
2024-01-11,0.0066461274289610905,0.008173024026833842,0.005683693203784923,0.0021203928567277153
2024-01-12,-0.0036731552158260072,0.002372659750250028,0.001651489969043407,-0.007049168918679349
2024-01-16,0.0051288131565372375,0.00433791084797841,0.0030257322739186687,-0.01174543820888485
2024-01-17,-0.005742338647694911,-0.00123535652463036,-0.0008627307066304546,-0.006828730714349085
2024-01-18,0.017542288936568617,0.010296807009816833,0.007189302917019358,-0.007739842988354173
2024-01-19,0.023890187939121343,0.01711137894128978,0.011980649506186047,0.005601869879188426
2024-01-22,0.0018639441705445847,0.00906516680430669,0.006378684390668354,0.0038405191418713347
2024-01-23,-0.008411045071063272,-0.006072671905523741,-0.004288709356015885,0.009003994600419452
2024-01-24,0.00653402673675596,-0.0001228345121222496,-8.841156981165277e-05,0.0025378123222754567
2024-01-25,0.006014993383985701,0.007410017525839807,0.005221109332963048,-0.003568469684473996
2024-01-26,-0.01592675535444943,-0.006554793653362867,-0.0046257604404373875,0.005167307815778344
2024-01-29,0.019271112284234615,0.016938440916145492,0.011937235643091126,0.009293000851676725
2024-01-30,-0.004821261243010078,0.00014564062433408687,0.00010289739865121383,-0.0024009807108845704
2024-01-31,-0.017054033914472244,-0.013247132141780193,-0.009379307044233731,-0.007092063582256225
2024-02-01,0.01858639778870419,0.016947022788971422,0.013881954746499892,0.008166775486639244
2024-02-02,0.018517346923304423,0.01765967291588466,0.015785185225462683,-0.0043995904014116904
2024-02-05,-0.0020504034395121273,0.0005444368848481762,0.00048518708694778034,-0.009265973388864701
2024-02-06,-0.00935789096284878,-0.0021000366915020496,-0.0018814568414874389,0.011462544493094917
2024-02-07,0.014247950533067044,0.015029375539358902,0.013458782579077289,-0.0008377400239454325
2024-02-08,0.010193584590022509,0.003673975338107427,0.0032929263281054055,0.0025543058120287565
2024-02-09,0.008670053530435595,0.0017975389221631666,0.00161226696518324,0.004556323334716561
2024-02-12,-0.002245352124612854,-0.004549675538059739,-0.004085604588155878,0.00726703575531773
2024-02-13,-0.01627733033931955,-0.0073041127956990914,-0.006551106270888618,-0.014956852062133374
2024-02-14,0.023114116530405626,0.020586933952912778,0.01845141422554475,0.004992244262889134
2024-02-15,0.0007786118383774632,0.005793150785588619,0.005204158502867928,0.013173789291856197
2024-02-16,-0.015616486357592052,-0.007556742481840906,-0.006791455859927686,-0.0066662947282308815
2024-02-20,-0.011492925704468915,-0.007035682670120669,-0.006318758318064832,-0.0022454933520470455
2024-02-21,-0.020582994959252754,-0.0163725078288689,-0.014685788688819978,-0.01160564098020156
2024-02-22,0.03888017812893696,0.0318428231593606,0.02852725053828653,0.022547261444266775
2024-02-23,0.0005123405160103456,0.0062281613218180265,0.005597774393572896,0.004384571291300432
2024-02-26,0.006869157865753817,0.005957980335121071,0.005360354927633759,0.004987007898497486
2024-02-27,0.0071157601139120175,0.0025176591961433292,0.002264456306462881,0.0063343345131947615
2024-02-28,-0.005687920217706477,-0.0006192600811623095,-0.0005550565745593428,0.000679772029778869
2024-02-29,0.01593507552091622,0.0045442669556048365,0.004089331798562856,0.009124184275304037
2024-03-01,0.02515809443038952,0.01396839511908965,0.01355937548358832,0.007105068802169434
2024-03-04,0.005519022222528536,0.007937183767799949,0.00784335283535098,-0.00795371808724632
2024-03-05,-0.019788056848857316,-0.010833536232013774,-0.010708381012520696,-0.005753824206818359
2024-03-06,0.009674957318271504,0.006510525026077962,0.006430001416901421,0.003994024561642107
2024-03-07,0.017745794413547955,0.015229938163212386,0.015047707292832335,0.003565004731107102
2024-03-08,-0.020728510688236113,-0.015030683144491519,-0.0148506758049467,0.0055485519766513836
2024-03-11,-0.012325574158900898,-0.010902104116720435,-0.01076974203258052,0.007556761870568973
2024-03-12,0.02345609261956949,0.018831144734926086,0.01860577096741789,0.008021433531130828
2024-03-13,-0.009585397509629168,-0.006034340071929267,-0.005964789102705925,-0.005783506536752747
2024-03-14,-0.010533804359219245,-0.005853961337870084,-0.00578321695278905,-0.008445246919480898
2024-03-15,-0.015746762333961883,-0.008190372169297744,-0.008103161823848737,-0.015609582982922698
2024-03-18,0.011324383225962409,0.007176230065976785,0.007091602463009217,0.00737789289032853
2024-03-19,0.0032785783434543525,0.009090839437875031,0.008982854936852691,0.002837499970786972
2024-03-20,0.0157888709362215,0.008470413963920675,0.008370363342548481,0.012677743432463418
2024-03-21,0.011285176524528762,0.0071161622938631375,0.007027535034981547,0.015312861041884007
2024-03-22,0.00188087265095227,-0.0019132702050190797,-0.0018944200013512047,-0.004010470824738932
2024-03-25,-0.002491942982067008,-0.002626681182574142,-0.002595423059194024,-0.005821984363045041
2024-03-26,-0.006308923774919095,-0.003715187155481803,-0.003668437356925014,-0.0004689362776387762
2024-03-27,-0.00210585248446693,0.004051798584388644,0.004005105643213769,0.013988968177448324
2024-03-28,0.0008565172413323996,7.577471851405448e-05,7.412465785971989e-05,0.005251577378350802
2024-04-01,0.0017619472704293315,-0.0021384844231956412,-0.002052560812105586,-0.0020719654053000802
2024-04-02,-0.01133053379639326,-0.006666244245324582,-0.006186092000645127,-0.009118728988952052
2024-04-03,0.010137394802946176,0.007729308593117157,0.007163810498311607,0.005573636613253052
2024-04-04,-0.024414711527454447,-0.01504265051606557,-0.013968250379959746,-0.018429075546633533
2024-04-05,0.021765517301291615,0.014893648754326527,0.013807161574047155,0.014897424595184505
2024-04-08,-0.005521637412190472,-0.0026263146046713315,-0.0024398760368642414,0.0027690555274619832
2024-04-09,-0.011041472078896719,-0.011170715069543147,-0.010367314346718559,0.0028156509328387536
2024-04-10,-0.013394491019576793,-0.0009328427752982593,-0.0008655308706102538,-0.017502540417419166
2024-04-11,0.016607710779213303,0.0012735023185614924,0.001181023526718894,0.002858927189960614
2024-04-12,-0.017317944190510248,-0.009469438611135916,-0.00878133128528058,-0.020510756862890056
2024-04-15,-0.017966925933770805,-0.00860778324776812,-0.007976852097534848,-0.009357464530716841
2024-04-16,0.008903861302146598,0.009113652286586227,0.008440203312784167,0.0036101597246822603
2024-04-17,-0.018782395278010733,-0.004408566442242079,-0.004087465656842149,-0.0017567361215442556
2024-04-18,-0.0057954912788418245,-0.008260300196241022,-0.007650537904545285,-0.002917110024162839
2024-04-19,-0.041221102036697044,-0.014670403538812438,-0.013589259719058222,-0.01270391034328322
2024-04-22,0.01134208743576548,0.0032093715022969427,0.0029654411488684307,0.003762092359131053
2024-04-23,0.030809783581845274,0.016993621872140263,0.015718063694828865,0.024106743866063818
2024-04-24,-0.0049882619877889,-0.0014795723755284262,-0.0013723590239725914,0.0033343570175985437
2024-04-25,-0.0007381418346033009,0.00020428368709235478,0.00019272046686591437,0.004864150305510684
2024-04-26,0.0185745235939081,-0.0018701282887118031,-0.0017278034457297586,0.02186123089996772
2024-04-29,0.005819238984328123,0.005458658195621968,0.005053403529865719,0.005678815973560569
2024-04-30,-0.021188245506238657,-0.008408749860287945,-0.007796313451697068,-0.011716355093210451
2024-05-01,-0.016541602307737935,-0.014706064848717948,-0.012404631740606242,-0.0007061444506114567
2024-05-02,0.013025242238215329,0.007687103640143356,0.005418400821116887,0.004364531813592087
2024-05-03,0.022304564336684818,0.00754367626125263,0.005327160578034729,0.005500717858485604
2024-05-06,0.02913123839750864,0.01959281150923231,0.013864923818929453,0.00977238728973795
2024-05-07,-0.017294442189343506,-0.001644004300052182,-0.0011713822536773,0.0010374715653582722
2024-05-08,0.0060164051536966134,0.0008919252218142493,0.000635330881424645,-0.0026406739006032964
2024-05-09,0.007533432803198403,0.008513215564091903,0.006053749416565779,0.004548369881655079
2024-05-10,0.005384679238896961,-0.0012191410821454918,-0.0008688072846527728,3.151173789395223e-05
2024-05-13,-0.00610742492612204,-0.009152147694781232,-0.006523604304779829,-0.0015018590207982463
2024-05-14,0.013253682359379404,0.004437472626083183,0.003155805725185923,0.003921919803381746
2024-05-15,0.03291286938948801,0.01737581374313879,0.012369310273775413,0.0012969722939553119
2024-05-16,-0.016249031593504437,-0.007164634946289827,-0.005123555433451332,0.002450046057547839
2024-05-17,-0.006703739856247282,-0.0017488664028414425,-0.0012477001251376407,0.0008867917249562041
2024-05-20,0.015195887270301967,0.001337396022250914,0.0009566893589703085,-0.007579645522529765
2024-05-21,0.004117821866331806,0.006157768459110535,0.004396476628103274,0.0005597757682906934
2024-05-22,-0.007004788987634569,-0.002528364926411397,-0.001808959781964381,-0.003671007367294976
2024-05-23,-0.002739848476827622,0.0013195591685515318,0.0009461007475801697,-0.009720369594552802
2024-05-24,0.028006813941131137,0.013974251494063283,0.009989756338054434,0.010665735783257801
2024-05-28,0.006208243969994198,-0.003921531380119192,-0.0028085401365826046,-0.008842388717016592
2024-05-29,-0.011762939099189795,-0.009828820639767866,-0.0070473732019541435,-0.006773152697094664
2024-05-30,-0.005291364561211043,0.001964064144855504,0.0014021020587882127,-0.004367100096512089
2024-05-31,-0.009894451976813823,0.0031659341141074826,0.0022665920338884593,0.023809212700355298
2024-06-03,-0.009397508951292433,-0.012922733824084376,-0.013492194246680356,-0.0067954447870196555
2024-06-04,-0.0061396430935151125,-0.004562226219068655,-0.004562956290470432,0.003440995869284036
2024-06-05,0.019751885640602485,0.010253562327680266,0.010252812898752461,0.019314643115401875
2024-06-06,-0.01529889458302125,-0.009469397615908148,-0.009469802316913967,0.001363863344586047
2024-06-07,-0.0019430743224778668,-0.0009786009597891887,-0.0009786958321029715,-0.0003933884352758099
2024-06-10,0.016574956736029156,0.01037367938670064,0.010372283039815411,0.010363925195115753
2024-06-11,-0.003788418764072876,-0.00035639696169231794,-0.0003555685300417055,-0.00591788283268635
2024-06-12,0.012283100885824405,0.00020751043640099276,0.0002076995644157975,0.0048186926907398675
2024-06-13,0.0032320026419847547,-0.0023545232162648366,-0.002355807075496985,-0.005859568452162733
2024-06-14,-0.01448567026641645,-0.008449862258000373,-0.008450819960246214,-0.009993294459747837
2024-06-17,0.008255787081274724,0.010124378193281158,0.01012335864476821,0.005367311384806506
2024-06-18,0.013476886680750644,0.013186129068370578,0.013186094553869543,-0.002869368411864359
2024-06-20,-0.007953746529573702,0.0027982288517780507,0.002798897459698191,0.009295832164970097
2024-06-21,-0.006745811522578582,-0.004100594722136308,-0.004100371271330783,0.005143508131902008
2024-06-24,-0.0023302677276224593,0.00657809332811965,0.006578497939934369,-0.006005333199184282
2024-06-25,0.008282549228445957,-0.00019576845238677976,-0.00019675973502220057,0.006580106510806205
2024-06-26,-0.012697209625778472,-0.012628249329931895,-0.012627859493680393,-0.009908131635469442
2024-06-27,0.0020049479587096464,-0.00044822943761380074,-0.0004451880279398024,-0.00683733566064193
2024-06-28,-0.007176649616940423,-0.008436101031287113,-0.008434944778852427,-0.0020952528408889615
2024-07-01,0.0011210783984891837,0.004353878895507091,0.005275480289504975,-0.006545174888513028
2024-07-02,0.005624729504872361,0.0018514162599712058,0.0015392479529183767,0.004429150320630404
2024-07-03,0.013844856424747976,0.010222572529879681,0.008507402883075166,0.007862608342611876
2024-07-05,-0.004613756419021731,-0.005358041296434468,-0.00446355810211585,-0.004501799269612361
2024-07-08,0.01203591911035562,0.006385265139627672,0.005316798411634904,0.0025363318196984785
2024-07-09,0.0006819650038887293,0.0007086497641819456,0.0005925755603732874,-0.003993320235289088
2024-07-10,0.007206661632461975,0.007408940861499014,0.0061741661556555805,0.007344475042121434
2024-07-11,-0.011776639747696827,-0.0039228366574936,-0.0032823304901793415,0.011821523371698506
2024-07-12,0.00823697793624567,0.0025376112027195585,0.002119037686246772,0.008560692003121595
2024-07-15,-0.005311384622789461,-0.0012156928169511083,-0.0010118766126981926,-0.0022951596668039365
2024-07-16,0.0003455071395439546,0.0020442449964825915,0.0017030887166147313,0.004759662934190834
2024-07-17,-0.05006280527107687,-0.022059777976951245,-0.018415216467669526,-0.01831941833750328
2024-07-18,-0.005700875589365273,0.004659679772150316,0.0038723949792855983,-0.014096131971219616
2024-07-19,-0.008682011781633192,-0.013598159726044612,-0.011324558816064423,-0.009340714060777522
2024-07-22,0.016922792868467207,0.008634640812255512,0.007164572946338543,0.009365179417669678
2024-07-23,0.0073049326689813565,0.0035795590478628903,0.0029769967462123237,0.0002613512016755859
2024-07-24,-0.047248311031984236,-0.034100772475791685,-0.02837579893430564,-0.04670904991799352
2024-07-25,-0.014943378667438667,-0.005549400509491598,-0.004591516104020643,-0.017865120620286667
2024-07-26,0.01528711697766516,0.014596980883821331,0.012061380310016911,0.013149274082758122
2024-07-29,-0.0008495016488357932,0.001187531275228526,0.0009833442101336853,0.004384825995588981
2024-07-30,-0.019916769329499595,-0.009859804277468465,-0.00817612711403004,-0.013128965076671828
2024-07-31,0.04619115328193213,0.02440330004712843,0.020188930180852216,0.03108594237542217
2024-08-01,-0.03639902189957411,-0.00978315156524101,-0.007279114014594912,-0.02748437205261267
2024-08-02,-0.03710752420296315,-0.015031164485246884,-0.01149209770111248,-0.035855516108099894
2024-08-05,-0.018710898500738038,-0.022471177899648143,-0.0171208884717704,-0.022519971833901975
2024-08-06,0.02693263454696937,0.023913956721568486,0.018120309433744985,0.01512808934023302
2024-08-07,-0.020787764850322965,-0.0010918249244201705,-0.0008319382073621595,-0.02928039127017068
2024-08-08,0.044876172625020194,0.02454016010368365,0.018699172561961852,0.04483624283393306
2024-08-09,0.013031410806404242,0.008321171178010234,0.006379171763441827,-0.0021194764010308287
2024-08-12,0.004512441213935459,0.0015649198332756686,0.0011986237361567564,0.0004816372062173002
2024-08-13,0.026390415952378454,0.008723771675320124,0.006694944109578271,0.01816335320495166
2024-08-14,0.010228958200198424,0.012499666775846352,0.009619139697014889,-0.0003056851232127178
2024-08-15,0.022227785374798525,0.012201289992391784,0.009417201366900718,0.023540603454689224
2024-08-16,-0.00020739850187767583,-0.001844673466835256,-0.001429337005488085,0.004062984852053253
2024-08-19,0.009905376227024032,0.00903887502493772,0.0069908989436393565,0.006820425443945011
2024-08-20,-0.005004798610668604,-0.0021540314191389465,-0.0016669497375404463,0.0030122832939141198
2024-08-21,0.010357051784910754,0.009879241311925746,0.007654757598046569,0.0027635437863382517
2024-08-22,-0.011280365123042646,-0.0017448150539967067,-0.001353628767242765,-0.005997992678742903
2024-08-23,0.01211764577383767,0.007018293802880882,0.0054447921892391005,0.00679519714785326
2024-08-26,-0.01504364246279244,0.00016016741082514052,0.00012489397443316008,-0.010200136721887021
2024-08-27,0.0013374494485032251,0.006257567957104193,0.004865334685345557,-0.0001699329026257912
2024-08-28,-0.017735068636172135,-0.006445805400454252,-0.005017474713139736,-0.0213931275114283
2024-08-29,-0.0023231199193289864,0.004712411355293433,0.0036621333039330572,0.006350833630108799
2024-08-30,0.01633463406708291,0.01133573316059211,0.008822427822576806,0.01244421520804373
2024-09-03,-0.04607753003545756,-0.01837871007522829,-0.01770681864092316,-0.03844507239814143
2024-09-04,0.0005083974685515802,0.0021776933359656248,0.0021781579844588617,-0.0005109984801152656
2024-09-05,-0.009374022439500806,-0.014296553459023364,-0.014295680871323824,-0.0007857674546517535
2024-09-06,-0.02510813278037538,-0.012292709138969737,-0.012291524788238917,-0.029888567926859566
2024-09-09,0.020836823738706656,0.013169561921090311,0.01316993146280554,0.009852796749838522
2024-09-10,0.005654791769112988,0.001557938790722968,0.001559096054949638,0.0030559036863351263
2024-09-11,0.025367891176718338,0.0035356867518714363,0.003535162165130279,0.030730632047690776
2024-09-12,0.012638653598537886,0.007588844383069615,0.007588685429625874,0.0004871083659012676
2024-09-13,0.01409676541404048,0.009124345748150908,0.009120968483050884,0.016674510965850597
2024-09-16,0.005739708219729245,0.006413546829768357,0.006413355503730678,-0.00650988721446466
2024-09-17,0.0006754911622601778,-0.004977813572917822,-0.004980452579996686,0.005161503475411999
2024-09-18,0.0014783926244850143,-0.0039060148927254623,-0.003907977471178992,-0.0007635204526161843
2024-09-19,0.016419289451673258,0.004146746661160217,0.004145746481543977,0.009585594880050508
2024-09-20,0.02981959812463919,0.016369097368674312,0.016365346057407804,-0.00017204143804305794
2024-09-23,0.009908739900612584,0.00927344876691949,0.009273483260139548,0.0005282421298951068
2024-09-24,0.00043179324008102427,-0.00266263446685866,-0.0026617045298990005,-0.004417931154976573
2024-09-25,0.007194085921461202,0.0047087340600888705,0.004707350694134638,-0.00204036929909579
2024-09-26,-0.010635481706842698,-0.010431375066025095,-0.01042873883525297,0.004390770876907979
2024-09-27,-0.0004897775847333419,0.0026367718433464304,0.002635941808646347,0.001050123244021428
2024-09-30,0.006991140708285437,0.008600411688244769,0.008600478082816831,0.003182177951519982
2024-10-01,-0.007889118639425985,0.0010777735666858135,0.0010780813640014486,-0.006721154694562692
2024-10-02,0.01097764606517626,0.0020817735210130195,0.0020817731825963914,0.0014170170834635343
2024-10-03,0.006774736461426345,-0.0035885148084362495,-0.0035885159874420314,-0.0043789508156695245
2024-10-04,0.016098530943019718,0.004861549533523579,0.004861547957189627,0.009507780514778963
2024-10-07,-0.012929877296942505,-0.013190299592026111,-0.01319029733007826,-0.0015556918484584958
2024-10-08,0.013657673855786756,0.009159735230914512,0.009159735201409891,0.004830121821358446
2024-10-09,0.003728981087470551,0.004111080186393723,0.004111078838438198,0.010374434291584134
2024-10-10,-0.003632411670177249,-0.005764366298506851,-0.005764368028963851,-0.003785835315286201
2024-10-11,0.009133346800527242,0.009891044162808393,0.009891043866109062,0.01060263005354578
2024-10-14,0.007671331099047496,0.007891535314117126,0.007891535998541865,0.006025211203625647
2024-10-15,-0.01337269407426589,0.00037228234364472534,0.0003722832126160647,-0.009817298353597681
2024-10-16,0.01492974590474394,0.008049129439817282,0.00804912931097812,0.009882067297827701
2024-10-17,-0.006450236936971776,-0.006102179055695434,-0.006102179902883864,-0.00649828516102513
2024-10-18,0.008485517329896108,0.002876590922186173,0.0028765914085215893,0.0011415355372208502
2024-10-21,0.001546201834990546,-0.004684491224325682,-0.004684491417362602,-0.002956061552392142
2024-10-22,-0.015809147269834622,-0.0065592611338549656,-0.006559261819671702,-0.00406700349877831
2024-10-23,-0.004734414960023914,-0.00019919290185577143,-0.00019919334604900918,-0.006917104932368523
2024-10-24,0.0011914649098354602,0.0008703587623808406,0.0008703588687399844,0.0015788536946119702
2024-10-25,-0.006110928340097632,-0.018808849387546567,-0.018808849154189233,0.004643833614091486
2024-10-28,0.0018440749044890126,0.0024186905622332056,0.0024186908373076133,-0.01086170823097321
2024-10-29,0.004079358056644722,0.0011383414925869584,0.0011383415235677319,-0.005976032809212217
2024-10-30,-0.004822567084048712,-0.0016185238552642867,-0.0016185246857847169,-0.007236088851046207
2024-10-31,-0.023332437950358664,-0.006527358050172571,-0.006527359246664255,-0.0065093150671160505
2024-11-01,-0.011605131071419472,-0.011897608820313876,-0.011897609330208225,0.0016881835665203404
2024-11-04,-0.004523032686832851,0.003180345597834533,0.003180345598117862,0.001691923002214768
2024-11-05,0.034191648561000765,0.016889616602990154,0.016889616602322688,0.02842942517710423
2024-11-06,0.041147868897488005,0.008603930601892129,0.008603930594022202,0.01266004924944264
2024-11-07,0.00867319229846708,0.0012647772919076594,0.001264777293040753,0.0182428988679042
2024-11-08,0.03027882115110736,0.01763880823063335,0.017638808229559544,0.009727701559096191
2024-11-11,0.0007041568315511171,0.005876912917687882,0.005876912917229582,-0.008132696250624516
2024-11-12,-0.008831391016095647,-0.005124269572764351,-0.005124269574046991,-0.01863849199157297
2024-11-13,-0.0028376188913343814,-0.0022095425668008373,-0.002209542567058187,-0.0038191554930226967
2024-11-14,-0.014267113167452883,-0.019424443925493473,-0.01942444392481224,-0.005599894814437456
2024-11-15,0.0027252093731864324,0.002543197996196511,0.002543197997261437,-0.0068355092782602656
2024-11-18,0.0007116155324313755,0.005436392525125289,0.005436392525326905,0.010636928151246394
2024-11-19,0.012384969758962416,0.0009916664139495435,0.000991666414997594,0.015482177089491733
2024-11-20,0.0002920016846641449,0.007501545630978823,0.0075015456304829975,-0.005649491568787579
2024-11-21,0.019141332301813474,0.012439263141277745,0.012439263139179868,0.024144683671522005
2024-11-22,0.005895799989537487,0.005272388079677892,0.00527238807962882,0.014258837608648545
2024-11-25,-0.004396509616735433,-0.007146128733834578,-0.00714612873377285,0.011992931517920358
2024-11-26,0.018031419185654096,0.013279237500599894,0.01327923749999882,0.0016242623195663608
2024-11-27,-0.013614626541251118,-0.00093782707329082,-0.0009378270735236338,-0.0018691009168667616
2024-11-29,0.011876412318829965,0.002008995055723606,0.002008995055674534,0.008865741452186215
2024-12-02,-0.01252629440607178,-0.01759265067818494,-0.016590918359256523,-0.004809209034694284
2024-12-03,0.010738467234779892,-0.0006393822058964327,-0.0006043324076731027,-0.0009932737590001572
2024-12-04,0.0058480466027293065,0.00275800548056937,0.0025989484948414354,0.017868636552674122
2024-12-05,7.061318756829138e-05,0.003857528339708427,0.0036357612084854107,-0.006047057938284861
2024-12-06,0.005951866188983024,-0.004889751373845175,-0.004607825020450873,0.0036913367471507197
2024-12-09,-0.03510059154359235,-0.025131681804797967,-0.02367312325636206,-0.00025368272711845385
2024-12-10,-0.0146103232867828,-0.002281236531338493,-0.0021459458403159104,-0.010779389605445444
2024-12-11,0.013252890733489897,0.0015283487838253507,0.001438282501031951,-0.015247728803181038
2024-12-12,-0.007173423619137864,-0.006442331372493504,-0.0060586437951870575,-0.0069921643595413085
2024-12-13,0.015653084787863092,0.0025870235229212835,0.0024287144429187,-0.0017073343215749937
2024-12-16,0.010208109858998338,-0.004588312457609156,-0.004315613066877555,-0.007418210676183756
2024-12-17,-0.018362279336949672,-0.007477145853671763,-0.00702505739680892,-0.012559691734318479
2024-12-18,-0.044267133313634854,-0.027381119137081966,-0.025730859907755033,-0.024725562032111292
2024-12-19,0.006726264193545051,0.002122265574453275,0.001989843594981222,-0.00417977672069314
2024-12-20,0.02380000064139831,0.014160534206004716,0.01328629194676334,0.015585785698116972
2024-12-23,0.010241491792326585,0.0036915790794964654,0.0034659637462211013,0.009842452893423559
2024-12-24,0.014330688566849492,0.008554848726541664,0.008037045010329091,0.011468029655994805
2024-12-26,-0.000938966002705488,-0.0013474000253134166,-0.0012660099472281416,0.0008998136693059156
2024-12-27,-0.015341162225532945,-0.008316903370477302,-0.007815382347892252,-0.00917857747777695
2024-12-30,-0.010520592382625038,-0.006401767923982171,-0.00601102462810521,-0.014141865386694263
2024-12-31,-0.009144833051206724,0.0016220315934727392,0.001522043639485604,-0.003370829857056279
2025-01-02,0.01731105464167615,0.011295829475491459,0.00916209826088954,-0.008083296921626348
2025-01-03,0.022936663897787035,0.0153516089914989,0.011008624420525415,0.01097718027992789
2025-01-06,0.0014215380329014593,-0.003876710749255663,-0.0027939549853747137,-0.00932704955774244
2025-01-07,-0.016301355280904484,-0.0006429510010675932,-0.0004624066496357049,-0.013618709979034027
2025-01-08,0.005109641827944822,0.009494405783017301,0.0068285495094662085,0.0047767945074272955
2025-01-10,0.004554047611034395,-0.004830901487053896,-0.0034864228599353897,-0.0176203094396018
2025-01-13,-0.009457012105967388,0.0024846206788255998,0.0017911407529738188,-0.00248364968489323
2025-01-14,0.02002283723378384,0.01739900314780285,0.01253868914749856,0.009337926407372965
2025-01-15,0.021867420111016722,0.007473254646232608,0.0054128827863879625,0.015029841763135154
2025-01-16,0.01103342502865079,0.015424282036988313,0.011192507344285119,0.0070484396286931705
2025-01-17,0.009151803582059914,0.004674880700263895,0.003406048206429091,0.015383366267711418
2025-01-21,0.0220209344126312,0.01635498903189614,0.01192939067244736,0.014820313911850569
2025-01-22,0.006217124134821006,-0.007636004649700601,-0.005597167333887598,0.0040987847355435925
2025-01-23,0.011459703411784039,0.003921886179676148,0.002866198419028798,0.008526964348006816
2025-01-24,-0.004879697733881416,-0.0016779084519898957,-0.0012270786110587517,0.002511736864207803
2025-01-27,-0.061860484437606056,-0.04709201954376696,-0.03444792008994124,0.005555438671838164
2025-01-28,0.02548492948727099,0.009288893421816047,0.006702702742792166,-0.007766026137716486
2025-01-29,0.008542574267499825,0.005094454613341792,0.00368575838182017,0.0001050731555147788
2025-01-30,0.022066745274654354,0.021295855843786127,0.015435055576956014,0.009026381469897427
2025-01-31,-0.013199043270678334,-0.012227553215775733,-0.008911833552773474,-0.006798518999728387
2025-02-03,-0.0031520041280054256,0.0129287274817933,0.005425229130137543,-0.0015244186116697422
2025-02-04,0.011854791513876917,0.01626978268468382,0.009581072477523156,0.009039390280874082
2025-02-05,0.013631512024177228,0.009367527904154072,0.005543400499502971,0.016324064496264112
2025-02-06,0.011180624851812704,0.001878329035372328,0.001121505515643939,0.007484325120255653
2025-02-07,-0.00915051084892593,-0.0013649104427964076,-0.0008116252443274297,-0.001742335444838261
2025-02-10,0.006969447343229351,0.009071089616069283,0.005391337718506861,0.010715876622833909
2025-02-11,-0.014697677555192468,-0.007619948761212414,-0.004546992969101549,-0.005552133708554896
2025-02-12,-0.00019654793205781118,0.004682475036621003,0.002788462467531172,-0.006964156384371978
2025-02-13,0.00898035778379902,0.009989358027719497,0.005950269975671274,0.005721575340212448
2025-02-14,0.005932739400355658,-0.004154616541218625,-0.0024799908806584225,-0.002350051356052929
2025-02-18,0.012190958552392495,0.012322759502439551,0.007361492148157067,0.007666615837938595
2025-02-19,-0.008471219303918254,-0.010910090136257433,-0.006559863544718936,0.005578138677742928
2025-02-20,-0.026872755297820627,-0.019399051748353213,-0.011595035121298891,-0.004009670676617283
2025-02-21,-0.0420493471671205,-0.020682713733347735,-0.012263124525552449,-0.020715494910225285
2025-02-24,-0.02116231159467119,-0.007897722139634578,-0.004644458365495652,-0.022967121662015755
2025-02-25,-0.01028650424197819,-0.006798440650619519,-0.003983430995561421,-0.009370475399518186
2025-02-26,0.03139439429290092,0.012991270866846927,0.007592071513095933,0.014054706433285213
2025-02-27,-0.036690195796899694,-0.018789847142243743,-0.01103888934053776,-0.03287356092738902
2025-02-28,0.022917784791899765,0.020547813465374043,0.01197074886244831,0.014345458164483293
2025-03-03,-0.02984682468165334,-0.002775650378045502,-0.0028242070692295895,-0.045045497746017404
2025-03-04,-0.026632646695801232,-0.023855958431077462,-0.018521755140991636,0.005865660901182013
2025-03-05,0.012850310252405128,0.0035203515312891565,0.0027166191704011133,0.020408302532011202
2025-03-06,-0.05240806530363884,-0.025940254950550523,-0.02003732211051712,-0.04379152466759251
2025-03-07,0.00620318826723798,0.0005408421339396785,0.0004140314808722678,0.02257454358868438
2025-03-10,-0.046105281054547254,-0.018160751951394105,-0.013942297668744108,-0.05506960780563752
2025-03-11,0.011786141873949774,0.0011347039153277727,0.0008658704042627807,0.017793847357631343
2025-03-12,0.0262464646677929,0.008186209963516378,0.006260553908535638,0.028255278251762217
2025-03-13,-0.027694566461223813,-0.007386184879139446,-0.005658869850924897,-0.0114611445544609
2025-03-14,0.03865966098797857,0.022941292128065838,0.017547259538146287,0.036357189101874576
2025-03-17,0.014335833316076796,0.017508884220677867,0.01346728716300527,-0.0026687333989613427
2025-03-18,-0.02112058430848318,-0.014831014586019653,-0.011454422113392426,0.0
2025-03-19,0.03176785931184778,0.014232104669328116,0.010952643659811079,0.0
2025-03-20,0.0003523663007309885,0.001222526997925577,0.0009415389686568965,0.0
2025-03-21,-0.0005355759535171645,-0.0015742546121209067,-0.0012168522511103452,0.0
2025-03-24,0.0360485242127111,0.017798126088963695,0.01373872771045992,0.0
2025-03-25,0.005292383187231575,-0.0011179808723519313,-0.0008673868364974524,0.0
2025-03-26,-0.024490356813049785,-0.0032671176253150636,-0.002529225285643699,0.0
2025-03-27,-0.019046756440603163,-0.005852514823165178,-0.004530497336315831,0.0
2025-03-28,-0.022350975681293406,-0.0070674878393983676,-0.005467745839789151,0.0
2025-03-31,0.0019597350139164416,0.012584543410942839,0.009714755221691851,0.0
2025-04-01,-0.003911949912712487,-0.003756867370911521,-0.0029089877127010944,0.0
2025-04-02,0.0,0.0,0.0,0.0
2025-04-03,0.0,0.0,0.0,0.0
2025-04-04,0.0,0.0,0.0,0.0
2025-04-07,0.0,0.0,0.0,0.0
2025-04-08,0.0,0.0,0.0,0.0
2025-04-09,0.0,0.0,0.0,0.0
2025-04-10,0.0,0.0,0.0,0.0
2025-04-11,0.0,0.0,0.0,0.0
2025-04-14,0.0,0.0,0.0,0.0
2025-04-15,0.0,0.0,0.0,0.0
2025-04-16,0.0,0.0,0.0,0.0
2025-04-17,0.0,0.0,0.0,0.0
2025-04-21,0.0,0.0,0.0,0.0
2025-04-22,0.0,0.0,0.0,0.0
2025-04-23,0.0,0.0,0.0,0.0
2025-04-24,0.0,0.0,0.0,0.0
2025-04-25,0.0,0.0,0.0,0.0
2025-04-28,0.0,0.0,0.0,0.0
2025-04-29,0.0,0.0,0.0,0.0
2025-04-30,0.0,0.0,0.0,0.0
2025-05-01,0.0,0.0,0.0,0.0
2025-05-02,0.0,0.0,0.0,0.0
2025-05-05,0.0,0.0,0.0,0.0
2025-05-06,0.0,0.0,0.0,0.0
2025-05-07,0.0,0.0,0.0,0.0
2025-05-08,0.0,0.0,0.0,0.0
2025-05-09,0.0,0.0,0.0,0.0
2025-05-12,0.0,0.0,0.0,0.0
2025-05-13,0.0,0.0,0.0,0.0
2025-05-14,0.0,0.0,0.0,0.0
2025-05-15,0.0,0.0,0.0,0.0
2025-05-16,0.0,0.0,0.0,0.0
2025-05-19,0.0,0.0,0.0,0.006942956275823642
2025-05-20,0.0,0.0,0.0,0.0029130712935121483
2025-05-21,0.0,0.0,0.0,-0.014467709961168973
2025-05-22,0.0,0.0,0.0,-0.00696852613887633
2025-05-23,0.0,0.0,0.0,0.00028488132304449465
2025-05-27,0.0,0.0,0.0,0.00892210020267381
2025-05-28,0.0,0.0,0.0,-0.004824364314983787
2025-05-29,0.0,0.0,0.0,-0.0038921517779053616
2025-05-30,0.0,0.0,0.0,-4.387472937517067e-06
2025-06-02,0.005673357009635671,0.007984012300225052,0.00434213330157851,0.0038961660269987153
2025-06-03,0.0027522756315818686,-0.0023908874953744164,-0.0013050076477858497,0.017282054379820666
2025-06-04,-0.004984692801696555,-0.008520017657174916,-0.004645387491985731,0.0005138138696980654
2025-06-05,-0.0059172646831416875,-0.003989600849981012,-0.0021667909658952267,-0.006289074979876186
2025-06-06,0.011863167340297798,0.008569611951190659,0.004645737256652849,0.01804840181848788
2025-06-09,-0.005575730695150827,-0.003576977931146974,-0.0019467163716416769,0.00865435157970107
2025-06-10,-0.0030712961257428617,-0.0002595120063241252,-0.00014100480141299165,0.004159204977969733
2025-06-11,0.00981837313076972,0.003649472207475579,0.001982690972858858,0.0002676274183406324
2025-06-12,0.0034420314175973576,0.005949422363232593,0.003237588222323451,0.003221695000474867
2025-06-13,-0.00040308620331708234,-0.002617620766914297,-0.0014283212171987136,-0.005916238149572983
2025-06-16,0.005402626176649772,0.0009685102013967661,0.0005278442637450809,0.010179873066658462
2025-06-17,-0.005872571157762074,-0.0038255889417029287,-0.002085888769551403,-0.014231062148199358
2025-06-18,-0.00011011931689730581,0.0027599028823999117,0.0015022038141312422,-0.009055574908147568
2025-06-20,-0.00024307937332812557,0.0016447207620862159,0.0008963389839529157,0.0016458849508507178
2025-06-23,0.014521129557582002,0.013737746274643525,0.00749238709749811,0.007542730895554239
2025-06-24,0.008603393441715124,0.004464144608451459,0.0024497784791703836,0.016297842904731352
2025-06-25,-0.010562803036859414,-0.010164461273743597,-0.005589136816606777,0.0013165479036041372
2025-06-26,0.010058683933902302,0.0064092946095182235,0.003508066299980017,0.01022242200796697
2025-06-27,0.003428415888767855,0.0002580059030210524,0.00014162534198214338,0.010959152873680322
2025-06-30,0.009869232158430608,0.00923103628616695,0.005067716606450778,0.008971634889643587
2025-07-01,-0.019304608241801358,-0.014970357594791484,-0.007576893945969387,0.008606795538550482
2025-07-02,0.0019859258319010475,-0.007626676507144103,-0.0038395771819621505,0.0072821127984645795
2025-07-03,0.01771041293476916,0.012476994286270582,0.006261556304851146,0.0028328582952796832
2025-07-07,-0.0014658146809475303,0.0053165904193099855,0.002682297014036328,-0.006214118740352048
2025-07-08,-0.00444841260590656,-0.007944461612480413,-0.004018790892627466,0.005675165125484494
2025-07-09,0.009120246827965195,0.007450266589060117,0.0037558006734508265,0.007295698248993565
2025-07-10,0.002464726129725703,-0.0041542740989490845,-0.0021046026890088054,0.0014122233316213872
2025-07-11,-0.00987970346105349,-0.008092272012778956,-0.004086429576864892,-0.003394322690696394
2025-07-14,0.01604618955384174,0.01447129920644974,0.007278750671246614,0.00607306797698226
2025-07-15,-0.009867080018811869,-0.0066466406093331765,-0.0033652048547441193,-0.004320286282276431
2025-07-16,0.0013421045253971808,0.004171252784491042,0.002104931075295857,0.0007647140615367753
2025-07-17,0.01039847969107277,0.005099689433833099,0.0025824645441268057,0.011437917654525842
2025-07-18,0.009595358327784798,0.0025542905212667666,0.0012963690435590092,-0.0006914283154768608
2025-07-21,-0.002366977745408505,0.0007324809432123214,0.0003688869135061168,-0.0036121214876955188
2025-07-22,-0.010418656167111129,-0.00765261272816975,-0.003889634225026528,0.0072667126142416105
2025-07-23,0.01870806737174191,0.011589136501704678,0.005869726089010374,0.01107597070425892
2025-07-24,-0.00595120121213788,0.00023001145406142953,0.00011692074963187693,-0.0017580244081243368
2025-07-25,0.010292185306527424,0.012196831183959977,0.006208487916814276,0.004912343267994945
2025-07-28,0.00014919067287566534,-0.01008800381050945,-0.005162116799916072,-0.0034958321021164585
2025-07-29,-0.005385661279463272,-0.002038052483451125,-0.0010400323328725314,-0.002489124261460973
2025-07-30,0.00809851504518777,0.005292927328335972,0.0026960615339177707,0.0006350077875607596
2025-07-31,-0.007171104381330173,-0.0004237138411746777,-0.0002157742514456995,-0.020686960312688574
2025-08-01,-0.009216177806881443,-0.0017791350674976059,-0.00036717939817954015,-0.016388704497990125
2025-08-04,0.021683344997793785,0.017182830198526844,0.014475963662893276,0.004819935204883885
2025-08-05,-0.00014689403441914273,0.004868134878342589,0.004104867685760238,-0.0056073591271341705
2025-08-06,-0.00030733541667438136,0.007896962582527367,0.006674883084765604,0.004213346177449617
2025-08-07,-0.013443852106917342,-0.0013991842373491936,-0.0011890372575744657,-0.012027641740334105
2025-08-08,-0.0012733576526975376,0.006400769517913352,0.005413844687834679,-0.004285503535342627
2025-08-11,-0.00482799437194259,-0.0059423490180107175,-0.005033411377324715,-0.0030251793229829627
2025-08-12,0.01909519613616517,0.002895877363059185,0.002459109701518969,0.015895937590039377
2025-08-13,-0.008645823543093067,-0.007536351344299419,-0.006376428390731825,0.012815280147485453
2025-08-14,-0.015839725791446102,-0.012633610724031907,-0.01068863731895986,-0.011646162470402843
2025-08-15,-0.0026353829857292954,-0.002200223602031759,-0.001855239653047569,0.008033478900205226
2025-08-18,0.00621139408401028,0.006102721589374083,0.0051502705194130805,0.005629534956838267
2025-08-19,-0.02237105426083108,-0.012255546582030652,-0.010343504493552147,-0.016277348636696498
2025-08-20,-0.001712392660771278,0.003691580594936905,0.003109973616649331,-0.0008219113696936731
2025-08-21,-0.005050531052244067,-0.0009870558831307497,-0.0008324674151376499,-0.0034819427142650516
2025-08-22,0.01427365024049898,0.0031532093787352,0.00266733956293308,0.004184042117719278
2025-08-25,-0.004606200737063859,-0.005123171893551159,-0.004320914229644646,-0.00943778349466906
2025-08-26,0.014887787602080094,0.010829247033083522,0.009127500739381178,0.009393057935798588
2025-08-27,0.0005297732633477992,-0.0013060989322951633,-0.001101461903476375,0.001345703552255717
2025-08-28,0.012633813597496824,0.005989449649737022,0.005058434583369742,0.00789489439511315
2025-08-29,-0.01958560628231487,-0.009049126783922334,-0.007645120914474557,-0.01866542231189361
2025-09-02,-0.005610999485469725,-0.0039027755678672227,-0.0025731322607267515,-0.014401499904164838
2025-09-03,0.0037913307727521772,0.003630123428733034,0.0033484831425467654,-0.002567302578119768
2025-09-04,0.01197296711378848,0.011764197277181143,0.010859402420456243,0.003920352586106235
2025-09-05,-0.005103780517305312,-0.012160218074267481,-0.011243549549561416,-0.002844735708100843
2025-09-08,0.009492554893940186,0.0042485141718413555,0.003919785858087055,0.0030173124804602214
2025-09-09,0.00775464861405073,0.007918470468617045,0.007311094310695321,0.008771902444032476
2025-09-10,0.042485870911164625,0.006603783731081947,0.006101145632899652,0.006304436779725142
2025-09-11,-0.0032794119521186715,0.0075221769118676285,0.0069564789038525365,0.00018134409373571359
2025-09-12,-0.0019726795927947904,-0.005937634551774873,-0.0054888542948888785,-0.0028535068023081145
2025-09-15,0.0076953896541607225,0.0008048335940253892,0.0007406673227754457,-0.006802913082810891
2025-09-16,-0.005856795114537183,-0.007119539417560383,-0.006583869437802536,0.0006440674921890377
2025-09-17,-0.0061884959164399955,0.0009952330227473993,0.000918193835845349,0.00746344614081762
2025-09-18,0.022871204235438203,0.0151470133933016,0.01399854186885352,0.008072965523647335
2025-09-19,0.0066911642756153356,0.0028354008834667876,0.002623586681256951,0.0028549973986538024
2025-09-22,0.0073485359337142064,0.0003070841174699357,0.00028287293042938977,-0.003511415468505308
2025-09-23,-0.007940540619514214,0.007978202877248375,0.007384937166927674,0.003996519348999916
2025-09-24,-0.01682568119815664,-0.0094691014199767,-0.008765265242972498,0.0007202345602042026
2025-09-25,-0.018296587908823048,-0.011706599744423452,-0.010830298481081302,-0.006113205384087661
2025-09-26,0.00848281563173403,0.00946512611806627,0.008754681237635342,0.001891907000630244
2025-09-29,0.002786384740223191,0.006325373650330368,0.0058551872196968,0.00038793400910419606
2025-09-30,0.0013911977451119828,0.0031886808470109607,0.002949282879102677,0.016647060833755445
2025-10-01,-0.007429863182181196,-0.01447228255594768,-0.012945422124971184,0.02594553523154075
2025-10-02,0.011526433580579365,-0.0018143876879608278,-0.0015543661246945062,0.0025495796998555864
2025-10-03,-0.009412346959145612,-0.009332046223713197,-0.007974314599289878,0.0043295325774772575
2025-10-06,-0.0006615425827720678,-0.0057437160371131,-0.004913976471784154,0.0054446842261319794
2025-10-07,0.0012665473142310368,0.007487663982745252,0.006392005590632355,-0.0015744377927027209
2025-10-08,0.01662381235128363,0.002529304881406569,0.002156701842177089,0.0012526601250162361
2025-10-09,-0.0008142655589139514,-0.0021974703289866504,-0.0018766215120872287,-0.0008045678421350067
2025-10-10,-0.04463452652201216,-0.02272304675174075,-0.01941223097364797,-0.02407414724326795
2025-10-13,0.030386305856803464,0.016110967619502148,0.013713863148004934,0.007384369522677403
2025-10-14,-0.0017759979845087814,0.003252502449291539,0.002772154176544417,-0.004822799492588348
2025-10-15,7.08898158441329e-05,0.0018913914440510382,0.0016177537183938995,0.01126250848160093
2025-10-16,-0.01234750269034357,-0.011761461045377786,-0.010045616053752093,0.0004156115095734769
2025-10-17,-0.0039638626971569835,0.003552554327576729,0.0030275600349933818,0.006079320590508086
2025-10-20,0.006239014333417003,0.005601153924367663,0.004778526061972821,0.0171731883936177
2025-10-21,-0.004695169155898404,-0.002595408699811008,-0.00222173358778055,-0.000546187618824634
2025-10-22,-0.02011101831208406,-0.014970339961976498,-0.012765631125121302,-0.016610686288471732
2025-10-23,0.01970522237071326,0.011355636350311338,0.009672126726256725,0.00569558258100189
2025-10-24,0.0207837791411134,0.007749772929269927,0.006616500905884726,0.01297481553313351
2025-10-27,0.012708028596438936,0.010348183818077228,0.008839314959246725,0.011596057673476823
2025-10-28,-0.011897082264717196,-0.009442851592491586,-0.008071839699286598,-0.005036997176761537
2025-10-29,0.01013355561108864,-0.002521741084642204,-0.002156235350683877,-0.010430555949309084
2025-10-30,-0.0183578166206928,-0.008264581874011245,-0.007058156312951369,-0.010407090968007515
2025-10-31,0.011874507267454204,0.009025632050654098,0.007695699363694963,0.004939949823112411
2025-11-03,0.0041475801575641125,0.005522676452287767,0.00448611838885693,-0.008284182025064535
2025-11-04,-0.03241457988773644,-0.020375362238822525,-0.01474432382564228,-0.005483198642135534
2025-11-05,0.0242118368627795,0.019520182545466502,0.01405076266191907,0.008067999549322247
2025-11-06,-0.027721759072983576,-0.014849941802334121,-0.010733895814450611,-0.009410802587648148
2025-11-07,0.010496927461878247,0.001504822427385255,0.0010767751537814618,0.00951194681203682
2025-11-10,0.026706270737556492,0.02833115232683059,0.020418823795154584,-0.0010229159813075483
2025-11-11,-0.01235181679944597,-0.009747892796643343,-0.007076065817014809,-0.012739631258158801
2025-11-12,-0.00450799541290936,-0.004146556281059199,-0.0030010097629042942,0.003984830968462694
2025-11-13,-0.038580320824299186,-0.03046907293645451,-0.022045854905468842,-0.03635582955070493
2025-11-14,0.004864212925666855,0.00039415735797088125,0.0002805815545088297,0.005488259551410302
2025-11-17,-0.00746430185483149,-0.004943049459853355,-0.0035426947752078553,-0.025256737241033944
2025-11-18,-0.0064826726755204955,-0.00489245771538771,-0.003506844543207488,-0.010037207062217557
2025-11-19,0.010928845773842344,0.005507404062325083,0.003941340292253459,0.011808836608402373
2025-11-20,-0.046172937969830574,-0.03491964868750197,-0.025025586825869306,-0.04596455245048825
2025-11-21,0.003918059189465195,0.006755488838412926,0.004790358220915891,0.003376998595725489
2025-11-24,0.033759161516244474,0.027298064074986916,0.019400723557561284,0.03199490603074073
2025-11-25,0.012689850750100984,0.010822241593743565,0.007749969155060876,0.005841131495255336
2025-11-26,0.02778940171641775,0.02143042366704173,0.015393947618556059,0.02432905893824233
2025-11-28,0.010378596750542313,0.006880071540390942,0.004973125447647497,0.016294298274607044
2025-12-01,-0.0064948234728196,-0.011423882275052089,-0.007579906450120966,-0.012095141378622887
2025-12-02,0.006608228638871783,-0.000675381531150987,-0.0002586879615368298,-0.000841077111804589
2025-12-03,0.0036979397673659875,-0.0032446108622616876,-0.0012433755034015892,0.0037474039367799694
2025-12-04,0.010914607114658414,0.01175072697159285,0.004485833478842016,-0.0016693446465109174
2025-12-05,0.009098650499814731,0.011132052109795731,0.004284475295549761,-0.002526580263094713
2025-12-08,0.014403979174853365,0.0076567415027466446,0.00296302883138555,-0.011673451762356013
2025-12-09,0.010314655038536014,0.005882778303698322,0.0022884942682330767,-0.008486522963643939
2025-12-10,0.0240145690771727,0.018957433895659515,0.007402060431795698,0.009315066218441803
2025-12-11,0.0049094734870798185,0.006232256046157181,0.0024585263535517043,0.004325780031480431
2025-12-12,-0.039948782104563096,-0.04054458162963637,-0.01607684327866077,-0.0025033395534574954
2025-12-15,-0.0034714903261651164,-0.0045500676654777195,-0.0017600827996416823,-0.013207076672986595
2025-12-16,-0.0008287525037725674,-0.0017435533427095917,-0.0006730341753585778,0.006515352317463252
2025-12-17,-0.03627706184987245,-0.02470222486357876,-0.009511873325946607,-0.02325416818321613
2025-12-18,0.03294594699235032,0.031112987096856948,0.011796458998883042,0.007737125802481426
2025-12-19,0.028126458630796103,0.028205391438404837,0.010899807122892069,0.021359987864494112
2025-12-22,0.011057843017812763,0.00922581936956024,0.0036270532461291083,0.005983653068044159
2025-12-23,0.0032010677114437946,0.004989388955966678,0.00197263290975358,-0.0018571045062820701
2025-12-24,0.007186221281393124,0.006462219699975291,0.002562106248518603,0.005024734386665175
2025-12-26,-0.0036001679327754,-0.0008504959803383727,-0.0003382677922880717,0.002058676276044391
2025-12-29,-0.00937337180745379,-0.009556329867410618,-0.003798627457953785,-0.0038580007552491136
2025-12-30,-0.005436497651784666,-0.00584727406569685,-0.0023121939579127115,-0.001193449773891908
2025-12-31,-0.015302358405567484,-0.014267995447242554,-0.005621777829761476,-0.005760816282261327
