block,signal_date,execution_date,market_regime,exposure,selected,selected_count,eligible_count,turnover_usd,cash_after_usd
B0_momentum_12_1,2014-12-31,2015-01-02,on,1.0,"LUV,EW,EA,AVGO,DAL,MNST,MU,UAA,MAR,VRTX,RCL,GD,KR,KDP,LRCX,AMGN,REGN,INTC,IRM,AAPL",20,360,99900.09990009994,-1.8189894035458565e-12
B0_momentum_12_1,2015-01-30,2015-02-02,on,1.0,"LUV,EW,AVGO,EA,KR,BBY,IRM,RCL,DAL,AAPL,MAR,MNST,MAC,LRCX,KDP,INTC,AMAT,MU,HCA,HUM",20,361,54808.28845602562,5.286437954055145e-12
B0_momentum_12_1,2015-02-27,2015-03-02,on,1.0,"LUV,EA,EW,AVGO,KR,MNST,IRM,MO,KDP,RCL,AAPL,LRCX,MAC,WELL,DAL,VRTX,UNH,ETR,MAR,AVB",20,362,68189.86662437976,5.4569682106375694e-12
B0_momentum_12_1,2015-03-31,2015-04-01,on,1.0,"SWKS,MNST,AVGO,EA,LUV,EW,AAPL,VRTX,ZTS,KR,IRM,LOW,MO,LRCX,MAR,DLTR,RHI,ROST,HD,SHW",20,365,87215.28414085723,-9.094947017729282e-12
B0_momentum_12_1,2015-04-30,2015-05-01,on,1.0,"SWKS,EA,MNST,AVGO,LUV,EW,VRTX,KR,UAA,LOW,HUM,CI,UNH,KMX,RCL,ROST,DLTR,ZTS,REGN,AAL",20,366,83859.04296615685,-1.8189894035458565e-11
B0_momentum_12_1,2015-05-29,2015-06-01,on,1.0,"SWKS,MNST,VRTX,EA,AVGO,EW,LUV,UAA,REGN,KMX,LOW,ORLY,ROST,KR,ZTS,DLTR,UNH,TGT,AAPL,HCA",20,366,48585.364867931756,4.192202140984591e-12
B0_momentum_12_1,2015-06-30,2015-07-01,on,1.0,"SWKS,AVGO,REGN,MNST,EA,HUM,CI,ZTS,EW,KR,LOW,UNH,DRI,ORLY,ROST,TSCO,HCA,BSX,AAPL,LUV",20,367,57716.70634719817,-5.7127635955112055e-12
B0_momentum_12_1,2015-07-31,2015-08-03,on,1.0,"MNST,SWKS,EA,AVGO,CI,HUM,REGN,EW,MHK,LEG,NFLX,HAS,ROST,UNH,DRI,ORLY,KR,CAG,ZTS,TSCO",20,369,59484.21696372848,-7.716494110354688e-12
B0_momentum_12_1,2015-08-31,2015-09-01,off,0.0,,0,0,100923.34769074549,100822.42434305484
B0_momentum_12_1,2015-09-30,2015-10-01,off,0.0,,0,0,0.0,100822.42434305484
B0_momentum_12_1,2015-10-30,2015-11-02,on,1.0,"NFLX,AMZN,EA,VMC,UAA,SBUX,AVGO,SWKS,EXPE,ORLY,STZ,CI,MLM,DRI,MHK,EQIX,MAS,MNST,KR,NKE",20,374,100721.70264041517,-2.000888343900442e-11
B0_momentum_12_1,2015-11-30,2015-12-01,on,1.0,"NFLX,AMZN,EA,SBUX,ORLY,EXPE,VMC,BSX,STZ,VLO,MAS,EQIX,NOC,GOOGL,AZO,FISV,EFX,AVY,RCL,HAS",20,376,105718.74649611674,1.8189894035458565e-12
B0_momentum_12_1,2015-12-31,2016-01-04,off,0.0,,0,0,98722.15147582779,98623.42932435204
B0_momentum_12_1,2016-01-29,2016-02-01,off,0.0,,0,0,0.0,98623.42932435204
B0_momentum_12_1,2016-02-29,2016-03-01,off,0.0,,0,0,0.0,98623.42932435204
B0_momentum_12_1,2016-03-31,2016-04-01,on,1.0,"TSN,NFLX,AMZN,HRL,MAT,EQIX,CPB,GOOGL,MSFT,PSA,GOOG,VRSN,AVY,SBUX,NDAQ,EXR,NI,MO,NKE,MAS",20,384,98524.90441993158,4.547473508864641e-11
B0_momentum_12_1,2016-04-29,2016-05-02,on,1.0,"TSN,HRL,PSA,EXR,CPB,NI,AMZN,VRSN,EW,GOOGL,NDAQ,O,GOOG,EQIX,MAS,PGR,MCD,CINF,MKC,AVGO",20,384,68555.20105715166,-5.171841621631757e-12
B0_momentum_12_1,2016-05-31,2016-06-01,on,1.0,"EW,TSN,AMZN,AWK,DLR,GPN,AYI,HRL,VRSN,CINF,ULTA,MCD,O,TAP,STZ,AIZ,CPB,NOC,GOOG,MAS",20,390,90972.0846341881,-5.314859663485549e-12
B0_momentum_12_1,2016-06-30,2016-07-01,on,1.0,"AMZN,AWK,EQIX,ULTA,TSN,GPN,TAP,DLR,EXR,NEM,GOOG,O,PSA,EW,NI,MAS,SYY,VMC,GOOGL,NDAQ",20,390,93729.73675447586,-2.2737367544323206e-11
B0_momentum_12_1,2016-07-29,2016-08-01,on,1.0,"NEM,DLR,AWK,NI,ALB,O,TSN,EQIX,ULTA,SYY,KLAC,TAP,IRM,MAT,SJM,AEE,CINF,AMAT,CMS,WEC",20,392,107818.92902612127,7.275957614183426e-12
B0_momentum_12_1,2016-08-31,2016-09-01,on,1.0,"NEM,ALB,DHR,TSN,DLR,AMAT,EW,ULTA,O,AWK,NI,KLAC,GRMN,IRM,TAP,AMZN,CINF,PLD,TXN,LNT",20,393,73723.9507558071,-8.810729923425242e-13
B0_momentum_12_1,2016-09-30,2016-10-03,on,1.0,"NEM,AMAT,DHR,ALB,WYNN,MAT,TSN,XYL,DLR,AYI,ADSK,EW,OKE,MCHP,ISRG,ULTA,CINF,ITW,AMZN,TXN",20,396,92956.86933836387,-1.8189894035458565e-12
B0_momentum_12_1,2016-10-31,2016-11-01,on,1.0,"NEM,AMAT,DHR,TSN,ALB,OKE,HPE,EW,XYL,ISRG,WYNN,GRMN,AVGO,CHTR,O,PWR,SPGI,VTR,APA,ULTA",20,397,89842.13618791103,3.0127011996228248e-12
B0_momentum_12_1,2016-11-30,2016-12-01,on,1.0,"NEM,OKE,DHR,ALB,AMAT,URBN,ULTA,HPE,WYNN,QCOM,CMI,TSN,CNP,FCX,GRMN,DLR,FFIV,CHTR,MAT,VTR",20,397,83857.5796792591,-2.0804691303055733e-11
B0_momentum_12_1,2016-12-30,2017-01-03,on,1.0,"OKE,FCX,NEM,AMAT,DHR,CMI,PWR,MLM,MUR,ALB,HAL,NUE,HPE,NAVI,BBY,JCI,DVN,KMI,APA,WYNN",20,397,110287.0005242154,3.183231456205249e-12
B0_momentum_12_1,2017-01-31,2017-02-01,on,1.0,"FCX,OKE,URI,MU,ZION,AMAT,DHR,PWR,NAVI,MLM,RF,MUR,DVN,FITB,HAL,CFG,NEM,WMB,LNC,HPE",20,397,84429.8538777756,3.637978807091713e-12
B0_momentum_12_1,2017-02-28,2017-03-01,on,1.0,"URI,OKE,DVN,MU,FCX,ZION,CSX,RF,CFG,LNC,WMB,WDC,BAC,AMAT,DHR,HAL,PWR,MS,CHTR,FITB",20,398,54601.402189114364,-2.4433575163129714e-12
B0_momentum_12_1,2017-03-31,2017-04-03,on,1.0,"AMD,MU,URI,OKE,RF,WMB,CSX,BAC,ZION,DHR,MS,IDXX,CFG,LNC,INCY,KEY,AMAT,FITB,RJF,WDC",20,401,54403.62427947414,-6.934897101018578e-12
B0_momentum_12_1,2017-04-28,2017-05-01,on,1.0,"AMD,MU,DXC,INCY,IDXX,AMAT,URI,STX,DHR,WDC,CSX,NTAP,LRCX,NFLX,ALB,BAC,MS,OKE,WMB,JEF",20,403,72552.78179157386,-4.547473508864641e-12
B0_momentum_12_1,2017-05-31,2017-06-01,on,1.0,"AMD,MU,CSX,STX,WDC,IDXX,LRCX,DHR,AMAT,BBY,MS,BAC,NTAP,CFG,ADSK,CHTR,DXC,FMC,URI,UAL",20,403,62802.456218901556,-6.0822458181064576e-12
B0_momentum_12_1,2017-06-30,2017-07-03,on,1.0,"MU,CSX,AMD,ADSK,BBY,WDC,UAL,AMAT,LRCX,STX,IDXX,ALGN,NFLX,LNC,DHR,CFG,AAL,BAC,SWKS,RCL",20,404,63353.45487911068,-8.582446753280238e-12
B0_momentum_12_1,2017-07-31,2017-08-01,on,1.0,"MU,WDC,CSX,AMD,BBY,IDXX,ADSK,BAC,LUV,ALGN,DXC,NFLX,RF,CFG,KEY,UAL,LRCX,DE,AMAT,ZION",20,406,65333.42018049816,-2.7284841053187847e-12
B0_momentum_12_1,2017-08-31,2017-09-01,on,1.0,"NRG,BA,WDC,NFLX,ALGN,AMD,FMC,MU,CSX,RCL,DXC,VRTX,LRCX,ADSK,PYPL,BBY,DE,LNC,INCY,BAC",20,407,81957.7610316407,-9.094947017729282e-12
B0_momentum_12_1,2017-09-29,2017-10-02,on,1.0,"NRG,AMD,ALGN,BA,VRTX,NFLX,MU,LRCX,FMC,CSX,RCL,DXC,BAC,ADSK,WDC,MAR,URI,CBOE,AMAT,PYPL",20,408,44871.94907892821,-1.9326762412674725e-12
B0_momentum_12_1,2017-10-31,2017-11-01,on,1.0,"NVDA,NRG,MU,ALGN,VRTX,LRCX,FMC,BA,URI,AMAT,CSX,AMD,CBOE,AMP,ABBV,ALB,MAR,CI,WYNN,PGR",20,410,82539.57176926034,-1.7280399333685637e-11
B0_momentum_12_1,2017-11-30,2017-12-01,on,1.0,"ALGN,MU,NRG,LRCX,PYPL,VRTX,AMAT,BA,ISRG,ADSK,ADBE,NFLX,FMC,MTD,CBOE,CDNS,PHM,CNC,ALB,DHI",20,409,117300.83177333884,-1.6484591469634324e-12
B0_momentum_12_1,2017-12-29,2018-01-02,on,1.0,"ALGN,NRG,MU,VRTX,ISRG,DHI,PHM,LRCX,PYPL,WYNN,BA,ILMN,CNC,ADBE,CDNS,CBOE,FMC,AMAT,SBAC,EL",20,409,47172.32021431485,3.637978807091713e-12
B0_momentum_12_1,2018-01-31,2018-02-01,on,1.0,"ALGN,BA,PYPL,NVDA,VRTX,NRG,DHI,MU,WYNN,CAT,MAR,ABBV,LRCX,CDNS,AVY,TROW,CNC,EL,FMC,CBOE",20,412,75203.65013583144,-1.0857093002414331e-11
B0_momentum_12_1,2018-02-28,2018-03-01,on,1.0,"ALGN,NVDA,ABBV,PYPL,NFLX,BA,MU,VRTX,CPRI,BBY,ISRG,CBOE,CAT,WYNN,MAR,TROW,PVH,KSS,AMZN,ADBE",20,411,93689.19930823334,-1.6228796084760688e-11
B0_momentum_12_1,2018-03-29,2018-04-02,on,1.0,"NKTR,ALGN,NVDA,BA,IPGP,NFLX,TTWO,PYPL,ABBV,AMZN,MU,KSS,CAT,TROW,ISRG,CPRI,EL,ADBE,MA,BBY",20,413,60490.12432470778,0.0
B0_momentum_12_1,2018-04-30,2018-05-01,on,1.0,"NKTR,NVDA,NFLX,MU,ALGN,IPGP,BA,NRG,KSS,EL,CPRI,ADBE,PYPL,URI,NTAP,PGR,AMZN,TROW,TTWO,XYL",20,413,62336.714100097306,1.8189894035458565e-12
B0_momentum_12_1,2018-05-31,2018-06-01,on,1.0,"NKTR,CPRI,NFLX,NRG,VLO,BA,ALGN,NTAP,KSS,IPGP,GWW,TROW,RL,ABBV,AMZN,ADBE,NVDA,EL,VFC,MU",20,413,67156.43957433011,-5.4569682106375694e-12
B0_momentum_12_1,2018-06-29,2018-07-02,on,1.0,"NKTR,NFLX,ALGN,NRG,VLO,RL,MU,BA,KSS,GWW,ADBE,NTAP,NVDA,INTC,IPGP,TROW,AMZN,CPRI,M,EL",20,413,32912.74355858518,-2.8990143619012088e-12
B0_momentum_12_1,2018-07-31,2018-08-01,on,1.0,"NKTR,NFLX,ALGN,GWW,MU,KSS,NTAP,CPRI,STX,CPRT,AMZN,RL,ADBE,M,VLO,ILMN,CF,COP,AKAM,CNC",20,413,85329.74150262307,4.547473508864641e-12
B0_momentum_12_1,2018-08-31,2018-09-04,on,1.0,"NKTR,GWW,NTAP,ALGN,NFLX,M,KSS,AMZN,STX,CPRT,CF,RHI,VLO,COP,MU,ILMN,ADBE,HCA,AKAM,ORLY",20,414,44372.936698477715,-3.410605131648481e-13
B0_momentum_12_1,2018-09-28,2018-10-01,on,1.0,"NKTR,ALGN,AMZN,GWW,NFLX,NTAP,AMD,CPRT,ADBE,ILMN,STX,KSS,M,BR,HCA,CRM,IDXX,AAP,VLO,ISRG",20,413,79371.19005593937,1.2022383089060895e-11
B0_momentum_12_1,2018-10-31,2018-11-01,off,0.0,,0,0,105319.38638368528,105214.06699730163
B0_momentum_12_1,2018-11-30,2018-12-03,on,1.0,"FTNT,AMD,UAA,UA,KSS,NFLX,HCA,AAP,CMG,M,TRIP,TJX,MKC,AES,TGT,NTAP,COP,RL,BSX,MRK",20,416,105108.95803926513,1.4551915228366852e-11
B0_momentum_12_1,2018-12-31,2019-01-02,off,0.0,,0,0,91348.579340911,91257.23076157061
B0_momentum_12_1,2019-01-31,2019-02-01,off,0.0,,0,0,0.0,91257.23076157061
B0_momentum_12_1,2019-02-28,2019-03-01,on,1.0,"CMG,NRG,AMD,WELL,KEYS,LLY,AES,FTNT,ULTA,ORLY,TRIP,AAP,VRSN,O,TSCO,MRK,VTR,HCA,BSX,LW",20,420,91166.06469687074,2.9103830456733704e-11
B0_momentum_12_1,2019-03-29,2019-04-01,on,1.0,"AMD,CMG,LLY,FTNT,KEYS,TSCO,AES,CDNS,ORLY,VRSN,ULTA,MRK,BSX,GRMN,AZO,INTU,CRM,HCA,TDG,WELL",20,420,59372.23176353937,-2.0037305148434825e-12
B0_momentum_12_1,2019-04-30,2019-05-01,on,1.0,"AMD,KEYS,CMG,AZO,LLY,CDNS,WELL,CHD,VRSN,FTNT,AES,GRMN,O,IQV,AMT,EW,ORLY,AAP,PG,TSCO",20,421,69115.71498399274,-7.275957614183426e-12
B0_momentum_12_1,2019-05-31,2019-06-03,off,0.0,,0,0,91325.16260922095,91233.83744661137
B0_momentum_12_1,2019-06-28,2019-07-01,on,1.0,"AMD,SBUX,AZO,CINF,CDNS,MKC,CMG,CHD,AMT,VRSN,HSY,PGR,WELL,GPN,PG,LLY,ULTA,SNPS,PYPL,MSCI",20,423,91142.69475186244,2.3646862246096134e-11
B0_momentum_12_1,2019-07-31,2019-08-01,on,1.0,"MKTX,CDNS,SBUX,KEYS,AMD,AZO,CMG,SNPS,XRX,MSCI,APD,VRSN,MTD,GPN,TSCO,AMT,PGR,CINF,DHR,SBAC",20,426,76193.88969194796,4.547473508864641e-12
B0_momentum_12_1,2019-08-30,2019-09-03,on,1.0,"SBUX,MKTX,CMG,SBAC,HSY,CDNS,EW,TFX,PG,AMT,AZO,ULTA,CINF,KEYS,APD,YUM,AVGO,DHR,XRAY,AWK",20,429,85151.79490069207,-3.637978807091713e-12
B0_momentum_12_1,2019-09-30,2019-10-01,on,1.0,"MKTX,CMG,SBUX,SBAC,AMT,HSY,TSN,CDNS,PG,TDG,WEC,CINF,KLAC,WELL,AWK,CPRT,KEYS,ETR,EXR,DG",20,430,85807.74562850595,-2.000888343900442e-11
B0_momentum_12_1,2019-10-31,2019-11-01,on,1.0,"CMG,KLAC,LRCX,TDG,KEYS,AMD,NVR,CPRT,MLM,AMAT,EQIX,SNPS,EW,CDW,MSCI,XRAY,VMC,EL,MKTX,CINF",20,431,120489.9239501264,2.3646862246096134e-11
B0_momentum_12_1,2019-11-29,2019-12-02,on,1.0,"LRCX,KLAC,KEYS,MKTX,CPRT,CMG,TDG,AMD,TGT,SNPS,EQIX,AMAT,PHM,QCOM,CDNS,GRMN,GPN,XRAY,EW,DG",20,433,68391.83858804684,-7.652545264136279e-12
B0_momentum_12_1,2019-12-31,2020-01-02,on,1.0,"AMD,XRX,LRCX,TGT,MKTX,CMG,KLAC,CPRT,COTY,AMAT,MSCI,TDG,GPN,IR,LDOS,KEYS,AAPL,TSN,QRVO,CDW",20,437,89467.24419058952,-3.637978807091713e-12
B0_momentum_12_1,2020-01-31,2020-02-03,on,1.0,"AMD,QCOM,TGT,CPRT,AAPL,PAYC,QRVO,MKTX,LRCX,CDW,LDOS,KLAC,SWKS,RMD,NVDA,GPN,CAG,TDG,IR,MLM",20,438,71115.5078434702,-1.1937117960769683e-11
B0_momentum_12_1,2020-02-28,2020-03-02,off,0.0,,0,0,89884.66609498952,89794.78142889563
B0_momentum_12_1,2020-03-31,2020-04-01,off,0.0,,0,0,0.0,89794.78142889563
B0_momentum_12_1,2020-04-30,2020-05-01,off,0.0,,0,0,0.0,89794.78142889563
B0_momentum_12_1,2020-05-29,2020-06-01,on,1.0,"DXCM,NVDA,NEM,AMD,DVA,KLAC,REGN,ODFL,WST,AAPL,MKTX,QRVO,LRCX,SWKS,HUM,MSCI,MU,VRTX,CPB,ZBRA",20,441,89705.07635254413,-2.7284841053187847e-11
B0_momentum_12_1,2020-06-30,2020-07-01,on,1.0,"DXCM,NVDA,REGN,FTNT,AMD,WST,TYL,ODFL,MKTX,AAPL,NEM,VRTX,BIO,HUM,KR,QRVO,SWKS,KLAC,CMG,LRCX",20,442,49228.67792117316,2.1458390619955026e-12
B0_momentum_12_1,2020-07-31,2020-08-03,on,1.0,"DXCM,NVDA,REGN,AAPL,FTNT,AMD,NEM,WST,PYPL,VRTX,KR,LRCX,ABBV,ADSK,AMZN,SWKS,DPZ,MSCI,ODFL,NOW",20,443,77240.1816936452,-1.2505552149377763e-12
B0_momentum_12_1,2020-08-31,2020-09-01,on,1.0,"NVDA,DXCM,AMD,REGN,AAPL,SWKS,WST,LRCX,PYPL,QRVO,AMZN,NEM,FTNT,DPZ,ODFL,NOW,NFLX,ADSK,MSCI,ROL",20,444,38664.91354158986,-5.95946403336711e-13
B0_momentum_12_1,2020-09-30,2020-10-01,on,1.0,"AMD,NVDA,DXCM,AAPL,REGN,ETSY,WST,PYPL,AMZN,NFLX,NOW,SWKS,ADBE,CRM,ODFL,NEM,QRVO,MSCI,FCX,FTNT",20,443,45947.09640667401,-5.059064278611913e-12
B0_momentum_12_1,2020-10-30,2020-11-02,on,1.0,"ETSY,NVDA,DXCM,AMD,NOW,WST,AAPL,PYPL,REGN,NFLX,AMZN,ADBE,SWKS,FDX,QRVO,CDNS,BBY,CRM,NEM,SNPS",20,445,44555.79033514485,9.094947017729282e-13
B0_momentum_12_1,2020-11-30,2020-12-01,on,1.0,"ETSY,NVDA,AMD,WST,PYPL,NOW,AMZN,POOL,IDXX,AAPL,FDX,ROL,NFLX,NEM,DHR,ALGN,CDNS,QCOM,SNPS,FCX",20,448,77934.55313854199,-8.924416761146858e-12
B0_momentum_12_1,2020-12-31,2021-01-04,on,1.0,"TSLA,ETSY,NVDA,PYPL,ALB,AMD,FDX,NOW,WST,FCX,IDXX,ALGN,ROL,QCOM,PWR,TMUS,AMZN,POOL,TER,ODFL",20,449,73098.19551160745,-1.9326762412674725e-12
B0_momentum_12_1,2021-01-29,2021-02-01,on,1.0,"TSLA,ENPH,ETSY,FCX,NVDA,ALGN,PYPL,AMD,ALB,CDNS,FDX,AMZN,PWR,WST,IDXX,QCOM,TER,IPGP,SNPS,AAPL",20,452,59924.59547752701,-8.29913915367797e-12
B0_momentum_12_1,2021-02-26,2021-03-01,on,1.0,"TSLA,ENPH,ETSY,CARR,FCX,ALGN,MPWR,TER,PYPL,ALB,AAPL,QCOM,NVDA,AMD,CDNS,KLAC,CMG,WST,IPGP,SNPS",20,452,56081.19051165879,1.8189894035458565e-12
B0_momentum_12_1,2021-03-31,2021-04-01,on,1.0,"PENN,TSLA,CZR,ETSY,ENPH,FCX,APA,GNRC,DVN,HAL,TPR,MGM,ALGN,APTV,MOS,RCL,URI,EXPE,NCLH,PYPL",20,452,162494.36223796662,-2.000888343900442e-11
B0_momentum_12_1,2021-04-30,2021-05-03,on,1.0,"PENN,TSLA,CZR,FCX,ENPH,GNRC,ETSY,IVZ,MOS,TPR,AMAT,DE,NWSA,GM,URI,ALGN,HWM,PWR,EXPE,ALB",20,453,101441.76614657883,-5.7980287238024175e-12
B0_momentum_12_1,2021-05-28,2021-06-01,on,1.0,"FCX,TSLA,IVZ,TPR,MOS,GNRC,CZR,UAA,PENN,PWR,ETSY,UA,DE,PVH,ENPH,ALGN,HWM,AMAT,LRCX,HPQ",20,454,65543.21489028912,3.637978807091713e-12
B0_momentum_12_1,2021-06-30,2021-07-01,on,1.0,"FCX,TPR,MOS,ENPH,TSLA,DVN,CZR,NUE,COF,PENN,GNRC,IVZ,MGM,PWR,F,PVH,UAA,GM,DE,DXC",20,455,92701.93069207575,-1.7053025658242404e-12
B0_momentum_12_1,2021-07-30,2021-08-02,on,1.0,"TPR,CZR,ENPH,MRNA,DVN,FCX,GNRC,IVZ,MGM,FANG,COF,MOS,GM,MHK,NUE,TSLA,HWM,PWR,AMAT,F",20,456,64021.27790525276,-1.455100573366508e-11
B0_momentum_12_1,2021-08-31,2021-09-01,on,1.0,"MRNA,TPR,BBWI,IVZ,DVN,ENPH,ALGN,FCX,COF,AMAT,NUE,ALB,FTNT,UAA,DXC,MHK,GNRC,UA,OKE,IT",20,458,111372.76778704021,3.637978807091713e-12
B0_momentum_12_1,2021-09-30,2021-10-01,on,1.0,"MRNA,DVN,FTNT,ALB,NUE,BBWI,FANG,TPR,OXY,IT,COF,FCX,ZBRA,AMAT,IVZ,LNC,GNRC,MS,OKE,SPG",20,457,70813.08321444876,-6.366462912410498e-12
B0_momentum_12_1,2021-10-29,2021-11-01,on,1.0,"MRNA,DVN,FANG,OXY,APA,IT,FTNT,CZR,EOG,BBWI,COP,ALB,COF,MPC,WFC,AMAT,SPG,CF,NUE,SLB",20,457,103156.09237701166,-1.2732925824820995e-11
B0_momentum_12_1,2021-11-30,2021-12-01,on,1.0,"DVN,FTNT,FANG,GNRC,MRNA,BBWI,IT,OXY,NUE,APA,EOG,TSLA,DXCM,COP,CRL,NVDA,MOS,OKE,WFC,F",20,457,101377.08786172699,-1.3983481039758772e-11
B0_momentum_12_1,2021-12-31,2022-01-03,on,1.0,"MRNA,DVN,NVDA,BBWI,F,FANG,FTNT,NUE,IT,ODFL,APA,SPG,COP,GNRC,ALB,EOG,AMAT,EXR,INTU,RHI",20,458,91058.45546022058,7.275957614183426e-12
B0_momentum_12_1,2022-01-31,2022-02-01,on,1.0,"DVN,FTNT,NUE,NVDA,IT,BBWI,EXR,F,FANG,EPAM,COP,EOG,ANET,APA,SPG,AZO,ODFL,LYV,STX,INTU",20,459,67624.32912409585,0.0
B0_momentum_12_1,2022-02-28,2022-03-01,off,0.0,,0,0,114825.78855633177,114710.96276777491
B0_momentum_12_1,2022-03-31,2022-04-01,on,1.0,"DVN,APA,CF,COP,FTNT,OXY,NVDA,NUE,MOS,FANG,EOG,ANET,RHI,CVX,HAL,IT,F,COST,XOM,PSA",20,462,114596.36640137061,6.366462912410498e-11
B0_momentum_12_1,2022-04-29,2022-05-02,off,0.0,,0,0,105562.98817348201,105457.42518530843
B0_momentum_12_1,2022-05-31,2022-06-01,off,0.0,,0,0,0.0,105457.42518530843
B0_momentum_12_1,2022-06-30,2022-07-01,off,0.0,,0,0,0.0,105457.42518530843
B0_momentum_12_1,2022-07-29,2022-08-01,off,0.0,,0,0,0.0,105457.42518530843
B0_momentum_12_1,2022-08-31,2022-09-01,off,0.0,,0,0,0.0,105457.42518530843
B0_momentum_12_1,2022-09-30,2022-10-03,off,0.0,,0,0,0.0,105457.42518530843
B0_momentum_12_1,2022-10-31,2022-11-01,off,0.0,,0,0,0.0,105457.42518530843
B0_momentum_12_1,2022-11-30,2022-12-01,on,1.0,"OXY,EQT,DVN,VLO,XOM,MPC,COP,SLB,MCK,APA,CF,CI,HAL,EOG,CAH,LW,VRTX,CVX,NOC,MOS",20,472,105352.07311220467,-2.7284841053187847e-11
B0_momentum_12_1,2022-12-30,2023-01-03,off,0.0,,0,0,98610.01844913978,98511.40843069334
B0_momentum_12_1,2023-01-31,2023-02-01,on,1.0,"ENPH,FSLR,CEG,STLD,OXY,MPC,EQT,VLO,LLY,CAH,XOM,MCK,PWR,NOC,CI,CVX,MRK,LW,APA,ACGL",20,474,98412.99543526024,-1.0186340659856796e-10
B0_momentum_12_1,2023-02-28,2023-03-01,on,1.0,"FSLR,CEG,MPC,STLD,OXY,VLO,XOM,ALB,LW,EQT,SLB,CAH,CAT,GILD,MRK,COP,PCG,BIIB,VRTX,PWR",20,473,78632.33945548814,1.8758328224066645e-12
B0_momentum_12_1,2023-03-31,2023-04-03,on,1.0,"FSLR,LW,STLD,MPC,LVS,ACGL,FICO,VLO,WYNN,GILD,XOM,GPC,CAH,CEG,SLB,GWW,MRK,URI,PCG,PCAR",20,476,80908.20200823713,0.0
B0_momentum_12_1,2023-04-28,2023-05-01,on,1.0,"FSLR,FICO,NFLX,WYNN,LVS,MPC,ON,LW,GE,MKTX,NVDA,ACGL,ANET,PWR,PHM,DHI,GWW,SBUX,GILD,LEN",20,476,110213.56630641501,0.0
B0_momentum_12_1,2023-05-31,2023-06-01,on,1.0,"FSLR,AXON,LVS,FICO,WYNN,LW,NFLX,GE,DXCM,ACGL,BA,NVDA,SBUX,ANET,BIIB,CAH,DHI,PHM,CMG,ORLY",20,478,73950.06622575875,-1.0231815394945443e-12
B0_momentum_12_1,2023-06-30,2023-07-03,on,1.0,"FSLR,NVDA,RCL,NFLX,GE,AXON,FICO,ANET,WYNN,PCG,AVGO,PHM,LVS,DHI,ON,META,CMG,CPRT,CAH,LEN",20,478,74932.50929993205,-1.3642420526593924e-11
B0_momentum_12_1,2023-07-31,2023-08-01,on,1.0,"RCL,NVDA,FSLR,NFLX,GE,CCL,AXON,PHM,META,FICO,NCLH,ACGL,AVGO,WYNN,CAH,PCG,GWW,DHI,ORCL,PANW",20,479,65769.98629643861,7.815970093361102e-13
B0_momentum_12_1,2023-08-31,2023-09-01,on,1.0,"NVDA,RCL,PHM,META,NFLX,GE,AVGO,CCL,FICO,DHI,WYNN,ACGL,URI,LEN,ETN,FSLR,ORCL,LVS,CAT,LRCX",20,480,65909.34779260494,-2.6716406864579767e-12
B0_momentum_12_1,2023-09-29,2023-10-02,on,1.0,"NVDA,GE,RCL,META,FICO,PHM,AVGO,ORCL,ADBE,AXON,LRCX,BKNG,FDX,NFLX,AMAT,ETN,ALGN,URI,BKR,ACGL",20,480,68064.01817661058,-1.1311840353300795e-11
B0_momentum_12_1,2023-10-31,2023-11-01,off,0.0,,0,0,91565.90438088123,91474.338476501
B0_momentum_12_1,2023-11-30,2023-12-01,on,1.0,"META,NVDA,PHM,AVGO,GE,ADBE,LLY,ANET,ACGL,CDNS,NOW,NFLX,SNPS,AMZN,FICO,WST,PANW,MSFT,RCL,STX",20,481,91382.95552097261,-1.8189894035458565e-12
B0_momentum_12_1,2023-12-29,2024-01-02,on,1.0,"NVDA,META,UBER,RCL,TSLA,BLDR,PANW,AMD,PHM,CCL,ADBE,GE,ANET,NOW,INTC,CRM,LRCX,AMZN,FICO,AVGO",20,482,76938.70330666658,-3.637978807091713e-12
B0_momentum_12_1,2024-01-31,2024-02-01,on,1.0,"NVDA,META,BLDR,UBER,RCL,AMD,PHM,AVGO,ANET,PANW,INTC,FICO,CCL,LLY,LULU,JBL,LRCX,ADBE,DHI,NRG",20,482,53634.8374209078,-1.3358203432289883e-12
B0_momentum_12_1,2024-02-29,2024-03-01,on,1.0,"NVDA,META,AMD,LLY,BLDR,AVGO,UBER,ANET,PHM,ADBE,PANW,NOW,RCL,FICO,CRM,NFLX,LRCX,INTC,AKAM,NRG",20,482,49577.73505264986,-1.9326762412674725e-12
B0_momentum_12_1,2024-03-28,2024-04-01,on,1.0,"SMCI,NVDA,UBER,META,CEG,LLY,BLDR,AVGO,RCL,DECK,LRCX,FICO,PHM,AMD,URI,NFLX,KLAC,AMZN,NOW,ETN",20,484,80154.05302986596,-2.7284841053187847e-12
B0_momentum_12_1,2024-04-30,2024-05-01,on,1.0,"SMCI,NVDA,UBER,CEG,AVGO,BLDR,RCL,NRG,WDC,AMD,META,URI,MU,DECK,LLY,ETN,LRCX,ANET,AMAT,NFLX",20,482,56115.13378131762,9.094947017729282e-13
B0_momentum_12_1,2024-05-31,2024-06-03,on,1.0,"SMCI,VST,NRG,CEG,NVDA,GE,URI,TT,LDOS,WDC,LLY,DPZ,ETN,UBER,WAB,MPC,DECK,PH,PHM,RCL",20,485,105437.37031950615,1.693933882052079e-11
B0_momentum_12_1,2024-06-28,2024-07-01,on,1.0,"VST,SMCI,NVDA,CEG,CRWD,NRG,DECK,WDC,ANET,MU,GE,GDDY,KKR,QCOM,LLY,HWM,TT,ETN,FICO,LDOS",20,486,92756.26774091553,5.115907697472721e-12
B0_momentum_12_1,2024-07-31,2024-08-01,on,1.0,"VST,NVDA,SMCI,CRWD,ANET,CEG,NRG,LLY,AVGO,MU,GDDY,WDC,FICO,KKR,GE,DECK,NTAP,PGR,STX,TT",20,487,51643.34584057238,-2.0463630789890885e-12
B0_momentum_12_1,2024-08-30,2024-09-03,on,1.0,"SMCI,VST,NVDA,NRG,GDDY,KKR,HWM,GE,ANET,IRM,FICO,DECK,META,CEG,AVGO,ALL,GRMN,TT,NTAP,PGR",20,487,60870.67745003849,4.547473508864641e-12
B0_momentum_12_1,2024-09-30,2024-10-01,on,1.0,"NVDA,VST,GDDY,NRG,HWM,MPWR,KKR,PLTR,GE,FICO,IRM,AVGO,ANET,UHS,DECK,AXON,NFLX,MHK,PGR,CEG",20,488,73898.23234763555,-1.8189894035458565e-12
B0_momentum_12_1,2024-10-31,2024-11-01,on,1.0,"VST,NVDA,PLTR,KKR,CEG,HWM,FICO,NRG,GE,GDDY,MPWR,IRM,RCL,TT,DVA,AVGO,MHK,ERIE,URI,AXON",20,487,63776.324133992195,1.8189894035458565e-12
B0_momentum_12_1,2024-11-29,2024-12-02,on,1.0,"VST,NVDA,PLTR,CEG,TPL,IRM,UAL,RCL,HWM,AXON,TRGP,NRG,AVGO,KKR,FICO,GE,SYF,ANET,META,LDOS",20,489,99751.56036227569,-9.094947017729282e-12
B0_momentum_12_1,2024-12-31,2025-01-02,on,1.0,"VST,PLTR,TPL,NVDA,AXON,TRGP,UAL,CEG,HWM,FICO,NRG,KKR,APO,RCL,GDDY,NFLX,SYF,IRM,GE,WMT",20,489,62021.24520276487,0.0
B0_momentum_12_1,2025-01-31,2025-02-03,on,1.0,"PLTR,VST,AXON,UAL,TPL,NVDA,TSLA,TRGP,AVGO,HWM,CEG,RCL,GDDY,NRG,GRMN,TPR,KKR,FICO,SYF,MMM",20,489,73081.58698275499,-7.972289495228324e-12
B0_momentum_12_1,2025-02-28,2025-03-03,on,1.0,"PLTR,VST,GEV,TPL,UAL,AXON,RCL,TRGP,MMM,TSLA,HWM,NRG,CEG,GDDY,FOX,CCL,IP,KKR,FOXA,SYF",20,489,79571.88519178331,3.183231456205249e-12
B0_momentum_12_1,2025-03-31,2025-04-01,off,0.0,,0,0,119184.24886622652,119065.0646173601
B0_momentum_12_1,2025-04-30,2025-05-01,off,0.0,,0,0,0.0,119065.0646173601
B0_momentum_12_1,2025-05-30,2025-06-02,on,1.0,"PLTR,TPL,AXON,GEV,PM,TPR,FTNT,NFLX,GILD,DASH,T,VRSN,HWM,TSLA,ETR,FFIV,WELL,VTR,CAH,TRGP",20,490,118946.11849885434,-1.8189894035458565e-12
B0_momentum_12_1,2025-06-30,2025-07-01,on,1.0,"PLTR,GEV,AXON,HWM,NRG,TPR,VST,DASH,PAYC,TSLA,PM,FTNT,NFLX,FFIV,GILD,TPL,UAL,FOXA,ETR,RCL",20,490,79545.21598393656,0.0
B0_momentum_12_1,2025-07-31,2025-08-01,on,1.0,"PLTR,GEV,VST,AXON,DASH,TPR,NRG,HWM,NFLX,RCL,JBL,CRWD,CEG,FTNT,AVGO,UAL,CAH,FFIV,EQT,CCL",20,493,94014.42641266994,-5.512902134796605e-12
B0_momentum_12_1,2025-08-29,2025-09-02,on,1.0,"PLTR,GEV,TPR,VST,UAL,AXON,JBL,IBKR,NRG,DASH,COIN,RCL,HWM,ORCL,AVGO,CEG,RL,CCL,CRWD,NFLX",20,495,54284.760731268674,-6.195932655828074e-12
B0_momentum_12_1,2025-09-30,2025-10-01,on,1.0,"HOOD,PLTR,APP,GEV,TPR,RCL,AXON,IBKR,UAL,HWM,DASH,CCL,NFLX,COIN,AVGO,APH,VST,NRG,JBL,C",20,495,62071.43999057077,-3.566924533515703e-12
B0_momentum_12_1,2025-10-31,2025-11-03,on,1.0,"HOOD,PLTR,APP,STX,WDC,WBD,TPR,GEV,NRG,HWM,AVGO,LRCX,IBKR,NEM,APH,PSKY,DASH,GE,JBL,TKO",20,495,111061.48552721925,1.8189894035458565e-11
B0_momentum_12_1,2025-11-28,2025-12-01,on,1.0,"HOOD,PLTR,WDC,STX,AVGO,LRCX,MU,WBD,APP,NRG,KLAC,APH,NEM,GLW,TPR,AMD,MPWR,GEV,HWM,GE",20,495,70946.99122173898,6.821210263296962e-13
B0_momentum_12_1,2025-12-31,2026-01-02,on,1.0,"WDC,HOOD,STX,MU,NEM,WBD,FIX,LRCX,PLTR,APH,INTC,APP,CVS,NRG,KLAC,HWM,CAH,GLW,IDXX,AMD",20,498,76767.18757609837,-1.7337242752546445e-12
B0_momentum_12_1,2026-01-30,2026-02-02,on,1.0,"SNDK,WDC,MU,STX,WBD,NEM,LRCX,PLTR,HOOD,FIX,APH,DG,APP,INTC,GEV,AMD,GLW,HII,TPR,KLAC",20,499,90748.97494382225,-1.432454155292362e-11
B0_momentum_12_1,2026-02-27,2026-03-02,on,1.0,"SNDK,WDC,STX,MU,CIEN,FIX,NEM,LRCX,WBD,HII,ALB,AMD,APH,KLAC,TER,GEV,GLW,HOOD,INTC,AMAT",20,500,76871.83853953145,-1.2789769243681803e-12
B0_momentum_12_1,2026-03-31,2026-04-01,off,0.0,,0,0,155972.13603889197,155816.16390285437
B0_momentum_12_1,2026-04-30,2026-05-01,on,1.0,"SNDK,LITE,WDC,CIEN,STX,MU,TER,COHR,FIX,WBD,GLW,ALB,LRCX,VRT,APA,GEV,CAT,AMAT,VLO,INTC",20,500,155660.5033994466,-1.8189894035458565e-12
B0_momentum_12_1,2026-05-29,2026-06-01,on,1.0,"SNDK,LITE,WDC,CIEN,STX,MU,INTC,COHR,TER,FIX,ALB,GLW,AMD,LRCX,VRT,WBD,APA,AMAT,KLAC,CAT",20,502,58448.003982938826,-6.707523425575346e-12
B1_residual_momentum,2014-12-31,2015-01-02,on,1.0,"LUV,MAR,WELL,ESS,AVB,GD,EW,KDP,KR,EQR,MO,EIX,ETR,KIM,SPG,BXP,VNO,LLY,MAC,EA",20,360,99900.09990009994,-1.8189894035458565e-12
B1_residual_momentum,2015-01-30,2015-02-02,on,1.0,"KR,AVB,MAR,MAC,ETR,LUV,WELL,KDP,CVS,EW,MO,TRV,EIX,ESS,ALL,AAPL,EQR,LEG,SPG,VNO",20,361,55234.189200223045,3.694822225952521e-13
B1_residual_momentum,2015-02-27,2015-03-02,on,1.0,"MO,KR,WELL,LUV,KDP,AVB,ALL,CVS,WM,SPG,ESS,VNO,EW,MAR,LEG,EQR,BXP,MAC,ETR,AAPL",20,362,25214.643639202463,-1.8189894035458565e-12
B1_residual_momentum,2015-03-31,2015-04-01,on,1.0,"MO,KR,SWKS,CVS,SHW,AAPL,ZTS,EW,KDP,LOW,WM,MAR,FISV,COST,LUV,DLTR,ESS,WELL,CTAS,ADP",20,365,98478.56370199949,1.8189894035458565e-12
B1_residual_momentum,2015-04-30,2015-05-01,on,1.0,"KR,CI,LOW,CVS,SWKS,UNH,DLTR,FISV,LEG,KDP,SHW,AVGO,EA,COST,LUV,ROST,EW,ESS,STZ,HD",20,366,84338.5477163837,9.094947017729282e-13
B1_residual_momentum,2015-05-29,2015-06-01,on,1.0,"LOW,KR,SWKS,FISV,DLTR,EFX,SHW,CVS,ORLY,TGT,ROST,ZTS,EA,UNH,COST,MNST,STZ,SBUX,MAR,KDP",20,366,78218.76007013087,-2.000888343900442e-11
B1_residual_momentum,2015-06-30,2015-07-01,on,1.0,"SWKS,FISV,CVS,KR,CI,LOW,SHW,AVGO,REGN,ZTS,EFX,EA,UNH,ORLY,LEG,CME,DLTR,DRI,CTAS,HD",20,367,88251.18575891672,-1.7280399333685637e-11
B1_residual_momentum,2015-07-31,2015-08-03,on,1.0,"EA,CVS,FISV,LEG,KR,CI,DRI,ORLY,SWKS,UNH,MHK,SHW,ROST,CAG,AVGO,DLTR,HD,LOW,DIS,STZ",20,369,59015.78607025347,-3.410605131648481e-12
B1_residual_momentum,2015-08-31,2015-09-01,off,0.0,,0,0,101383.27269247465,101281.88941978244
B1_residual_momentum,2015-09-30,2015-10-01,off,0.0,,0,0,0.0,101281.88941978244
B1_residual_momentum,2015-10-30,2015-11-02,on,1.0,"FISV,SBUX,STZ,VMC,ORLY,EA,EFX,AZO,EQIX,NKE,AMZN,UAA,PGR,AVY,KR,ACN,TGT,MHK,DRI,HD",20,374,101180.70871107047,-2.9103830456733704e-11
B1_residual_momentum,2015-11-30,2015-12-01,on,1.0,"FISV,SBUX,ORLY,STZ,EA,AZO,AMZN,PGR,EFX,NOC,AVY,CLX,CINF,HD,ACN,VRSN,NKE,NDAQ,EQIX,HRL",20,376,62912.27209054085,-1.6370904631912708e-11
B1_residual_momentum,2015-12-31,2016-01-04,off,0.0,,0,0,98436.89679168095,98338.45989488914
B1_residual_momentum,2016-01-29,2016-02-01,off,0.0,,0,0,0.0,98338.45989488914
B1_residual_momentum,2016-02-29,2016-03-01,off,0.0,,0,0,0.0,98338.45989488914
B1_residual_momentum,2016-03-31,2016-04-01,on,1.0,"HRL,FISV,CPB,TSN,CINF,KMB,PGR,T,PSA,MCD,EQIX,SBUX,VRSN,RSG,AVY,MO,NDAQ,MSFT,AMZN,HSIC",20,384,98240.21967521391,1.8189894035458565e-11
B1_residual_momentum,2016-04-29,2016-05-02,on,1.0,"HRL,CPB,CINF,PGR,PSA,FISV,MCD,MKC,TSN,KMB,AVY,EXR,VRSN,RSG,NDAQ,PM,WM,NI,O,EQIX",20,384,60509.97811332438,5.4569682106375694e-12
B1_residual_momentum,2016-05-31,2016-06-01,on,1.0,"CINF,MCD,DLR,AWK,NOC,LMT,VRSN,FISV,CPB,EW,PM,HRL,O,TSN,T,WM,RSG,PGR,MO,STZ",20,390,81341.82675335859,-4.234834705130197e-12
B1_residual_momentum,2016-06-30,2016-07-01,on,1.0,"CINF,AWK,WM,DLR,LMT,EQIX,FISV,NOC,MO,PM,PSA,O,WEC,MCD,RSG,CMS,SYY,CB,EXR,PPL",20,390,85422.70968229626,-3.637978807091713e-12
B1_residual_momentum,2016-07-29,2016-08-01,on,1.0,"DLR,CINF,AWK,NI,T,WM,O,SYY,PAYX,EQIX,CMS,XEL,AEE,WEC,JNJ,XYL,SJM,CCI,FISV,MO",20,392,93082.2428499898,0.0
B1_residual_momentum,2016-08-31,2016-09-01,on,1.0,"CINF,DLR,T,AWK,NI,O,JNJ,NEM,WM,XYL,LNT,TSN,ITW,CMS,ALB,PLD,IRM,WEC,KIM,PAYX",20,393,81260.83953109803,3.581135388230905e-12
B1_residual_momentum,2016-09-30,2016-10-03,on,1.0,"XYL,CINF,AMAT,ITW,TSN,T,NEM,DLR,JNJ,ISRG,ALB,O,WM,SYY,AWK,BAX,LNT,BDX,PM,MAT",20,396,69759.97400128911,-1.1723955140041653e-11
B1_residual_momentum,2016-10-31,2016-11-01,on,1.0,"XYL,AMAT,TSN,ITW,ISRG,T,CINF,MTD,NEM,O,ALB,DLR,DGX,BDX,EFX,LNT,EW,AWK,SPGI,JNJ",20,397,50653.79495905293,-7.048583938740194e-12
B1_residual_momentum,2016-11-30,2016-12-01,on,1.0,"XYL,AMAT,ALB,WM,CNP,NEM,NEE,RSG,ITW,NOC,TSN,LNT,QCOM,UNH,EIX,AWK,HPE,BAX,DLR,ISRG",20,397,98386.75383482804,-1.2732925824820995e-11
B1_residual_momentum,2016-12-30,2017-01-03,on,1.0,"OKE,ITW,WM,XYL,AMAT,CMI,PWR,NOC,PH,UPS,APH,RSG,CINF,JCI,UNH,MLM,NUE,ALB,NEM,TXN",20,397,107464.37322217226,-1.2505552149377763e-12
B1_residual_momentum,2017-01-31,2017-02-01,on,1.0,"WM,OKE,PWR,RSG,AJG,IDXX,IP,AMAT,MLM,APH,ITW,ZION,CNP,UNH,URI,CSX,CHTR,UPS,DGX,SYY",20,397,98457.69912345591,-9.094947017729282e-12
B1_residual_momentum,2017-02-28,2017-03-01,on,1.0,"OKE,IP,URI,ZION,CSX,AMAT,PWR,CHTR,BAC,CNP,IDXX,WM,CFG,AJG,MLM,TXN,RF,JPM,ITW,HAL",20,398,63757.18332518102,-1.3527824194170533e-11
B1_residual_momentum,2017-03-31,2017-04-03,on,1.0,"GD,IDXX,AMD,OKE,BAC,MS,RSG,JPM,RF,CSX,BA,DGX,MU,WM,SNPS,ZION,AMAT,CFG,KEY,PNC",20,401,101890.75536768185,2.0122570276726037e-11
B1_residual_momentum,2017-04-28,2017-05-01,on,1.0,"RSG,AMD,IDXX,WM,MU,AMAT,SNPS,AAPL,LRCX,GLW,CTAS,ALL,CHTR,CNP,CSX,NTAP,GD,DXC,INCY,AMZN",20,403,111581.86723369476,-3.822719918389339e-12
B1_residual_momentum,2017-05-31,2017-06-01,on,1.0,"RSG,LRCX,AMAT,IDXX,AAPL,CSX,MU,AMD,SNPS,CHTR,GD,BA,DGX,WDC,GLW,MAR,CBOE,UNH,CMCSA,BBY",20,403,85173.6740690507,-1.4551915228366852e-11
B1_residual_momentum,2017-06-30,2017-07-03,on,1.0,"MAR,AMAT,AAPL,LRCX,GD,CSX,MTD,IDXX,BA,ALGN,MU,BKNG,PFG,ADSK,MCHP,ITW,ADBE,GLW,MCD,CCL",20,404,105274.87204542244,-3.3651303965598345e-11
B1_residual_momentum,2017-07-31,2017-08-01,on,1.0,"BA,PGR,MU,MCD,DRI,ALL,CSX,PNC,ROP,ALGN,PKG,IDXX,DE,BAC,C,GD,PFG,ADBE,JPM,MTD",20,406,109484.34162045037,-1.8189894035458565e-11
B1_residual_momentum,2017-08-31,2017-09-01,on,1.0,"BA,PGR,ALL,MCD,RSG,DE,AAPL,HIG,RCL,PYPL,UNH,ALGN,FMC,CBOE,CCL,PNC,DXC,MAR,BKNG,PRU",20,407,139524.71727096662,-4.001776687800884e-11
B1_residual_momentum,2017-09-29,2017-10-02,on,1.0,"BA,PGR,CBOE,MCD,RSG,MAR,ALL,FMC,ALGN,LRCX,RCL,CCL,HUM,UNH,AAPL,AMT,CDNS,SBAC,ADBE,NRG",20,408,79149.01863628812,7.958078640513122e-13
B1_residual_momentum,2017-10-31,2017-11-01,on,1.0,"CBOE,BA,PGR,MCD,ALGN,ISRG,MAR,ALL,AVY,UNH,MTD,FMC,ROP,ABBV,AME,FTV,CI,RSG,NRG,LRCX",20,410,96662.91544241458,-2.5570443540345874e-12
B1_residual_momentum,2017-11-30,2017-12-01,on,1.0,"CBOE,ISRG,BA,SBAC,NEE,ALGN,BAX,PYPL,PGR,MCD,MTD,AMT,XEL,ALL,AVY,ABBV,AEP,CDNS,ABT,PHM",20,409,122448.37482807832,1.8189894035458565e-12
B1_residual_momentum,2017-12-29,2018-01-02,on,1.0,"CBOE,ISRG,PHM,NEE,SBAC,BA,MCO,DHI,XEL,ALGN,AEP,PGR,AVY,BAX,EL,SPGI,MCD,ED,ABBV,ABT",20,409,63382.895914493594,-1.6143530956469476e-11
B1_residual_momentum,2018-01-31,2018-02-01,on,1.0,"CBOE,BA,PGR,STZ,SBAC,NEE,DHI,AVY,ABBV,MCD,EL,ALGN,BF.B,ALL,AMT,PHM,WMT,ISRG,PYPL,HD",20,412,91798.66595490463,5.4569682106375694e-12
B1_residual_momentum,2018-02-28,2018-03-01,on,1.0,"CBOE,BA,ABBV,ISRG,SBAC,EL,ALGN,WMT,MAR,AVY,MCD,PYPL,MNST,STZ,UNH,VFC,PVH,TROW,HD,ZTS",20,411,87874.23786387732,5.4569682106375694e-12
B1_residual_momentum,2018-03-29,2018-04-02,on,1.0,"BA,MA,TROW,EL,NKTR,XYL,NOC,MCO,AMZN,AVY,CAT,PYPL,IPGP,ZTS,ALGN,ABBV,ISRG,AME,PGR,CME",20,413,133900.6100102933,2.7284841053187847e-11
B1_residual_momentum,2018-04-30,2018-05-01,on,1.0,"NKTR,EL,BA,MA,PGR,XYL,TROW,CME,ZTS,NOC,VLO,CTSH,ALGN,NVDA,IPGP,STZ,NFLX,AME,BLK,ABT",20,413,86438.86480037821,3.9231053960975255e-12
B1_residual_momentum,2018-05-31,2018-06-01,on,1.0,"VLO,TROW,NKTR,BA,MA,PSX,EL,CSCO,MCO,PGR,VFC,MSCI,PVH,CME,NTAP,NFLX,NDAQ,VRSK,RL,CPRI",20,413,137187.9100640975,-1.8189894035458565e-12
B1_residual_momentum,2018-06-29,2018-07-02,on,1.0,"VLO,BR,TROW,NKTR,MA,NFLX,BA,INTU,MSCI,PSX,ALGN,EL,ADBE,RL,MCO,OXY,COP,BF.B,AMZN,NTAP",20,413,102625.415929751,1.233502189279534e-11
B1_residual_momentum,2018-07-31,2018-08-01,on,1.0,"BR,VLO,CPRT,MA,INTU,NFLX,NTAP,MSCI,TROW,CRM,GWW,AMZN,CME,STX,ADBE,COP,KSS,ALGN,PSX,OXY",20,413,76923.66549652116,-2.7284841053187847e-12
B1_residual_momentum,2018-08-31,2018-09-04,on,1.0,"NTAP,CPRT,VLO,BR,RHI,AMZN,CTAS,GWW,COP,PSX,HCA,VRSK,MA,VFC,KSS,ALGN,MSCI,COST,INTU,OXY",20,414,82099.71567561617,2.7284841053187847e-12
B1_residual_momentum,2018-09-28,2018-10-01,on,1.0,"AMZN,CPRT,BR,MSI,NTAP,HCA,CRM,VLO,VRSK,MA,CTAS,ADBE,GWW,MSCI,TJX,VRSN,PGR,INTU,FFIV,VFC",20,413,93557.49609090947,-2.2737367544323206e-11
B1_residual_momentum,2018-10-31,2018-11-01,off,0.0,,0,0,115573.51262014266,115457.93910752209
B1_residual_momentum,2018-11-30,2018-12-03,on,1.0,"FTNT,HCA,TJX,MKC,MRK,JKHY,PGR,INTU,AAP,OKE,MSI,ADP,VRSK,KSS,MA,AES,COST,BR,BSX,ABT",20,416,115342.59651101194,6.366462912410498e-11
B1_residual_momentum,2018-12-31,2019-01-02,off,0.0,,0,0,103039.86293474212,102936.82307180596
B1_residual_momentum,2019-01-31,2019-02-01,off,0.0,,0,0,0.0,102936.82307180596
B1_residual_momentum,2019-02-28,2019-03-01,on,1.0,"LLY,MRK,AES,KEYS,O,NRG,HCA,BSX,WELL,UDR,EQR,TSCO,ECL,CMG,VRSN,IQV,TDG,EXC,HRL,ULTA",20,420,102833.98908272386,-2.1827872842550278e-11
B1_residual_momentum,2019-03-29,2019-04-01,on,1.0,"LLY,MRK,AES,O,KEYS,PAYX,TSCO,ADP,WELL,EXC,ORLY,CMG,BSX,CDNS,AEE,UDR,AZO,GRMN,HCA,INTU",20,420,87524.52761374786,-5.5990767577895895e-12
B1_residual_momentum,2019-04-30,2019-05-01,on,1.0,"O,LLY,MRK,WELL,PAYX,AMT,PG,AZO,KEYS,CHD,AES,ADP,ORLY,CDNS,EXC,IQV,CMG,ABT,GRMN,VTR",20,421,65402.34325650707,-1.0189182830799837e-11
B1_residual_momentum,2019-05-31,2019-06-03,off,0.0,,0,0,103015.95425152406,102912.93829727061
B1_residual_momentum,2019-06-28,2019-07-01,on,1.0,"ECL,SBUX,CINF,AMT,VRSK,AJG,PAYX,APD,WM,AZO,HSY,YUM,MRK,MKC,PG,ES,AWK,WELL,CHD,GPN",20,423,102810.128169097,6.730260793119669e-11
B1_residual_momentum,2019-07-31,2019-08-01,on,1.0,"SBUX,YUM,APD,ECL,HSY,MKTX,CINF,AZO,AMT,WM,DHR,MRK,VRSK,SBAC,PG,MCD,ALLE,CDNS,MTD,ETR",20,426,85937.6276206281,-9.108248377742712e-12
B1_residual_momentum,2019-08-30,2019-09-03,on,1.0,"SBUX,HSY,SBAC,YUM,MKTX,APD,ECL,AMT,WM,VRSK,PG,CINF,DHR,MCD,AWK,WEC,SO,CDNS,AJG,MDLZ",20,429,55915.54988078028,-5.03774799653911e-12
B1_residual_momentum,2019-09-30,2019-10-01,on,1.0,"MKTX,SBUX,AMT,SBAC,HSY,WEC,ETR,AWK,VRSK,SO,XEL,CINF,CMG,WM,PG,APD,NEE,ES,SNPS,EXR",20,430,77290.09374898206,-9.094947017729282e-12
B1_residual_momentum,2019-10-31,2019-11-01,on,1.0,"ETR,HSY,CINF,SO,CPRT,KLAC,ES,CMG,WEC,AWK,NEE,NVR,AMT,SBAC,MLM,WM,PG,TDG,MDLZ,CTAS",20,431,74536.36801921856,-2.4868995751603507e-12
B1_residual_momentum,2019-11-29,2019-12-02,on,1.0,"ETR,CPRT,SO,NEE,HSY,WEC,KLAC,CINF,MAA,GPN,EQIX,WU,SBAC,SNPS,AWK,KIM,PG,CTAS,AMT,MKTX",20,433,75293.92735240981,-6.366462912410498e-12
B1_residual_momentum,2019-12-31,2020-01-02,on,1.0,"SO,CPRT,MAA,ETR,NEE,AWK,TSN,HSY,CMG,PLD,EQIX,WU,MKTX,LMT,LDOS,WEC,ES,SRE,ARE,GPN",20,437,86195.35137846693,-1.6655121726216748e-11
B1_residual_momentum,2020-01-31,2020-02-03,on,1.0,"NEE,ETR,CPRT,SO,AAPL,HSY,WEC,AWK,CHTR,ES,LDOS,SRE,LNT,EQIX,MLM,MKTX,MKC,RMD,CDW,WU",20,438,80006.9088306306,-1.2022383089060895e-11
B1_residual_momentum,2020-02-28,2020-03-02,off,0.0,,0,0,101496.68765130267,101395.19096365191
B1_residual_momentum,2020-03-31,2020-04-01,off,0.0,,0,0,0.0,101395.19096365191
B1_residual_momentum,2020-04-30,2020-05-01,off,0.0,,0,0,0.0,101395.19096365191
B1_residual_momentum,2020-05-29,2020-06-01,on,1.0,"AAPL,NVDA,DXCM,NEM,MSFT,DVA,WST,ODFL,KLAC,AMD,REGN,BMY,VRTX,SWKS,DG,LRCX,AMGN,MSCI,QRVO,EQIX",20,441,101293.897066582,-1.8189894035458565e-12
B1_residual_momentum,2020-06-30,2020-07-01,on,1.0,"AAPL,NVDA,TYL,DXCM,REGN,WST,ODFL,MSFT,FTNT,BIO,VRTX,BMY,AMD,SWKS,SNPS,SPGI,KR,MCO,GOOGL,CHTR",20,442,97926.53686217312,-1.2960299500264227e-11
B1_residual_momentum,2020-07-31,2020-08-03,on,1.0,"AAPL,NVDA,MSFT,REGN,DXCM,ABBV,VRTX,WST,AMZN,SNPS,PYPL,KR,TYL,BMY,AMD,NEM,ADBE,LLY,FTNT,ODFL",20,443,77142.45543364622,-1.2732925824820995e-11
B1_residual_momentum,2020-08-31,2020-09-01,on,1.0,"AAPL,NVDA,REGN,AMD,AMZN,WST,SWKS,DXCM,PYPL,ROL,ODFL,MSFT,CLX,ABBV,LRCX,CDNS,NEM,DHR,ADSK,DPZ",20,444,102496.31276095286,-8.483880264975596e-12
B1_residual_momentum,2020-09-30,2020-10-01,on,1.0,"AAPL,NVDA,AMD,AMZN,WST,REGN,DXCM,PYPL,ADBE,NFLX,MSFT,ODFL,ROL,SWKS,NOW,CDNS,TSCO,SNPS,NEM,CLX",20,443,63414.2524783276,-1.2732925824820995e-11
B1_residual_momentum,2020-10-30,2020-11-02,on,1.0,"NVDA,AAPL,CARR,WST,AMD,DXCM,AMZN,DHR,NOW,PYPL,ADBE,ETSY,CDNS,REGN,SNPS,MNST,NFLX,MSFT,SWKS,POOL",20,445,62018.02017712407,6.394884621840902e-13
B1_residual_momentum,2020-11-30,2020-12-01,on,1.0,"NVDA,DHR,CARR,AAPL,ETSY,IDXX,WST,AMZN,PYPL,ROL,NOW,SNPS,POOL,CDNS,AMD,TMO,BIO,FDX,ADBE,QCOM",20,448,76324.27670104243,-1.6200374375330284e-11
B1_residual_momentum,2020-12-31,2021-01-04,on,1.0,"TSLA,ETSY,NVDA,CARR,PYPL,ROL,WST,IDXX,AMZN,NOW,SNPS,AAPL,FDX,TMUS,CDNS,ODFL,AMD,DHR,QCOM,PWR",20,449,56329.367364891805,-2.7142732506035827e-12
B1_residual_momentum,2021-01-29,2021-02-01,on,1.0,"TSLA,ENPH,ETSY,CARR,NVDA,CDNS,AMZN,PYPL,SNPS,IDXX,WST,FCX,AAPL,DE,TMUS,PWR,FDX,NOW,TGT,TER",20,452,67449.13618714828,-4.092726157978177e-12
B1_residual_momentum,2021-02-26,2021-03-01,on,1.0,"TSLA,ETSY,TER,AAPL,CARR,WST,PYPL,SNPS,ENPH,CDNS,FCX,MPWR,IDXX,QCOM,TTWO,PWR,ZBRA,KLAC,UPS,NVDA",20,452,88583.2825925909,-9.094947017729282e-13
B1_residual_momentum,2021-03-31,2021-04-01,on,1.0,"FCX,ETSY,PENN,TSLA,GNRC,PWR,DE,NWSA,ZBRA,CZR,NWS,PYPL,ENPH,JCI,IDXX,CMG,TGT,EMN,APTV,URI",20,452,161419.4737918619,1.0032863428932615e-11
B1_residual_momentum,2021-04-30,2021-05-03,on,1.0,"DE,GNRC,NWSA,FCX,PWR,PENN,JCI,TGT,CARR,IVZ,NWS,TSLA,ETSY,TSCO,LOW,FDX,GM,CZR,URI,F",20,453,98743.88027447835,-1.1368683772161603e-13
B1_residual_momentum,2021-05-28,2021-06-01,on,1.0,"DE,PWR,FCX,TPR,JCI,IVZ,HPQ,NWSA,GNRC,TGT,TT,FDX,CARR,UPS,UAA,MOS,STX,NWS,AES,UA",20,454,125800.02231143601,-5.4569682106375694e-12
B1_residual_momentum,2021-06-30,2021-07-01,on,1.0,"DE,TPR,TT,PWR,NUE,FCX,JCI,COF,NWSA,TGT,SCHW,HCA,FDX,CAT,NWS,BRK.B,GS,MOS,EXR,F",20,455,126832.156083012,1.0402345651527867e-11
B1_residual_momentum,2021-07-30,2021-08-02,on,1.0,"TPR,TGT,PWR,JCI,GNRC,SCHW,PSA,EXR,DE,COF,GS,IVZ,NWSA,NUE,GM,STX,F,FCX,NWS,GE",20,456,87144.11608898267,-2.4726887204451486e-12
B1_residual_momentum,2021-08-31,2021-09-01,on,1.0,"TPR,MRNA,MAA,EXR,TGT,LH,WAT,JCI,COF,FTNT,NUE,GS,CRL,BBWI,PSA,IT,KEYS,AVY,IVZ,TT",20,458,153739.87303496804,9.094947017729282e-12
B1_residual_momentum,2021-09-30,2021-10-01,on,1.0,"WAT,EXR,FTNT,MRNA,GRMN,GS,IT,MS,MAA,JCI,ZBRA,NUE,IRM,TPR,A,CRL,HCA,COF,LH,PSA",20,457,79125.45905923564,-3.637978807091713e-12
B1_residual_momentum,2021-10-29,2021-11-01,on,1.0,"MRNA,IT,DVN,FTNT,MAA,GS,MS,COF,FANG,IRM,RHI,CBRE,CF,NTAP,AVB,UDR,WFC,CRL,JCI,HCA",20,457,124697.66673089936,-1.6370904631912708e-11
B1_residual_momentum,2021-11-30,2021-12-01,on,1.0,"FTNT,EXR,MAA,IT,PSA,CRL,IRM,NDAQ,ORCL,RHI,DVN,GS,AZO,LLY,MRNA,JCI,INTU,WAT,FE,RSG",20,457,135461.39912175294,-1.6370904631912708e-11
B1_residual_momentum,2021-12-31,2022-01-03,on,1.0,"EXR,MAA,ODFL,RHI,PFE,PLD,IT,PSA,FTNT,JCI,F,HD,NDAQ,AVB,DVN,BBWI,NVDA,AZO,MRNA,WM",20,458,129933.46797850728,1.8189894035458565e-12
B1_residual_momentum,2022-01-31,2022-02-01,on,1.0,"EXR,PSA,MAA,AZO,PFE,PLD,ORLY,ACN,WM,ODFL,RSG,IT,FTNT,AVB,COST,BRO,FDS,UNH,NUE,UDR",20,459,115130.59397972375,1.4203749287844403e-11
B1_residual_momentum,2022-02-28,2022-03-01,off,0.0,,0,0,124334.18265331909,124209.8484706655
B1_residual_momentum,2022-03-31,2022-04-01,on,1.0,"DVN,PSA,COST,BRO,ABBV,EXC,COP,MAA,HSY,CVX,RHI,EXR,ADM,CF,WMB,PLD,CVS,GD,FTNT,MCK",20,462,124085.76270796359,-3.092281986027956e-11
B1_residual_momentum,2022-04-29,2022-05-02,off,0.0,,0,0,118152.0075859977,118033.85557841076
B1_residual_momentum,2022-05-31,2022-06-01,off,0.0,,0,0,0.0,118033.85557841076
B1_residual_momentum,2022-06-30,2022-07-01,off,0.0,,0,0,0.0,118033.85557841076
B1_residual_momentum,2022-07-29,2022-08-01,off,0.0,,0,0,0.0,118033.85557841076
B1_residual_momentum,2022-08-31,2022-09-01,off,0.0,,0,0,0.0,118033.85557841076
B1_residual_momentum,2022-09-30,2022-10-03,off,0.0,,0,0,0.0,118033.85557841076
B1_residual_momentum,2022-10-31,2022-11-01,off,0.0,,0,0,0.0,118033.85557841076
B1_residual_momentum,2022-11-30,2022-12-01,on,1.0,"MCK,CI,CAH,CEG,GPC,LW,MPC,BMY,WRB,XOM,GL,VRTX,MET,OXY,MRK,PFG,GD,CTVA,HII,COP",20,472,117915.93963876367,7.275957614183426e-12
B1_residual_momentum,2022-12-30,2023-01-03,off,0.0,,0,0,112067.8234725399,111955.75564906564
B1_residual_momentum,2023-01-31,2023-02-01,on,1.0,"GPC,ADP,LLY,STLD,MRK,CTAS,CAH,CI,MCK,AJG,CEG,MPC,FSLR,ENPH,HWM,LW,ACGL,WRB,AES,PWR",20,474,111843.91173733398,-1.0368239600211382e-10
B1_residual_momentum,2023-02-28,2023-03-01,on,1.0,"FSLR,GPC,MRK,MPC,PFG,STLD,CEG,IEX,CAH,APD,LW,GILD,MCK,URI,CAT,CI,LKQ,AJG,LLY,XOM",20,473,91557.78535397816,-2.000888343900442e-11
B1_residual_momentum,2023-03-31,2023-04-03,on,1.0,"LW,GPC,FSLR,PH,LKQ,ACGL,URI,PCAR,STLD,MPC,SNA,TT,CDW,BWA,MRK,CMI,GWW,GILD,HWM,AMP",20,476,124662.76266183704,-1.0913936421275139e-11
B1_residual_momentum,2023-04-28,2023-05-01,on,1.0,"FSLR,LW,FICO,GE,PCAR,CPRT,ITW,TT,MPC,ACGL,ON,NFLX,CDNS,SBUX,BWA,GWW,IR,PWR,MSCI,GILD",20,476,122745.55638010148,1.2732925824820995e-11
B1_residual_momentum,2023-05-31,2023-06-01,on,1.0,"LW,AXON,GE,FSLR,SBUX,ORLY,ACGL,CPRT,FICO,LVS,CAH,HSY,TT,BSX,PCAR,MSI,GWW,MDLZ,ANET,AJG",20,478,113747.82870065793,1.659827830735594e-11
B1_residual_momentum,2023-06-30,2023-07-03,on,1.0,"GE,CPRT,LW,FSLR,ORCL,PCG,CAH,AVGO,NFLX,NVDA,ORLY,AXON,TDG,FICO,PHM,BSX,DRI,ACGL,DHI,OMC",20,478,117597.33515666984,9.094947017729282e-12
B1_residual_momentum,2023-07-31,2023-08-01,on,1.0,"GE,RCL,CAH,PHM,ORCL,LW,AVGO,TDG,PCG,ACGL,GWW,CPRT,NVDA,FSLR,TJX,PCAR,AXON,HCA,AME,DRI",20,479,71824.91078736633,-1.8189894035458565e-12
B1_residual_momentum,2023-08-31,2023-09-01,on,1.0,"GE,PHM,NVDA,RCL,AVGO,ORCL,DHI,ACGL,ETN,PCAR,LLY,CPRT,TJX,LEN,NVR,PH,NFLX,PNR,BKNG,DRI",20,480,105795.70373106934,1.0857093002414331e-11
B1_residual_momentum,2023-09-29,2023-10-02,on,1.0,"GE,ORCL,NVDA,PHM,FDX,LLY,BKNG,TJX,ETN,ACGL,PH,AVGO,TDG,CPRT,ADBE,CAT,PWR,HWM,PCAR,BA",20,480,77013.26744880341,-1.8189894035458565e-12
B1_residual_momentum,2023-10-31,2023-11-01,off,0.0,,0,0,104458.25426713377,104353.79601286774
B1_residual_momentum,2023-11-30,2023-12-01,on,1.0,"META,NVDA,GE,PHM,AVGO,ADBE,ACGL,CBOE,LLY,TDG,FICO,CME,CPRT,CDNS,MSFT,FDX,BKNG,SNPS,VRSK,NOW",20,481,104249.54646639526,5.4569682106375694e-12
B1_residual_momentum,2023-12-29,2024-01-02,on,1.0,"META,NVDA,GE,CPRT,UBER,CBOE,PHM,FICO,RCL,SNPS,PANW,LLY,CRM,TDG,CDNS,ADBE,BLDR,MSFT,CMG,NOW",20,482,67529.4314674437,-3.637978807091713e-12
B1_residual_momentum,2024-01-31,2024-02-01,on,1.0,"CBOE,PHM,FICO,RSG,META,LLY,AVGO,RCL,UBER,NVDA,BLDR,GE,BR,NRG,PANW,COR,TDG,CPRT,COST,MSFT",20,482,72234.81151702628,0.0
B1_residual_momentum,2024-02-29,2024-03-01,on,1.0,"LLY,META,COR,AKAM,CBOE,PHM,RSG,IBM,NVDA,COST,MCK,FICO,AVGO,CMG,BR,MSFT,VRSK,ADBE,GE,NRG",20,482,79671.43864865229,-1.1823431123048067e-11
B1_residual_momentum,2024-03-28,2024-04-01,on,1.0,"COR,LLY,RSG,CBOE,MCK,CEG,CAH,COST,UBER,TDG,NRG,SMCI,WM,AIZ,FICO,BRO,PCAR,IBM,BRK.B,GE",20,484,131009.15974892676,-1.6370904631912708e-11
B1_residual_momentum,2024-04-30,2024-05-01,on,1.0,"NRG,COR,CEG,SMCI,MCK,RSG,PCAR,HIG,LLY,PSX,UBER,WRB,RCL,GE,NVDA,WM,TDG,AIZ,ETN,IBM",20,482,80126.88804971054,-9.094947017729282e-12
B1_residual_momentum,2024-05-31,2024-06-03,on,1.0,"VST,NRG,LDOS,GE,TT,PGR,WAB,COR,CEG,TRGP,APH,TDG,ALL,MCK,HIG,RSG,CBOE,LLY,FANG,GD",20,485,144274.10811992362,-2.7284841053187847e-11
B1_residual_momentum,2024-06-28,2024-07-01,on,1.0,"VST,NRG,LDOS,APH,GDDY,CEG,GE,COST,TRGP,PGR,FANG,WAB,HIG,NVDA,MCK,ALL,GD,CRWD,CB,TT",20,486,68617.50378601067,-9.094947017729282e-13
B1_residual_momentum,2024-07-31,2024-08-01,on,1.0,"VST,PGR,NRG,MCK,LDOS,GDDY,LLY,TRGP,APH,COST,HIG,CRWD,CEG,CMG,NVDA,BSX,RSG,ALL,GE,WM",20,487,72829.25970934145,-1.8189894035458565e-12
B1_residual_momentum,2024-08-30,2024-09-03,on,1.0,"PGR,ALL,MCK,GDDY,CL,HIG,TMUS,COR,NRG,RSG,IRM,LDOS,TRGP,VST,COST,T,HWM,GE,GRMN,CTAS",20,487,112718.00240025483,-6.359357485052897e-13
B1_residual_momentum,2024-09-30,2024-10-01,on,1.0,"PGR,CL,RTX,GDDY,LDOS,ALL,TMUS,LMT,RSG,HIG,CTAS,UHS,CBOE,IRM,MSI,NRG,TRGP,KO,ERIE,ICE",20,488,115474.82086078264,-2.3646862246096134e-11
B1_residual_momentum,2024-10-31,2024-11-01,on,1.0,"LDOS,PGR,TMUS,LMT,RTX,ERIE,T,BSX,HIG,CL,GEV,DVA,ALL,IRM,CBOE,KO,TRGP,GDDY,HCA,MSI",20,487,75651.18447414972,2.7284841053187847e-12
B1_residual_momentum,2024-11-29,2024-12-02,on,1.0,"LDOS,TRGP,GEV,IRM,TMUS,RTX,WMT,T,WELL,PGR,KMI,ICE,BSX,ABBV,PM,VST,WMB,FIS,NI,ALL",20,489,150543.06919089332,5.4569682106375694e-12
B1_residual_momentum,2024-12-31,2025-01-02,on,1.0,"TRGP,WMT,TMUS,PGR,KMI,WMB,MO,NI,GEV,BSX,T,TPL,ETR,BRO,FOX,PEG,MSI,OKE,VST,GDDY",20,489,125946.62463106215,-1.7621459846850485e-11
B1_residual_momentum,2025-01-31,2025-02-03,on,1.0,"TRGP,WMT,KMI,NI,GEV,GDDY,WMB,PLTR,ETR,FOX,VST,PEG,MO,FOXA,T,BSX,WELL,AXON,AEE,UAL",20,489,88848.73498938978,-2.7569058147491887e-12
B1_residual_momentum,2025-02-28,2025-03-03,on,1.0,"FOX,TRGP,FOXA,WMT,T,GDDY,NI,BSX,ETR,KMI,WELL,PM,MO,WMB,RCL,MMM,GEV,PLTR,EVRG,TMUS",20,489,76765.04599096812,-1.2320811038080137e-11
B1_residual_momentum,2025-03-31,2025-04-01,off,0.0,,0,0,143581.0529908538,143437.471937865
B1_residual_momentum,2025-04-30,2025-05-01,off,0.0,,0,0,0.0,143437.471937865
B1_residual_momentum,2025-05-30,2025-06-02,on,1.0,"PLTR,VRSN,PM,ATO,T,GILD,WELL,NI,NFLX,VTR,WEC,AEE,CAH,EVRG,GL,MO,WMT,FOX,DASH,CME",20,490,143294.1777601093,1.6370904631912708e-11
B1_residual_momentum,2025-06-30,2025-07-01,on,1.0,"PLTR,CME,HWM,PM,GEV,WELL,WEC,CAH,GILD,NFLX,T,FOXA,VRSN,FOX,DASH,AEE,FFIV,ATO,AXON,NI",20,490,77169.21469407156,-8.697043085703626e-12
B1_residual_momentum,2025-07-31,2025-08-01,on,1.0,"PLTR,DASH,CAH,NFLX,GEV,HWM,CME,T,VRSN,TPR,PM,CSCO,JBL,RCL,AXON,LYV,FFIV,IBM,BKNG,GILD",20,493,113191.33254159987,-1.057287590811029e-11
B1_residual_momentum,2025-08-29,2025-09-02,on,1.0,"GEV,PLTR,TPR,JBL,CNP,DASH,CME,IBKR,HWM,RCL,T,SCHW,CAH,FFIV,ETR,CSCO,RL,NFLX,VRSN,GILD",20,495,79959.4534210097,-9.663381206337363e-13
B1_residual_momentum,2025-09-30,2025-10-01,on,1.0,"HOOD,PLTR,RCL,TPR,MO,GEV,C,CNP,APP,HWM,T,JBL,VRSN,APH,SCHW,NFLX,LYV,MCK,CME,GS",20,495,130523.18618534505,-1.6825651982799172e-11
B1_residual_momentum,2025-10-31,2025-11-03,on,1.0,"HOOD,STX,PLTR,WDC,TPR,MO,GLW,GE,APH,HWM,APP,NEM,VRSN,MCK,TKO,LRCX,EVRG,CNP,WBD,TTWO",20,495,158102.6588653084,2.000888343900442e-11
B1_residual_momentum,2025-11-28,2025-12-01,on,1.0,"SNDK,WDC,HOOD,STX,GLW,LRCX,APH,GE,PLTR,TEL,KLAC,NEM,COR,TPR,HWM,GOOGL,GOOG,AVGO,HCA,MU",20,495,144241.42270029522,8.449262622889365e-12
B1_residual_momentum,2025-12-31,2026-01-02,on,1.0,"WDC,SNDK,STX,NEM,COR,WELL,CAH,APH,JNJ,CVS,MU,HCA,GE,LRCX,HWM,HOOD,MCK,GLW,AEP,TEL",20,498,103358.70755297504,-7.275957614183426e-12
B1_residual_momentum,2026-01-30,2026-02-02,on,1.0,"WDC,SNDK,MU,APH,NEM,LRCX,STX,EA,MNST,DG,JNJ,WBD,CAH,GLW,GE,FIX,JCI,HII,TEL,LHX",20,499,160169.43000176363,-2.000888343900442e-11
B1_residual_momentum,2026-02-27,2026-03-02,on,1.0,"WDC,MU,SNDK,NEM,HII,STX,LRCX,LHX,APH,FIX,GOOGL,GOOG,CIEN,CAT,KLAC,GLW,MNST,DG,CAH,JNJ",20,500,111380.74212642759,2.5011104298755527e-12
B1_residual_momentum,2026-03-31,2026-04-01,off,0.0,,0,0,191243.42093765922,191052.17751672392
B1_residual_momentum,2026-04-30,2026-05-01,on,1.0,"SNDK,LITE,WDC,JNJ,CIEN,STX,CAT,MU,VLO,XOM,APA,GLW,WBD,CVX,FIX,TER,LRCX,MPC,CASY,LHX",20,500,190861.31620053202,-2.546585164964199e-11
B1_residual_momentum,2026-05-29,2026-06-01,on,1.0,"SNDK,WDC,LITE,MU,STX,JNJ,CIEN,APA,CAT,XOM,GOOG,VLO,GOOGL,CASY,HAL,FIX,WBD,INTC,CVX,NUE",20,502,136580.83508919924,4.092726157978177e-12
B2_residual_momentum_vol_target,2014-12-31,2015-01-02,on,1.0,"LUV,MAR,WELL,ESS,AVB,GD,EW,KDP,KR,EQR,MO,EIX,ETR,KIM,SPG,BXP,VNO,LLY,MAC,EA",20,360,99900.09990009994,-1.8189894035458565e-12
B2_residual_momentum_vol_target,2015-01-30,2015-02-02,on,1.0,"KR,AVB,MAR,MAC,ETR,LUV,WELL,KDP,CVS,EW,MO,TRV,EIX,ESS,ALL,AAPL,EQR,LEG,SPG,VNO",20,361,55234.189200223045,3.694822225952521e-13
B2_residual_momentum_vol_target,2015-02-27,2015-03-02,on,0.9586903786290012,"MO,KR,WELL,LUV,KDP,AVB,ALL,CVS,WM,SPG,ESS,VNO,EW,MAR,LEG,EQR,BXP,MAC,ETR,AAPL",20,362,25665.358223297546,4368.106348203747
B2_residual_momentum_vol_target,2015-03-31,2015-04-01,on,0.8533886402524224,"MO,KR,SWKS,CVS,SHW,AAPL,ZTS,EW,KDP,LOW,WM,MAR,FISV,COST,LUV,DLTR,ESS,WELL,CTAS,ADP",20,365,93428.98397926617,15582.50150910631
B2_residual_momentum_vol_target,2015-04-30,2015-05-01,on,0.8258914904030883,"KR,CI,LOW,CVS,SWKS,UNH,DLTR,FISV,LEG,KDP,SHW,AVGO,EA,COST,LUV,ROST,EW,ESS,STZ,HD",20,366,71294.5279711574,17866.096674050277
B2_residual_momentum_vol_target,2015-05-29,2015-06-01,on,0.8952151168554484,"LOW,KR,SWKS,FISV,DLTR,EFX,SHW,CVS,ORLY,TGT,ROST,ZTS,EA,UNH,COST,MNST,STZ,SBUX,MAR,KDP",20,366,70498.44248084602,11150.688826546317
B2_residual_momentum_vol_target,2015-06-30,2015-07-01,on,0.9168374654889024,"SWKS,FISV,CVS,KR,CI,LOW,SHW,AVGO,REGN,ZTS,EFX,EA,UNH,ORLY,LEG,CME,DLTR,DRI,CTAS,HD",20,367,79930.04069704696,8861.162927804537
B2_residual_momentum_vol_target,2015-07-31,2015-08-03,on,0.9164990622577068,"EA,CVS,FISV,LEG,KR,CI,DRI,ORLY,SWKS,UNH,MHK,SHW,ROST,CAG,AVGO,DLTR,HD,LOW,DIS,STZ",20,369,54038.15130508272,9022.073472776334
B2_residual_momentum_vol_target,2015-08-31,2015-09-01,off,0.0,,0,0,92669.72107819666,101599.12482989454
B2_residual_momentum_vol_target,2015-09-30,2015-10-01,off,0.0,,0,0,0.0,101599.12482989454
B2_residual_momentum_vol_target,2015-10-30,2015-11-02,on,0.5397236334678921,"FISV,SBUX,STZ,VMC,ORLY,EA,EFX,AZO,EQIX,NKE,AMZN,UAA,PGR,AVY,KR,ACN,TGT,MHK,DRI,HD",20,374,54835.44881034875,46708.8405707356
B2_residual_momentum_vol_target,2015-11-30,2015-12-01,on,0.7292761434471399,"FISV,SBUX,ORLY,STZ,EA,AZO,AMZN,PGR,EFX,NOC,AVY,CLX,CINF,HD,ACN,VRSN,NKE,NDAQ,EQIX,HRL",20,376,51800.083474746556,27453.169247754788
B2_residual_momentum_vol_target,2015-12-31,2016-01-04,off,0.0,,0,0,72058.68074030092,99439.79130731561
B2_residual_momentum_vol_target,2016-01-29,2016-02-01,off,0.0,,0,0,0.0,99439.79130731561
B2_residual_momentum_vol_target,2016-02-29,2016-03-01,off,0.0,,0,0,0.0,99439.79130731561
B2_residual_momentum_vol_target,2016-03-31,2016-04-01,on,0.7627452326100163,"HRL,FISV,CPB,TSN,CINF,KMB,PGR,T,PSA,MCD,EQIX,SBUX,VRSN,RSG,AVY,MO,NDAQ,MSFT,AMZN,HSIC",20,384,75847.22675139084,23516.71732917434
B2_residual_momentum_vol_target,2016-04-29,2016-05-02,on,1.0,"HRL,CPB,CINF,PGR,PSA,FISV,MCD,MKC,TSN,KMB,AVY,EXR,VRSN,RSG,NDAQ,PM,WM,NI,O,EQIX",20,384,68868.14906042465,-6.366462912410498e-12
B2_residual_momentum_vol_target,2016-05-31,2016-06-01,on,1.0,"CINF,MCD,DLR,AWK,NOC,LMT,VRSN,FISV,CPB,EW,PM,HRL,O,TSN,T,WM,RSG,PGR,MO,STZ",20,390,82757.20343795151,-6.59383658785373e-12
B2_residual_momentum_vol_target,2016-06-30,2016-07-01,on,1.0,"CINF,AWK,WM,DLR,LMT,EQIX,FISV,NOC,MO,PM,PSA,O,WEC,MCD,RSG,CMS,SYY,CB,EXR,PPL",20,390,86905.61507310043,-4.546564014162869e-12
B2_residual_momentum_vol_target,2016-07-29,2016-08-01,on,1.0,"DLR,CINF,AWK,NI,T,WM,O,SYY,PAYX,EQIX,CMS,XEL,AEE,WEC,JNJ,XYL,SJM,CCI,FISV,MO",20,392,94698.12434933055,-9.094947017729282e-12
B2_residual_momentum_vol_target,2016-08-31,2016-09-01,on,1.0,"CINF,DLR,T,AWK,NI,O,JNJ,NEM,WM,XYL,LNT,TSN,ITW,CMS,ALB,PLD,IRM,WEC,KIM,PAYX",20,393,82671.50479715271,-3.723243935382925e-12
B2_residual_momentum_vol_target,2016-09-30,2016-10-03,on,0.9809505362380406,"XYL,CINF,AMAT,ITW,TSN,T,NEM,DLR,JNJ,ISRG,ALB,O,WM,SYY,AWK,BAX,LNT,BDX,PM,MAT",20,396,70968.95488552377,1843.2308405415988
B2_residual_momentum_vol_target,2016-10-31,2016-11-01,on,0.8691284309604579,"XYL,AMAT,TSN,ITW,ISRG,T,CINF,MTD,NEM,O,ALB,DLR,DGX,BDX,EFX,LNT,EW,AWK,SPGI,JNJ",20,397,53047.991981372004,12651.666944488594
B2_residual_momentum_vol_target,2016-11-30,2016-12-01,on,0.8406488103541906,"XYL,AMAT,ALB,WM,CNP,NEM,NEE,RSG,ITW,NOC,TSN,LNT,QCOM,UNH,EIX,AWK,HPE,BAX,DLR,ISRG",20,397,85944.7696683309,15246.5022275825
B2_residual_momentum_vol_target,2016-12-30,2017-01-03,on,0.9653515524557494,"OKE,ITW,WM,XYL,AMAT,CMI,PWR,NOC,PH,UPS,APH,RSG,CINF,JCI,UNH,MLM,NUE,ALB,NEM,TXN",20,397,103632.253268837,3278.6517595740793
B2_residual_momentum_vol_target,2017-01-31,2017-02-01,on,0.996563521589973,"WM,OKE,PWR,RSG,AJG,IDXX,IP,AMAT,MLM,APH,ITW,ZION,CNP,UNH,URI,CSX,CHTR,UPS,DGX,SYY",20,397,98990.25478212,240.4005496607988
B2_residual_momentum_vol_target,2017-02-28,2017-03-01,on,1.0,"OKE,IP,URI,ZION,CSX,AMAT,PWR,CHTR,BAC,CNP,IDXX,WM,CFG,AJG,MLM,TXN,RF,JPM,ITW,HAL",20,398,64643.623382550664,-1.8758328224066645e-12
B2_residual_momentum_vol_target,2017-03-31,2017-04-03,on,0.8482731323658897,"GD,IDXX,AMD,OKE,BAC,MS,RSG,JPM,RF,CSX,BA,DGX,MU,WM,SNPS,ZION,AMAT,CFG,KEY,PNC",20,401,100248.10803274089,15110.083310020762
B2_residual_momentum_vol_target,2017-04-28,2017-05-01,on,1.0,"RSG,AMD,IDXX,WM,MU,AMAT,SNPS,AAPL,LRCX,GLW,CTAS,ALL,CHTR,CNP,CSX,NTAP,GD,DXC,INCY,AMZN",20,403,109526.55362994457,-2.7966962079517543e-11
B2_residual_momentum_vol_target,2017-05-31,2017-06-01,on,0.9880947466937756,"RSG,LRCX,AMAT,IDXX,AAPL,CSX,MU,AMD,SNPS,CHTR,GD,BA,DGX,WDC,GLW,MAR,CBOE,UNH,CMCSA,BBY",20,403,85956.08211112302,1154.961111069857
B2_residual_momentum_vol_target,2017-06-30,2017-07-03,on,0.8797973366856306,"MAR,AMAT,AAPL,LRCX,GD,CSX,MTD,IDXX,BA,ALGN,MU,BKNG,PFG,ADSK,MCHP,ITW,ADBE,GLW,MCD,CCL",20,404,102354.02618243382,12339.701923469944
B2_residual_momentum_vol_target,2017-07-31,2017-08-01,on,1.0,"BA,PGR,MU,MCD,DRI,ALL,CSX,PNC,ROP,ALGN,PKG,IDXX,DE,BAC,C,GD,PFG,ADBE,JPM,MTD",20,406,108148.42091860715,1.8189894035458565e-11
B2_residual_momentum_vol_target,2017-08-31,2017-09-01,on,1.0,"BA,PGR,ALL,MCD,RSG,DE,AAPL,HIG,RCL,PYPL,UNH,ALGN,FMC,CBOE,CCL,PNC,DXC,MAR,BKNG,PRU",20,407,140901.3050020286,-5.820766091346741e-11
B2_residual_momentum_vol_target,2017-09-29,2017-10-02,on,1.0,"BA,PGR,CBOE,MCD,RSG,MAR,ALL,FMC,ALGN,LRCX,RCL,CCL,HUM,UNH,AAPL,AMT,CDNS,SBAC,ADBE,NRG",20,408,79934.15199474432,3.893774191965349e-12
B2_residual_momentum_vol_target,2017-10-31,2017-11-01,on,1.0,"CBOE,BA,PGR,MCD,ALGN,ISRG,MAR,ALL,AVY,UNH,MTD,FMC,ROP,ABBV,AME,FTV,CI,RSG,NRG,LRCX",20,410,97621.77965016244,-4.263256414560601e-12
B2_residual_momentum_vol_target,2017-11-30,2017-12-01,on,1.0,"CBOE,ISRG,BA,SBAC,NEE,ALGN,BAX,PYPL,PGR,MCD,MTD,AMT,XEL,ALL,AVY,ABBV,AEP,CDNS,ABT,PHM",20,409,123663.02228553733,9.094947017729282e-12
B2_residual_momentum_vol_target,2017-12-29,2018-01-02,on,1.0,"CBOE,ISRG,PHM,NEE,SBAC,BA,MCO,DHI,XEL,ALGN,AEP,PGR,AVY,BAX,EL,SPGI,MCD,ED,ABBV,ABT",20,409,64011.63331894716,-1.1368683772161603e-13
B2_residual_momentum_vol_target,2018-01-31,2018-02-01,on,1.0,"CBOE,BA,PGR,STZ,SBAC,NEE,DHI,AVY,ABBV,MCD,EL,ALGN,BF.B,ALL,AMT,PHM,WMT,ISRG,PYPL,HD",20,412,92709.27841797052,-1.8189894035458565e-12
B2_residual_momentum_vol_target,2018-02-28,2018-03-01,on,0.7177272529905249,"CBOE,BA,ABBV,ISRG,SBAC,EL,ALGN,WMT,MAR,AVY,MCD,PYPL,MNST,STZ,UNH,VFC,PVH,TROW,HD,ZTS",20,411,94585.08530316968,33930.40572568877
B2_residual_momentum_vol_target,2018-03-29,2018-04-02,on,0.5355027194884197,"BA,MA,TROW,EL,NKTR,XYL,NOC,MCO,AMZN,AVY,CAT,PYPL,IPGP,ZTS,ALGN,ABBV,ISRG,AME,PGR,CME",20,413,91469.96081761038,55196.000210655344
B2_residual_momentum_vol_target,2018-04-30,2018-05-01,on,0.4882870953644831,"NKTR,EL,BA,MA,PGR,XYL,TROW,CME,ZTS,NOC,VLO,CTSH,ALGN,NVDA,IPGP,STZ,NFLX,AME,BLK,ABT",20,413,46393.42961632321,60375.06121156046
B2_residual_momentum_vol_target,2018-05-31,2018-06-01,on,0.68044693920305,"VLO,TROW,NKTR,BA,MA,PSX,EL,CSCO,MCO,PGR,VFC,MSCI,PVH,CME,NTAP,NFLX,NDAQ,VRSK,RL,CPRI",20,413,88979.63790477486,38790.55189087667
B2_residual_momentum_vol_target,2018-06-29,2018-07-02,on,0.7088683323471189,"VLO,BR,TROW,NKTR,MA,NFLX,BA,INTU,MSCI,PSX,ALGN,EL,ADBE,RL,MCO,OXY,COP,BF.B,AMZN,NTAP",20,413,71774.79488880467,34656.5539500293
B2_residual_momentum_vol_target,2018-07-31,2018-08-01,on,0.9139090317223311,"BR,VLO,CPRT,MA,INTU,NFLX,NTAP,MSCI,TROW,CRM,GWW,AMZN,CME,STX,ADBE,COP,KSS,ALGN,PSX,OXY",20,413,77153.07007445116,10377.563377686816
B2_residual_momentum_vol_target,2018-08-31,2018-09-04,on,1.0,"NTAP,CPRT,VLO,BR,RHI,AMZN,CTAS,GWW,COP,PSX,HCA,VRSK,MA,VFC,KSS,ALGN,MSCI,COST,INTU,OXY",20,414,80659.3222637279,-2.637534635141492e-11
B2_residual_momentum_vol_target,2018-09-28,2018-10-01,on,1.0,"AMZN,CPRT,BR,MSI,NTAP,HCA,CRM,VLO,VRSK,MA,CTAS,ADBE,GWW,MSCI,TJX,VRSN,PGR,INTU,FFIV,VFC",20,413,92393.7206469737,-5.4569682106375694e-12
B2_residual_momentum_vol_target,2018-10-31,2018-11-01,off,0.0,,0,0,114135.57097258372,114021.43540161083
B2_residual_momentum_vol_target,2018-11-30,2018-12-03,on,0.6416302744368266,"FTNT,HCA,TJX,MKC,MRK,JKHY,PGR,INTU,AAP,OKE,MSI,ADP,VRSK,KSS,MA,AES,COST,BR,BSX,ABT",20,416,73159.60488841869,40788.670908305874
B2_residual_momentum_vol_target,2018-12-31,2019-01-02,off,0.0,,0,0,65356.21607358707,106079.53076581938
B2_residual_momentum_vol_target,2019-01-31,2019-02-01,off,0.0,,0,0,0.0,106079.53076581938
B2_residual_momentum_vol_target,2019-02-28,2019-03-01,on,0.6214207594223821,"LLY,MRK,AES,KEYS,O,NRG,HCA,BSX,WELL,UDR,EQR,TSCO,ECL,CMG,VRSN,IQV,TDG,EXC,HRL,ULTA",20,420,65920.02256766893,40093.588175586265
B2_residual_momentum_vol_target,2019-03-29,2019-04-01,on,1.0,"LLY,MRK,AES,O,KEYS,PAYX,TSCO,ADP,WELL,EXC,ORLY,CMG,BSX,CDNS,AEE,UDR,AZO,GRMN,HCA,INTU",20,420,94996.75241310941,-1.9326762412674725e-11
B2_residual_momentum_vol_target,2019-04-30,2019-05-01,on,1.0,"O,LLY,MRK,WELL,PAYX,AMT,PG,AZO,KEYS,CHD,AES,ADP,ORLY,CDNS,EXC,IQV,CMG,ABT,GRMN,VTR",20,421,66517.66316921124,-1.4438228390645236e-11
B2_residual_momentum_vol_target,2019-05-31,2019-06-03,off,0.0,,0,0,104750.84039268829,104646.08955229633
B2_residual_momentum_vol_target,2019-06-28,2019-07-01,on,1.0,"ECL,SBUX,CINF,AMT,VRSK,AJG,PAYX,APD,WM,AZO,HSY,YUM,MRK,MKC,PG,ES,AWK,WELL,CHD,GPN",20,423,104541.54800429288,0.0
B2_residual_momentum_vol_target,2019-07-31,2019-08-01,on,1.0,"SBUX,YUM,APD,ECL,HSY,MKTX,CINF,AZO,AMT,WM,DHR,MRK,VRSK,SBAC,PG,MCD,ALLE,CDNS,MTD,ETR",20,426,87384.89858217258,8.242295734817162e-13
B2_residual_momentum_vol_target,2019-08-30,2019-09-03,on,0.90653618300278,"SBUX,HSY,SBAC,YUM,MKTX,APD,ECL,AMT,WM,VRSK,PG,CINF,DHR,MCD,AWK,WEC,SO,CDNS,AJG,MDLZ",20,429,60099.03379500378,10196.87614949909
B2_residual_momentum_vol_target,2019-09-30,2019-10-01,on,0.8680469075407903,"MKTX,SBUX,AMT,SBAC,HSY,WEC,ETR,AWK,VRSK,SO,XEL,CINF,CMG,WM,PG,APD,NEE,ES,SNPS,EXR",20,430,70932.7030921895,14115.230731658387
B2_residual_momentum_vol_target,2019-10-31,2019-11-01,on,0.8603590515432324,"ETR,HSY,CINF,SO,CPRT,KLAC,ES,CMG,WEC,AWK,NEE,NVR,AMT,SBAC,MLM,WM,PG,TDG,MDLZ,CTAS",20,431,65919.20897036139,14809.277675804477
B2_residual_momentum_vol_target,2019-11-29,2019-12-02,on,0.976096030719925,"ETR,CPRT,SO,NEE,HSY,WEC,KLAC,CINF,MAA,GPN,EQIX,WU,SBAC,SNPS,AWK,KIM,PG,CTAS,AMT,MKTX",20,433,77747.07703806926,2454.2599709959777
B2_residual_momentum_vol_target,2019-12-31,2020-01-02,on,1.0,"SO,CPRT,MAA,ETR,NEE,AWK,TSN,HSY,CMG,PLD,EQIX,WU,MKTX,LMT,LDOS,WEC,ES,SRE,ARE,GPN",20,437,87520.67255074251,-1.3955059330328368e-11
B2_residual_momentum_vol_target,2020-01-31,2020-02-03,on,1.0,"NEE,ETR,CPRT,SO,AAPL,HSY,WEC,AWK,CHTR,ES,LDOS,SRE,LNT,EQIX,MLM,MKTX,MKC,RMD,CDW,WU",20,438,81670.56561797112,-7.389644451905042e-13
B2_residual_momentum_vol_target,2020-02-28,2020-03-02,off,0.0,,0,0,103606.48891805578,103502.88242913797
B2_residual_momentum_vol_target,2020-03-31,2020-04-01,off,0.0,,0,0,0.0,103502.88242913797
B2_residual_momentum_vol_target,2020-04-30,2020-05-01,off,0.0,,0,0,0.0,103502.88242913797
B2_residual_momentum_vol_target,2020-05-29,2020-06-01,on,0.1992208203337245,"AAPL,NVDA,DXCM,NEM,MSFT,DVA,WST,ODFL,KLAC,AMD,REGN,BMY,VRTX,SWKS,DG,LRCX,AMGN,MSCI,QRVO,EQIX",20,441,20619.929144438356,82862.33335555575
B2_residual_momentum_vol_target,2020-06-30,2020-07-01,on,0.4045585848967812,"AAPL,NVDA,TYL,DXCM,REGN,WST,ODFL,MSFT,FTNT,BIO,VRTX,BMY,AMD,SWKS,SNPS,SPGI,KR,MCO,GOOGL,CHTR",20,442,40068.05824256688,62206.76313533271
B2_residual_momentum_vol_target,2020-07-31,2020-08-03,on,0.5468340976070584,"AAPL,NVDA,MSFT,REGN,DXCM,ABBV,VRTX,WST,AMZN,SNPS,PYPL,KR,TYL,BMY,AMD,NEM,ADBE,LLY,FTNT,ODFL",20,443,41472.26261756383,49140.47584758075
B2_residual_momentum_vol_target,2020-08-31,2020-09-01,on,0.5838897020675589,"AAPL,NVDA,REGN,AMD,AMZN,WST,SWKS,DXCM,PYPL,ROL,ODFL,MSFT,CLX,ABBV,LRCX,CDNS,NEM,DHR,ADSK,DPZ",20,444,53515.47067341488,46528.765869835835
B2_residual_momentum_vol_target,2020-09-30,2020-10-01,on,0.44674469046291926,"AAPL,NVDA,AMD,AMZN,WST,REGN,DXCM,PYPL,ADBE,NFLX,MSFT,ODFL,ROL,SWKS,NOW,CDNS,TSCO,SNPS,NEM,CLX",20,443,38437.290220926516,60489.824063862565
B2_residual_momentum_vol_target,2020-10-30,2020-11-02,on,0.41609296448986643,"NVDA,AAPL,CARR,WST,AMD,DXCM,AMZN,DHR,NOW,PYPL,ADBE,ETSY,CDNS,REGN,SNPS,MNST,NFLX,MSFT,SWKS,POOL",20,445,25447.655889797024,62826.16692944869
B2_residual_momentum_vol_target,2020-11-30,2020-12-01,on,0.37645641311468037,"NVDA,DHR,CARR,AAPL,ETSY,IDXX,WST,AMZN,PYPL,ROL,NOW,SNPS,POOL,CDNS,AMD,TMO,BIO,FDX,ADBE,QCOM",20,448,31136.603053867817,68945.41159558075
B2_residual_momentum_vol_target,2020-12-31,2021-01-04,on,0.5059718689391972,"TSLA,ETSY,NVDA,CARR,PYPL,ROL,WST,IDXX,AMZN,NOW,SNPS,AAPL,FDX,TMUS,CDNS,ODFL,AMD,DHR,QCOM,PWR",20,449,30812.913507880643,55554.833114452114
B2_residual_momentum_vol_target,2021-01-29,2021-02-01,on,0.4925615913675184,"TSLA,ENPH,ETSY,CARR,NVDA,CDNS,AMZN,PYPL,SNPS,IDXX,WST,FCX,AAPL,DE,TMUS,PWR,FDX,NOW,TGT,TER",20,452,30086.142923610285,57153.31341888213
B2_residual_momentum_vol_target,2021-02-26,2021-03-01,on,0.4988072542279906,"TSLA,ETSY,TER,AAPL,CARR,WST,PYPL,SNPS,ENPH,CDNS,FCX,MPWR,IDXX,QCOM,TTWO,PWR,ZBRA,KLAC,UPS,NVDA",20,452,38448.03885425627,57643.524975135806
B2_residual_momentum_vol_target,2021-03-31,2021-04-01,on,0.38053938189362396,"FCX,ETSY,PENN,TSLA,GNRC,PWR,DE,NWSA,ZBRA,CZR,NWS,PYPL,ENPH,JCI,IDXX,CMG,TGT,EMN,APTV,URI",20,452,65308.022918772884,70711.64987074303
B2_residual_momentum_vol_target,2021-04-30,2021-05-03,on,0.47168369138020655,"DE,GNRC,NWSA,FCX,PWR,PENN,JCI,TGT,CARR,IVZ,NWS,TSLA,ETSY,TSCO,LOW,FDX,GM,CZR,URI,F",20,453,40984.28352826182,60899.73490463473
B2_residual_momentum_vol_target,2021-05-28,2021-06-01,on,0.5305009094018747,"DE,PWR,FCX,TPR,JCI,IVZ,HPQ,NWSA,GNRC,TGT,TT,FDX,CARR,UPS,UAA,MOS,STX,NWS,AES,UA",20,454,55198.309224489145,54729.97660704327
B2_residual_momentum_vol_target,2021-06-30,2021-07-01,on,0.6704070651461232,"DE,TPR,TT,PWR,NUE,FCX,JCI,COF,NWSA,TGT,SCHW,HCA,FDX,CAT,NWS,BRK.B,GS,MOS,EXR,F",20,455,72947.5562478574,38044.68847122907
B2_residual_momentum_vol_target,2021-07-30,2021-08-02,on,0.5854577231784246,"TPR,TGT,PWR,JCI,GNRC,SCHW,PSA,EXR,DE,COF,GS,IVZ,NWSA,NUE,GM,STX,F,FCX,NWS,GE",20,456,51323.539227308705,48324.34963624716
B2_residual_momentum_vol_target,2021-08-31,2021-09-01,on,0.9275631125165239,"TPR,MRNA,MAA,EXR,TGT,LH,WAT,JCI,COF,FTNT,NUE,GS,CRL,BBWI,PSA,IT,KEYS,AVY,IVZ,TT",20,458,113918.58552481513,8376.11099310932
B2_residual_momentum_vol_target,2021-09-30,2021-10-01,on,0.8249571328913659,"WAT,EXR,FTNT,MRNA,GRMN,GS,IT,MS,MAA,JCI,ZBRA,NUE,IRM,TPR,A,CRL,HCA,COF,LH,PSA",20,457,64567.87036881223,18992.14388105896
B2_residual_momentum_vol_target,2021-10-29,2021-11-01,on,0.7980325770105927,"MRNA,IT,DVN,FTNT,MAA,GS,MS,COF,FANG,IRM,RHI,CBRE,CF,NTAP,AVB,UDR,WFC,CRL,JCI,HCA",20,457,86985.47759143356,22878.641889713694
B2_residual_momentum_vol_target,2021-11-30,2021-12-01,on,0.8115249005878709,"FTNT,EXR,MAA,IT,PSA,CRL,IRM,NDAQ,ORCL,RHI,DVN,GS,AZO,LLY,MRNA,JCI,INTU,WAT,FE,RSG",20,457,92054.54591887072,21011.929130510725
B2_residual_momentum_vol_target,2021-12-31,2022-01-03,on,0.7083742207141359,"EXR,MAA,ODFL,RHI,PFE,PLD,IT,PSA,FTNT,JCI,F,HD,NDAQ,AVB,DVN,BBWI,NVDA,AZO,MRNA,WM",20,458,88482.38404603116,33827.29551262359
B2_residual_momentum_vol_target,2022-01-31,2022-02-01,on,0.6770582813120614,"EXR,PSA,MAA,AZO,PFE,PLD,ORLY,ACN,WM,ODFL,RSG,IT,FTNT,AVB,COST,BRO,FDS,UNH,NUE,UDR",20,459,68251.25330351386,34914.73222570756
B2_residual_momentum_vol_target,2022-02-28,2022-03-01,off,0.0,,0,0,72925.51829831675,107767.32500572527
B2_residual_momentum_vol_target,2022-03-31,2022-04-01,on,0.7875297096963663,"DVN,PSA,COST,BRO,ABBV,EXC,COP,MAA,HSY,CVX,RHI,EXR,ADM,CF,WMB,PLD,CVS,GD,FTNT,MCK",20,462,84869.97017651796,22812.484859035958
B2_residual_momentum_vol_target,2022-04-29,2022-05-02,off,0.0,,0,0,80811.50602039136,103543.17937340443
B2_residual_momentum_vol_target,2022-05-31,2022-06-01,off,0.0,,0,0,0.0,103543.17937340443
B2_residual_momentum_vol_target,2022-06-30,2022-07-01,off,0.0,,0,0,0.0,103543.17937340443
B2_residual_momentum_vol_target,2022-07-29,2022-08-01,off,0.0,,0,0,0.0,103543.17937340443
B2_residual_momentum_vol_target,2022-08-31,2022-09-01,off,0.0,,0,0,0.0,103543.17937340443
B2_residual_momentum_vol_target,2022-09-30,2022-10-03,off,0.0,,0,0,0.0,103543.17937340443
B2_residual_momentum_vol_target,2022-10-31,2022-11-01,off,0.0,,0,0,0.0,103543.17937340443
B2_residual_momentum_vol_target,2022-11-30,2022-12-01,on,0.6028901959999567,"MCK,CI,CAH,CEG,GPC,LW,MPC,BMY,WRB,XOM,GL,VRTX,MET,OXY,MRK,PFG,GD,CTVA,HII,COP",20,472,62425.16770688817,41055.586498807024
B2_residual_momentum_vol_target,2022-12-30,2023-01-03,off,0.0,,0,0,59329.15173513256,100325.40908220407
B2_residual_momentum_vol_target,2023-01-31,2023-02-01,on,0.6567493309030816,"GPC,ADP,LLY,STLD,MRK,CTAS,CAH,CI,MCK,AJG,CEG,MPC,FSLR,ENPH,HWM,LW,ACGL,WRB,AES,PWR",20,474,65888.64528732374,34370.875149601285
B2_residual_momentum_vol_target,2023-02-28,2023-03-01,on,0.7464984275183589,"FSLR,GPC,MRK,MPC,PFG,STLD,CEG,IEX,CAH,APD,LW,GILD,MCK,URI,CAT,CI,LKQ,AJG,LLY,XOM",20,473,61857.63025404513,25040.524235902936
B2_residual_momentum_vol_target,2023-03-31,2023-04-03,on,0.5897015625916421,"LW,GPC,FSLR,PH,LKQ,ACGL,URI,PCAR,STLD,MPC,SNA,TT,CDW,BWA,MRK,CMI,GWW,GILD,HWM,AMP",20,476,80161.80375958048,40680.52491922218
B2_residual_momentum_vol_target,2023-04-28,2023-05-01,on,0.6705159876735741,"FSLR,LW,FICO,GE,PCAR,CPRT,ITW,TT,MPC,ACGL,ON,NFLX,CDNS,SBUX,BWA,GWW,IR,PWR,MSCI,GILD",20,476,71906.66183244996,32459.69689868021
B2_residual_momentum_vol_target,2023-05-31,2023-06-01,on,0.7825789594275836,"LW,AXON,GE,FSLR,SBUX,ORLY,ACGL,CPRT,FICO,LVS,CAH,HSY,TT,BSX,PCAR,MSI,GWW,MDLZ,ANET,AJG",20,478,77912.2499878006,21348.03007469867
B2_residual_momentum_vol_target,2023-06-30,2023-07-03,on,0.9924788880872035,"GE,CPRT,LW,FSLR,ORCL,PCG,CAH,AVGO,NFLX,NVDA,ORLY,AXON,TDG,FICO,PHM,BSX,DRI,ACGL,DHI,OMC",20,478,103231.51507954951,670.5382263747433
B2_residual_momentum_vol_target,2023-07-31,2023-08-01,on,0.979305791804047,"GE,RCL,CAH,PHM,ORCL,LW,AVGO,TDG,PCG,ACGL,GWW,CPRT,NVDA,FSLR,TJX,PCAR,AXON,HCA,AME,DRI",20,479,63876.03581047524,2074.9861404033127
B2_residual_momentum_vol_target,2023-08-31,2023-09-01,on,0.8277929535160813,"GE,PHM,NVDA,RCL,AVGO,ORCL,DHI,ACGL,ETN,PCAR,LLY,CPRT,TJX,LEN,NVR,PH,NFLX,PNR,BKNG,DRI",20,480,92507.2668205928,17665.19308780851
B2_residual_momentum_vol_target,2023-09-29,2023-10-02,on,0.8693170403457648,"GE,ORCL,NVDA,PHM,FDX,LLY,BKNG,TJX,ETN,ACGL,PH,AVGO,TDG,CPRT,ADBE,CAT,PWR,HWM,PCAR,BA",20,480,59854.52233525086,12657.931912317994
B2_residual_momentum_vol_target,2023-10-31,2023-11-01,off,0.0,,0,0,82376.38910903968,94951.9446322497
B2_residual_momentum_vol_target,2023-11-30,2023-12-01,on,0.7632232115396894,"META,NVDA,GE,PHM,AVGO,ADBE,ACGL,CBOE,LLY,TDG,FICO,CME,CPRT,CDNS,MSFT,FDX,BKNG,SNPS,VRSK,NOW",20,481,72469.52812416479,22409.946979961183
B2_residual_momentum_vol_target,2023-12-29,2024-01-02,on,0.6901803384838257,"META,NVDA,GE,CPRT,UBER,CBOE,PHM,FICO,RCL,SNPS,PANW,LLY,CRM,TDG,CDNS,ADBE,BLDR,MSFT,CMG,NOW",20,482,47460.39638603665,29854.974901417358
B2_residual_momentum_vol_target,2024-01-31,2024-02-01,on,0.8926819769278945,"CBOE,PHM,FICO,RSG,META,LLY,AVGO,RCL,UBER,NVDA,BLDR,GE,BR,NRG,PANW,COR,TDG,CPRT,COST,MSFT",20,482,61715.97310004663,10857.10275304104
B2_residual_momentum_vol_target,2024-02-29,2024-03-01,on,0.9874635188078273,"LLY,META,COR,AKAM,CBOE,PHM,RSG,IBM,NVDA,COST,MCK,FICO,AVGO,CMG,BR,MSFT,VRSK,ADBE,GE,NRG",20,482,68522.46098176297,1304.9838847876663
B2_residual_momentum_vol_target,2024-03-28,2024-04-01,on,0.9272148011276461,"COR,LLY,RSG,CBOE,MCK,CEG,CAH,COST,UBER,TDG,NRG,SMCI,WM,AIZ,FICO,BRO,PCAR,IBM,BRK.B,GE",20,484,111636.97376162466,8097.180786216221
B2_residual_momentum_vol_target,2024-04-30,2024-05-01,on,0.7052110806156782,"NRG,COR,CEG,SMCI,MCK,RSG,PCAR,HIG,LLY,PSX,UBER,WRB,RCL,GE,NVDA,WM,TDG,AIZ,ETN,IBM",20,482,69505.83133103512,31795.67318211699
B2_residual_momentum_vol_target,2024-05-31,2024-06-03,on,1.0,"VST,NRG,LDOS,GE,TT,PGR,WAB,COR,CEG,TRGP,APH,TDG,ALL,MCK,HIG,RSG,CBOE,LLY,FANG,GD",20,485,119665.44138554856,-1.2732925824820995e-11
B2_residual_momentum_vol_target,2024-06-28,2024-07-01,on,0.8322219478467474,"VST,NRG,LDOS,APH,GDDY,CEG,GE,COST,TRGP,PGR,FANG,WAB,HIG,NVDA,MCK,ALL,GD,CRWD,CB,TT",20,486,65247.360939720646,18683.30696652239
B2_residual_momentum_vol_target,2024-07-31,2024-08-01,on,0.7666779330192637,"VST,PGR,NRG,MCK,LDOS,GDDY,LLY,TRGP,APH,COST,HIG,CRWD,CEG,CMG,NVDA,BSX,RSG,ALL,GE,WM",20,487,52681.81300592143,25770.440265693433
B2_residual_momentum_vol_target,2024-08-30,2024-09-03,on,1.0,"PGR,ALL,MCK,GDDY,CL,HIG,TMUS,COR,NRG,RSG,IRM,LDOS,TRGP,VST,COST,T,HWM,GE,GRMN,CTAS",20,487,98467.58601941634,5.229594535194337e-12
B2_residual_momentum_vol_target,2024-09-30,2024-10-01,on,1.0,"PGR,CL,RTX,GDDY,LDOS,ALL,TMUS,LMT,RSG,HIG,CTAS,UHS,CBOE,IRM,MSI,NRG,TRGP,KO,ERIE,ICE",20,488,98669.0360918343,4.547473508864641e-12
B2_residual_momentum_vol_target,2024-10-31,2024-11-01,on,1.0,"LDOS,PGR,TMUS,LMT,RTX,ERIE,T,BSX,HIG,CL,GEV,DVA,ALL,IRM,CBOE,KO,TRGP,GDDY,HCA,MSI",20,487,64634.88755243737,4.547473508864641e-12
B2_residual_momentum_vol_target,2024-11-29,2024-12-02,on,0.9420619400625967,"LDOS,TRGP,GEV,IRM,TMUS,RTX,WMT,T,WELL,PGR,KMI,ICE,BSX,ABBV,PM,VST,WMB,FIS,NI,ALL",20,489,126364.93289503455,7123.763852855774
B2_residual_momentum_vol_target,2024-12-31,2025-01-02,on,0.7152691070149318,"TRGP,WMT,TMUS,PGR,KMI,WMB,MO,NI,GEV,BSX,T,TPL,ETR,BRO,FOX,PEG,MSI,OKE,VST,GDDY",20,489,101883.12081451714,33326.79453349559
B2_residual_momentum_vol_target,2025-01-31,2025-02-03,on,0.5811225838587145,"TRGP,WMT,KMI,NI,GEV,GDDY,WMB,PLTR,ETR,FOX,VST,PEG,MO,FOXA,T,BSX,WELL,AXON,AEE,UAL",20,489,59368.57893479802,50527.49825273051
B2_residual_momentum_vol_target,2025-02-28,2025-03-03,on,0.776780839730889,"FOX,TRGP,FOXA,WMT,T,GDDY,NI,BSX,ETR,KMI,WELL,PM,MO,WMB,RCL,MMM,GEV,PLTR,EVRG,TMUS",20,489,55869.579176601954,27348.84821562169
B2_residual_momentum_vol_target,2025-03-31,2025-04-01,off,0.0,,0,0,93523.64936910756,120778.97393536042
B2_residual_momentum_vol_target,2025-04-30,2025-05-01,off,0.0,,0,0,0.0,120778.97393536042
B2_residual_momentum_vol_target,2025-05-30,2025-06-02,on,0.5433102233510018,"PLTR,VRSN,PM,ATO,T,GILD,WELL,NI,NFLX,VTR,WEC,AEE,CAH,EVRG,GL,MO,WMT,FOX,DASH,CME",20,490,65620.45130491257,55092.90217913005
B2_residual_momentum_vol_target,2025-06-30,2025-07-01,on,0.5073622272424408,"PLTR,CME,HWM,PM,GEV,WELL,WEC,CAH,GILD,NFLX,T,FOXA,VRSN,FOX,DASH,AEE,FFIV,ATO,AXON,NI",20,490,36596.71350751072,60486.81878791493
B2_residual_momentum_vol_target,2025-07-31,2025-08-01,on,0.8414022815026443,"PLTR,DASH,CAH,NFLX,GEV,HWM,CME,T,VRSN,TPR,PM,CSCO,JBL,RCL,AXON,LYV,FFIV,IBM,BKNG,GILD",20,493,86249.01313985884,19461.24263285715
B2_residual_momentum_vol_target,2025-08-29,2025-09-02,on,0.9217132131001902,"GEV,PLTR,TPR,JBL,CNP,DASH,CME,IBKR,HWM,RCL,T,SCHW,CAH,FFIV,ETR,CSCO,RL,NFLX,VRSN,GILD",20,495,63354.74245903455,9574.79893067943
B2_residual_momentum_vol_target,2025-09-30,2025-10-01,on,0.8555329453345825,"HOOD,PLTR,RCL,TPR,MO,GEV,C,CNP,APP,HWM,T,JBL,VRSN,APH,SCHW,NFLX,LYV,MCK,CME,GS",20,495,97463.97990016267,18418.598840631075
B2_residual_momentum_vol_target,2025-10-31,2025-11-03,on,0.7226207793271291,"HOOD,STX,PLTR,WDC,TPR,MO,GLW,GE,APH,HWM,APP,NEM,VRSN,MCK,TKO,LRCX,EVRG,CNP,WBD,TTWO",20,495,107990.98414736427,34955.400630645534
B2_residual_momentum_vol_target,2025-11-28,2025-12-01,on,0.38303199343416383,"SNDK,WDC,HOOD,STX,GLW,LRCX,APH,GE,PLTR,TEL,KLAC,NEM,COR,TPR,HWM,GOOGL,GOOG,AVGO,HCA,MU",20,495,86053.79756023176,77546.31820678017
B2_residual_momentum_vol_target,2025-12-31,2026-01-02,on,0.47606861783347204,"WDC,SNDK,STX,NEM,COR,WELL,CAH,APH,JNJ,CVS,MU,HCA,GE,LRCX,HWM,HOOD,MCK,GLW,AEP,TEL",20,498,40654.03445487283,67095.71610571185
B2_residual_momentum_vol_target,2026-01-30,2026-02-02,on,0.43205715843913545,"WDC,SNDK,MU,APH,NEM,LRCX,STX,EA,MNST,DG,JNJ,WBD,CAH,GLW,GE,FIX,JCI,HII,TEL,LHX",20,499,59256.09821774252,78462.3299101516
B2_residual_momentum_vol_target,2026-02-27,2026-03-02,on,0.4036258999795506,"WDC,MU,SNDK,NEM,HII,STX,LRCX,LHX,APH,FIX,GOOGL,GOOG,CIEN,CAT,KLAC,GLW,MNST,DG,CAH,JNJ",20,500,36121.6290891096,85576.52445942984
B2_residual_momentum_vol_target,2026-03-31,2026-04-01,off,0.0,,0,0,54824.926792152226,140346.62632478672
B2_residual_momentum_vol_target,2026-04-30,2026-05-01,on,0.37036308990198746,"SNDK,LITE,WDC,JNJ,CIEN,STX,CAT,MU,VLO,XOM,APA,GLW,WBD,CVX,FIX,TER,LRCX,MPC,CASY,LHX",20,500,51979.2101829499,88315.43693163611
B2_residual_momentum_vol_target,2026-05-29,2026-06-01,on,0.4147809544066031,"SNDK,WDC,LITE,MU,STX,JNJ,CIEN,APA,CAT,XOM,GOOG,VLO,GOOGL,CASY,HAL,FIX,WBD,INTC,CVX,NUE",20,502,38895.967659639195,85506.01023930116
B3_short_term_reversal,2014-12-31,2015-01-02,on,1.0,"EOG,RIG,APA,MSFT,LYB,INTC,MDLZ,PEP,COP,OXY,GD,MO,TXN,PG,GE,XOM,ORCL,ADBE,PM,SLB",20,360,99900.09990009994,-1.8189894035458565e-12
B3_short_term_reversal,2015-01-02,2015-01-05,on,1.0,"ORCL,RIG,ADBE,GE,PG,INTC,MSFT,CVS,MO,PEP,WYNN,MDT,PM,TXN,AAPL,MA,FDX,GD,CAT,OXY",20,360,69688.13543373329,1.8189894035458565e-12
B3_short_term_reversal,2015-01-09,2015-01-12,on,1.0,"RIG,BKNG,PSX,C,WMB,COP,NOV,GOOG,GOOGL,MET,SLB,EOG,BAC,JPM,AIG,APA,MS,DAL,CAT,LUV",20,360,179981.33149812123,-9.094947017729282e-12
B3_short_term_reversal,2015-01-16,2015-01-20,on,1.0,"FCX,MU,MPC,PSX,BAC,BBY,VLO,C,NOV,JPM,HPQ,GS,MS,AAPL,GM,AXP,M,QCOM,BKNG,AIG",20,360,119492.02835415193,1.2732925824820995e-11
B3_short_term_reversal,2015-01-23,2015-01-26,on,1.0,"UPS,EMR,AXP,MCD,ABBV,TGT,JNJ,PM,VZ,PFE,T,F,DIS,CMCSA,NOV,BMY,INTC,IBM,GM,PG",20,361,170427.18272507528,-1.8189894035458565e-12
B3_short_term_reversal,2015-01-30,2015-02-02,on,1.0,"MSFT,QCOM,FCX,HPQ,INTC,MDT,EBAY,CAT,CSCO,DAL,PG,URI,CMCSA,MU,AMAT,ORCL,UNH,AIG,KO,PEP",20,361,165549.35235941154,3.8198777474462986e-11
B3_short_term_reversal,2015-02-06,2015-02-09,on,1.0,"CMG,GILD,ABBV,NOV,SO,HCA,DAL,MRK,REGN,LUV,LLY,SPG,MU,BMY,GOOGL,GOOG,AMGN,NKE,EMR,CCI",20,362,180675.50155098143,-2.000888343900442e-11
B3_short_term_reversal,2015-02-13,2015-02-17,on,1.0,"AXP,SO,BIIB,DAL,LUV,APA,WMT,JNJ,BRK.B,REGN,COST,T,SPG,AMAT,VZ,MRK,LOW,NKE,PG,TGT",20,362,134259.11269063363,-1.8189894035458565e-12
B3_short_term_reversal,2015-02-20,2015-02-23,on,1.0,"EOG,DUK,XOM,OXY,CVX,WMT,BAC,T,PG,PEP,VZ,USB,GM,COP,MCD,SO,MRK,PFE,AXP,PM",20,362,135685.74734221166,1.1823431123048067e-11
B3_short_term_reversal,2015-02-27,2015-03-02,on,1.0,"WYNN,HPQ,DAL,BA,LYB,MU,BAC,LUV,INTC,COP,OXY,CCI,MS,LLY,REGN,UNP,KR,KMI,SLB,CAT",20,362,175984.99814234767,-2.000888343900442e-11
B3_short_term_reversal,2015-03-06,2015-03-09,on,1.0,"FCX,ABBV,MU,CRM,MPC,MO,VLO,HPQ,MDLZ,DUK,AMAT,NFLX,APA,KO,TRIP,PSX,WYNN,SO,COP,PM",20,361,164253.5889711685,2.0889956431346945e-11
B3_short_term_reversal,2015-03-13,2015-03-16,on,1.0,"WYNN,INTC,FCX,APA,NOV,HAL,BKNG,LYB,QCOM,EOG,GOOG,GOOGL,NFLX,CSCO,MA,SLB,KO,PM,MO,IBM",20,362,131334.70500306832,-1.4949819160392508e-11
B3_short_term_reversal,2015-03-20,2015-03-23,on,1.0,"NFLX,EBAY,BAC,C,FDX,AMAT,OXY,MU,MO,MS,DD,MET,CVS,KR,MDLZ,CMCSA,MCD,PFE,XOM,PEP",20,364,183566.4167436976,-6.184563972055912e-11
B3_short_term_reversal,2015-03-27,2015-03-30,on,1.0,"BIIB,UNP,REGN,MU,CMCSA,AXP,AAL,HPQ,DAL,AMAT,CSCO,LUV,ABBV,MSFT,AMGN,FDX,QCOM,TXN,GM,ORCL",20,365,161895.98117792234,-3.637978807091713e-12
B3_short_term_reversal,2015-04-02,2015-04-06,on,1.0,"MAC,VLO,DAL,AAL,GOOGL,BIIB,GOOG,LLY,AMGN,GILD,FCX,GM,REGN,MSFT,BMY,HPQ,MCD,EMR,WMT,EBAY",20,365,118576.1956245515,9.094947017729282e-12
B3_short_term_reversal,2015-04-10,2015-04-13,on,1.0,"SPG,FCX,AAL,COST,MET,CVS,AXP,VLO,WMT,LUV,WFC,BRK.B,F,LOW,GM,MRK,DD,NKE,UPS,KO",20,366,149864.30118175177,-3.268496584496461e-11
B3_short_term_reversal,2015-04-17,2015-04-20,on,1.0,"SWKS,AMAT,GE,TGT,AVGO,M,FDX,VLO,WMT,COST,MMM,LOW,BA,REGN,USB,MCD,QCOM,GOOG,GOOGL,HON",20,366,158633.8032879876,1.382716163789155e-11
B3_short_term_reversal,2015-04-24,2015-04-27,on,1.0,"CMG,TXN,BIIB,PRGO,PM,GM,NFLX,AVGO,MMM,GE,SLB,EMR,LLY,INTC,PG,SWKS,OXY,UNP,BA,AIG",20,366,151170.8295751498,-1.0913936421275139e-11
B3_short_term_reversal,2015-05-01,2015-05-04,on,1.0,"WYNN,AMAT,AAL,UAA,AMZN,UNH,GOOG,AMGN,GOOGL,BIIB,TGT,HD,PRGO,PFE,LOW,SBUX,M,DAL,MO,ABBV",20,366,181206.60477491422,-1.6370904631912708e-11
B3_short_term_reversal,2015-05-08,2015-05-11,on,1.0,"MU,EOG,BKNG,OXY,NOV,YUM,T,CSX,HAL,NSC,MSFT,FCX,AMAT,CRM,HPQ,INTC,GILD,TXN,UPS,EMR",20,366,192840.1103590564,4.3655745685100555e-11
B3_short_term_reversal,2015-05-15,2015-05-18,on,1.0,"KSS,WYNN,NOV,UNP,EOG,CSX,MU,CMCSA,HAL,TGT,AIG,COP,BRK.B,FCX,BIIB,AMZN,OXY,F,GM,XOM",20,366,133692.4304386489,-2.7284841053187847e-11
B3_short_term_reversal,2015-05-22,2015-05-26,on,1.0,"AAL,LUV,DAL,FCX,LOW,WMT,RIG,MO,CVX,PM,YUM,MSFT,MNST,QCOM,PEP,LYB,HAL,WMB,MRK,BA",20,366,182392.18688328844,-2.9103830456733704e-11
B3_short_term_reversal,2015-05-29,2015-06-01,on,1.0,"FCX,BMY,RIG,BA,AMGN,CAT,WMB,CSX,YUM,BKNG,UNP,EOG,COP,CMG,UPS,KMI,AIG,MDT,MCD,PG",20,366,150819.51517928252,8.810729923425242e-12
B3_short_term_reversal,2015-06-05,2015-06-08,on,1.0,"INTC,MO,MU,WMB,VZ,PM,TXN,DUK,MDLZ,SWKS,KSS,MRK,UNH,AVGO,PEP,COST,KMI,F,VLO,CSCO",20,366,179217.4942454351,-6.31530383543577e-11
B3_short_term_reversal,2015-06-12,2015-06-15,on,1.0,"REGN,LUV,WYNN,MU,EBAY,DAL,KMI,AMAT,WMB,AAL,CRM,AVGO,QCOM,UNP,CVX,INTC,CI,TXN,BMY,MRK",20,367,128602.0689288592,-1.8189894035458565e-12
B3_short_term_reversal,2015-06-19,2015-06-22,on,1.0,"ORCL,HUM,FDX,SLB,HAL,MU,LUV,HPQ,LLY,BAC,COP,C,EOG,BKNG,V,F,MS,NFLX,AAPL,CVX",20,367,173812.89705365058,1.4551915228366852e-11
B3_short_term_reversal,2015-06-26,2015-06-29,on,1.0,"MU,QRVO,AVGO,GM,UNP,HPQ,CSX,QCOM,INTC,HUM,SPG,DUK,SWKS,TXN,CSCO,LOW,BA,MSFT,AMGN,HAL",20,367,159152.82152178697,9.094947017729282e-12
B3_short_term_reversal,2015-07-02,2015-07-06,on,1.0,"MU,AAL,FCX,DAL,LUV,CI,HUM,SWKS,INTC,GILD,QRVO,LOW,GM,LYB,ADBE,F,HAL,OXY,AMGN,TXN",20,368,97810.83166092495,-7.013056801952189e-12
B3_short_term_reversal,2015-07-10,2015-07-13,on,1.0,"FCX,MU,QRVO,TXN,AVGO,GM,INTC,SWKS,AMAT,BIIB,LYB,OXY,CAT,F,CI,AAPL,COP,BAC,GE,BAX",20,368,89901.81546909362,-1.247713043994736e-11
B3_short_term_reversal,2015-07-17,2015-07-20,on,1.0,"AMAT,EOG,FCX,COP,HAL,KMI,YUM,CI,GM,OXY,APTV,CVX,LLY,HPQ,LYB,BAX,LOW,DD,UNP,WMB",20,368,119968.23270768486,-3.456079866737127e-11
B3_short_term_reversal,2015-07-24,2015-07-27,on,1.0,"BIIB,FCX,DD,MU,WMB,CAT,COP,IBM,GOOG,LYB,EOG,GOOGL,KMI,GE,TGT,PSX,SWKS,CI,UNP,OXY",20,368,96102.63284346089,1.3727685654885136e-11
B3_short_term_reversal,2015-07-31,2015-08-03,on,1.0,"PG,FCX,COP,MPC,AVGO,AAPL,CVX,SWKS,MS,M,CI,GS,HPQ,XOM,MET,JPM,BMY,EBAY,C,WMB",20,369,141896.73754299525,-3.637978807091713e-12
B3_short_term_reversal,2015-08-07,2015-08-10,on,1.0,"FCX,DIS,SWKS,LYB,KMI,WMB,MPC,CMCSA,CVX,UNP,HAL,EOG,AAPL,CVS,HPQ,TGT,IBM,BMY,DD,M",20,368,102348.33068763558,-3.3793412512750365e-11
B3_short_term_reversal,2015-08-14,2015-08-17,on,1.0,"MU,M,FCX,YUM,BKNG,HPQ,BAX,AMGN,DIS,AMAT,QCOM,MS,DD,KO,CI,EBAY,PM,GM,GS,BRK.B",20,369,138610.7464584438,-2.000888343900442e-11
B3_short_term_reversal,2015-08-21,2015-08-24,off,0.0,,0,0,80673.30208133254,80592.62877925026
B3_short_term_reversal,2015-08-28,2015-08-31,off,0.0,,0,0,0.0,80592.62877925026
B3_short_term_reversal,2015-09-04,2015-09-08,off,0.0,,0,0,0.0,80592.62877925026
B3_short_term_reversal,2015-09-11,2015-09-14,off,0.0,,0,0,0.0,80592.62877925026
B3_short_term_reversal,2015-09-18,2015-09-21,off,0.0,,0,0,0.0,80592.62877925026
B3_short_term_reversal,2015-09-25,2015-09-28,off,0.0,,0,0,0.0,80592.62877925026
B3_short_term_reversal,2015-10-02,2015-10-05,off,0.0,,0,0,0.0,80592.62877925026
B3_short_term_reversal,2015-10-09,2015-10-12,off,0.0,,0,0,0.0,80592.62877925026
B3_short_term_reversal,2015-10-16,2015-10-19,off,0.0,,0,0,0.0,80592.62877925026
B3_short_term_reversal,2015-10-23,2015-10-26,on,1.0,"WDC,ABBV,CMG,KMI,UAA,WMB,WYNN,MU,HCA,MCK,LLY,MS,IBM,AXP,UNH,VLO,TGT,FCX,EOG,DG",20,374,80512.11666258052,-1.7280399333685637e-11
B3_short_term_reversal,2015-10-30,2015-11-02,on,1.0,"UNP,HPQ,SWKS,AVGO,CVS,KMI,F,MCK,MU,WDC,UPS,TXN,IBM,INTC,FCX,GM,YUM,COP,QCOM,HAL",20,374,116610.77793646604,-1.8189894035458565e-12
B3_short_term_reversal,2015-11-06,2015-11-09,on,1.0,"QCOM,FCX,MO,KMI,CMG,UNP,WMB,MDLZ,UNH,PEP,VZ,PM,EXPE,F,AIG,AAL,CMCSA,LMT,CSCO,LLY",20,374,125476.15139134973,1.2732925824820995e-11
B3_short_term_reversal,2015-11-13,2015-11-16,off,0.0,,0,0,78311.17182441521,78232.86065259068
B3_short_term_reversal,2015-11-20,2015-11-23,on,1.0,"CMG,FCX,QCOM,PFE,AAL,M,BKNG,TGT,DAL,MS,CVS,KMI,EOG,GS,OXY,EXPE,CMI,GE,SLB,UNH",20,376,78154.70594665036,4.18367562815547e-11
B3_short_term_reversal,2015-11-27,2015-11-30,on,1.0,"HPQ,CMG,FCX,EXPE,REGN,EA,BKNG,DIS,DAL,PYPL,PRGO,DD,UNP,MU,CMCSA,C,BA,BRK.B,AAL,WMT",20,376,111414.39643667266,1.8189894035458565e-11
B3_short_term_reversal,2015-12-04,2015-12-07,on,1.0,"KMI,UNP,CMI,ABBV,OXY,COP,GILD,ILMN,NSC,LMT,FCX,BIIB,XOM,SLB,HAL,CMG,UAA,HPQ,F,VLO",20,376,127574.24820144102,-3.9108272176235914e-11
B3_short_term_reversal,2015-12-11,2015-12-14,off,0.0,,0,0,76386.36594314594,76309.97957720413
B3_short_term_reversal,2015-12-18,2015-12-21,off,0.0,,0,0,0.0,76309.97957720413
B3_short_term_reversal,2015-12-24,2015-12-28,on,1.0,"CMG,DIS,NFLX,BKNG,NKE,UPS,REGN,EXPE,FDX,HPQ,BA,EBAY,AMZN,WFC,AAPL,MA,UNH,PG,V,GOOGL",20,376,76233.74583138153,-5.547917680814862e-11
B3_short_term_reversal,2015-12-31,2016-01-04,off,0.0,,0,0,74322.09032634366,74247.7682360177
B3_short_term_reversal,2016-01-08,2016-01-11,off,0.0,,0,0,0.0,74247.7682360177
B3_short_term_reversal,2016-01-15,2016-01-19,off,0.0,,0,0,0.0,74247.7682360177
B3_short_term_reversal,2016-01-22,2016-01-25,off,0.0,,0,0,0.0,74247.7682360177
B3_short_term_reversal,2016-01-29,2016-02-01,off,0.0,,0,0,0.0,74247.7682360177
B3_short_term_reversal,2016-02-05,2016-02-08,off,0.0,,0,0,0.0,74247.7682360177
B3_short_term_reversal,2016-02-12,2016-02-16,off,0.0,,0,0,0.0,74247.7682360177
B3_short_term_reversal,2016-02-19,2016-02-22,off,0.0,,0,0,0.0,74247.7682360177
B3_short_term_reversal,2016-02-26,2016-02-29,off,0.0,,0,0,0.0,74247.7682360177
B3_short_term_reversal,2016-03-04,2016-03-07,off,0.0,,0,0,0.0,74247.7682360177
B3_short_term_reversal,2016-03-11,2016-03-14,on,1.0,"REGN,CMG,NFLX,V,DE,F,PG,DAL,FCX,NKE,SBUX,GS,MA,BIIB,COP,USB,JPM,CMCSA,AMGN,AMZN",20,383,74173.59464136884,-2.637534635141492e-11
B3_short_term_reversal,2016-03-18,2016-03-21,on,1.0,"CMG,LLY,MDLZ,BIIB,PFE,REGN,BMY,AMZN,ABBV,SLB,MRK,MDT,QCOM,MO,EQIX,DE,WMT,VLO,KR,PYPL",20,383,115434.58920819964,-2.2737367544323206e-11
B3_short_term_reversal,2016-03-24,2016-03-28,on,1.0,"FCX,COP,MAR,KMI,AAL,LYB,MS,EXPE,DVN,BKNG,APA,HAL,GM,MDLZ,F,OXY,EOG,SLB,UNP,PYPL",20,383,129120.12866740767,-5.047695594839752e-11
B3_short_term_reversal,2016-04-01,2016-04-04,on,1.0,"VLO,KMI,DE,BA,EOG,APA,UNP,AAL,MAR,FCX,WDC,UAL,EBAY,DAL,GM,CMG,XOM,WFC,BAC,COP",20,384,83778.71807042882,-2.3646862246096134e-11
B3_short_term_reversal,2016-04-08,2016-04-11,on,1.0,"WDC,MS,UAL,MET,GS,DG,FCX,BAC,EXPE,C,F,COST,GM,GE,NKE,LYB,UNH,USB,CVS,CAT",20,384,113290.24716261867,1.6228796084760688e-11
B3_short_term_reversal,2016-04-15,2016-04-18,on,1.0,"WDC,VLO,CNC,MO,KR,KO,VZ,STZ,GIS,PEP,WYNN,SBUX,BIIB,PM,INTC,KHC,AVGO,MU,PG,SHW",20,384,147464.2344164597,2.7284841053187847e-11
B3_short_term_reversal,2016-04-22,2016-04-25,on,1.0,"ILMN,NFLX,UAL,MSFT,AAL,DAL,CMG,GOOGL,GOOG,SBUX,AAPL,KR,KO,AVGO,EBAY,PM,GIS,IBM,COST,MAR",20,384,108849.64789431076,-3.183231456205249e-12
B3_short_term_reversal,2016-04-29,2016-05-02,on,1.0,"PRGO,GILD,ABT,AAPL,UAL,AAL,LYB,WYNN,REGN,DAL,UAA,WDC,NFLX,ILMN,LUV,CMG,INTC,GOOGL,QCOM,VLO",20,384,91630.19935810473,-2.091837814077735e-11
B3_short_term_reversal,2016-05-06,2016-05-09,on,1.0,"FCX,UAA,COP,STX,DVN,WDC,BKNG,SLB,LUV,VLO,CAT,KMI,EOG,HAL,AAL,PRGO,BIIB,C,GILD,CSCO",20,385,96864.91640057694,-1.4694023775518872e-11
B3_short_term_reversal,2016-05-13,2016-05-16,on,1.0,"FCX,TGT,SPG,WDC,DIS,AAL,CAT,PRGO,UNP,MU,WMT,UAL,UAA,SLB,MAR,NFLX,C,ILMN,AAPL,GILD",20,387,81149.24623891339,-1.8189894035458565e-12
B3_short_term_reversal,2016-05-20,2016-05-23,on,1.0,"TGT,BAX,PYPL,MCD,CVS,PEP,ABBV,BA,KHC,KO,PM,EA,VZ,MO,SO,MAR,BKNG,MDLZ,SBUX,LLY",20,388,134113.4898492191,2.2737367544323206e-12
B3_short_term_reversal,2016-05-27,2016-05-31,on,1.0,"NEM,CVS,VLO,AAL,CMG,MCK,NKE,DAL,LLY,XOM,TGT,JNJ,DIS,FCX,MCD,LOW,BMY,EOG,BAX,SBUX",20,389,105663.46307502966,-2.7284841053187847e-11
B3_short_term_reversal,2016-06-03,2016-06-06,on,1.0,"GM,CMG,NKE,UAA,MS,EOG,NFLX,F,DAL,AAPL,SLB,AAL,ORCL,FCX,GS,OXY,XOM,BAC,C,BA",20,390,98716.48354384676,-1.3287149158713873e-12
B3_short_term_reversal,2016-06-10,2016-06-13,on,1.0,"BIIB,REGN,FCX,CMG,ABBV,NFLX,MU,BAC,PYPL,MS,GS,WFC,AIG,C,M,VLO,AMGN,MET,DVN,HD",20,390,98572.55088151898,-2.091837814077735e-11
B3_short_term_reversal,2016-06-17,2016-06-20,on,1.0,"SYF,AAL,DAL,REGN,AXP,SIG,KR,MCK,V,GOOGL,GOOG,WFC,AAPL,AMGN,C,VLO,BIIB,BAC,PFE,UAA",20,390,98032.75572049432,1.8900436771218665e-12
B3_short_term_reversal,2016-06-24,2016-06-27,on,1.0,"SCHW,AAL,DAL,FDX,MET,LYB,NFLX,BKNG,F,C,PYPL,AIG,FCX,AVGO,SYF,JPM,REGN,CSCO,MDLZ,BIIB",20,390,100324.61984857637,-1.0700773600547109e-11
B3_short_term_reversal,2016-07-01,2016-07-05,on,1.0,"MU,SCHW,DD,MA,VLO,CMG,V,LYB,MET,COST,OXY,BAC,COP,MCD,TGT,USB,WMT,AXP,CVS,F",20,392,118939.02899874747,-2.1827872842550278e-11
B3_short_term_reversal,2016-07-08,2016-07-11,on,1.0,"HUM,MU,VLO,COP,HSY,MET,SBUX,C,BRK.B,CMG,BAC,DD,HAL,SLB,XOM,AVGO,CVX,UNH,T,KO",20,392,98436.52100688405,-1.0459189070388675e-11
B3_short_term_reversal,2016-07-15,2016-07-18,on,1.0,"KR,MDLZ,AMZN,REGN,KHC,SO,LOW,GIS,MO,ABBV,CMCSA,WMT,WFC,VZ,HSY,MDT,UNH,DHR,BKNG,JNJ",20,392,137713.89013347775,0.0
B3_short_term_reversal,2016-07-22,2016-07-25,on,1.0,"NFLX,LUV,COP,PYPL,PM,HAL,FCX,HON,DAL,GE,DIS,KR,NKE,ACN,ORCL,COF,MDT,MRK,CVX,UNP",20,392,137938.2261041347,4.638422979041934e-11
B3_short_term_reversal,2016-07-29,2016-08-01,on,1.0,"CI,MCD,GILD,F,XOM,KR,KO,CMG,CVS,KMI,CVX,DE,GE,MDLZ,AAL,V,NKE,LUV,UPS,HUM",20,392,115067.06437337678,-1.1823431123048067e-11
B3_short_term_reversal,2016-08-05,2016-08-08,on,1.0,"BMY,FCX,CMG,KR,WDC,F,SBUX,VZ,PFE,TAP,EXPE,MET,DAL,AAL,GM,CVX,NEE,MO,MDLZ,SO",20,392,107738.92208416108,-2.8194335754960775e-11
B3_short_term_reversal,2016-08-12,2016-08-15,on,1.0,"BMY,LUV,MET,FCX,EA,DAL,DD,UNP,SPG,DE,WFC,EBAY,JPM,PFE,INTC,LLY,CMG,GILD,BAC,JNJ",20,392,106883.83860664256,-1.7280399333685637e-11
B3_short_term_reversal,2016-08-19,2016-08-22,on,1.0,"TGT,T,CRM,LOW,TJX,REGN,LMT,MCD,WYNN,VZ,CMG,NEM,BMY,DUK,JNJ,AMZN,CMCSA,ABT,WMT,LLY",20,393,122548.78315798938,-2.7284841053187847e-12
B3_short_term_reversal,2016-08-26,2016-08-29,on,1.0,"DG,NEM,FCX,WYNN,ULTA,HAL,M,CVS,UNH,LMT,ABBV,KMI,SLB,ABT,BIIB,COP,WMT,AAPL,DUK,DAL",20,393,106803.63283618912,-1.5063505998114124e-11
B3_short_term_reversal,2016-09-02,2016-09-06,on,1.0,"CRM,M,BMY,FCX,COST,GILD,REGN,ULTA,COP,DE,DG,DLTR,CMG,HAL,AVGO,SLB,ABT,SBUX,BBY,LLY",20,393,91423.05329062231,1.8616219676914625e-12
B3_short_term_reversal,2016-09-09,2016-09-12,on,1.0,"AVGO,LOW,NKE,HD,AMAT,QCOM,TXN,DG,MDLZ,MO,TJX,BBY,HON,COST,GE,WMT,SBUX,WFC,AAPL,BIIB",20,395,110251.25699798018,4.547473508864641e-12
B3_short_term_reversal,2016-09-16,2016-09-19,on,1.0,"AAL,WFC,OXY,MCK,COP,CMG,APD,CVX,XOM,FCX,KMI,ORCL,DAL,NEM,JCI,AXP,F,HAL,ULTA,USB",20,395,142310.96050228924,1.1823431123048067e-11
B3_short_term_reversal,2016-09-23,2016-09-26,on,1.0,"WYNN,CRM,NFLX,AVGO,KR,OXY,AAPL,VLO,PYPL,EOG,AMAT,INTC,DLTR,DD,WMT,XOM,TGT,TXN,SLB,GS",20,396,134990.94249193743,-5.843503458891064e-11
B3_short_term_reversal,2016-09-30,2016-10-03,on,1.0,"CTSH,VLO,WYNN,AMGN,NKE,BMY,SO,PM,WFC,ABBV,DG,GILD,KR,LMT,GS,CHTR,REGN,CVS,T,MAR",20,396,122294.3198085092,-3.83124643121846e-11
B3_short_term_reversal,2016-10-07,2016-10-10,on,1.0,"HON,FCX,KMI,ACN,GILD,WMT,SO,YUM,AXP,REGN,CVS,VZ,MMM,MDLZ,T,JCI,PYPL,LMT,PEP,UNH",20,397,106336.50778438151,-4.547473508864641e-12
B3_short_term_reversal,2016-10-14,2016-10-17,on,1.0,"BMY,WDC,KMI,CMG,AMAT,COP,BIIB,REGN,FCX,ABT,CSCO,MDT,WYNN,QCOM,CHTR,ABBV,LLY,TXN,AMGN,GILD",20,397,119783.09277989529,-3.9108272176235914e-11
B3_short_term_reversal,2016-10-21,2016-10-24,on,1.0,"EBAY,UNP,INTC,T,VZ,PG,JNJ,IBM,AZO,AMGN,YUM,CMCSA,KR,MRK,PFE,COTY,LLY,CTSH,ORCL,ACN",20,397,135526.0101017598,-4.092726157978177e-11
B3_short_term_reversal,2016-10-28,2016-10-31,on,1.0,"MCK,SHW,CMG,AMGN,LUV,SPG,ABBV,PYPL,AMZN,LOW,LLY,CVS,MRK,HAL,UNH,CMCSA,CAT,KMI,T,AAPL",20,397,112504.5604553651,-1.9554136088117957e-11
B3_short_term_reversal,2016-11-04,2016-11-07,on,1.0,"OXY,EW,AMGN,AIG,PFE,MDLZ,COP,EXPE,COST,LMT,GOOGL,COTY,GOOG,NKE,TXN,AAPL,MA,NFLX,BKNG,F",20,397,133708.96202623658,-1.9099388737231493e-11
B3_short_term_reversal,2016-11-11,2016-11-14,on,1.0,"CVS,NEE,HCA,PM,CCI,NFLX,MO,EA,MDLZ,EXPE,AVGO,PEP,OXY,AMZN,PYPL,PG,KO,GOOGL,GOOG,VZ",20,397,106464.62786943838,1.8189894035458565e-12
B3_short_term_reversal,2016-11-18,2016-11-21,on,1.0,"REGN,F,ABBV,WMT,CSCO,CHTR,PFE,MRK,GM,GILD,BKNG,MCK,JNJ,AMGN,PG,PEP,CSX,FCX,BA,CVS",20,397,129053.61461710371,-1.7280399333685637e-11
B3_short_term_reversal,2016-11-25,2016-11-28,on,1.0,"LLY,TSN,MDT,CTSH,BIIB,HCA,ABT,CRM,ABBV,REGN,JNJ,AMGN,GOOG,V,MRK,GOOGL,EA,DIS,CCI,CVS",20,397,108107.03518787771,-4.274625098332763e-11
B3_short_term_reversal,2016-12-02,2016-12-05,on,1.0,"CRM,AVGO,MU,STZ,REGN,V,VLO,AMZN,TXN,MDLZ,MDT,AMT,ORCL,MA,PYPL,GILD,TSN,FCX,INTC,ABT",20,398,105842.61963634565,-1.2732925824820995e-11
B3_short_term_reversal,2016-12-09,2016-12-12,on,1.0,"CMG,WYNN,HUM,BIIB,LMT,TGT,WMT,AMGN,UNH,REGN,MRK,LLY,PFE,JNJ,SLB,AMT,GILD,HAL,CAT,OXY",20,397,132153.0616761949,-3.637978807091713e-11
B3_short_term_reversal,2016-12-16,2016-12-19,on,1.0,"FCX,MET,BKNG,F,AAL,HPE,LMT,ORCL,GM,WFC,DAL,CAT,QCOM,ABT,RF,MCK,MS,LOW,EOG,TMO",20,397,141336.4871747624,-2.7284841053187847e-12
B3_short_term_reversal,2016-12-23,2016-12-27,on,1.0,"MRK,TGT,WYNN,KR,FDX,WMT,EOG,GM,OXY,MDT,F,AMGN,SBUX,LYB,COP,PFE,KMI,LOW,ORCL,PEP",20,397,118200.92335211486,1.1823431123048067e-11
B3_short_term_reversal,2016-12-30,2017-01-03,on,1.0,"MU,FCX,CMG,SLB,SBUX,COP,LOW,NKE,WDC,FDX,GOOG,CMCSA,GM,QCOM,GILD,AMAT,MSFT,COF,F,AMZN",20,397,108783.44495320879,7.275957614183426e-12
B3_short_term_reversal,2017-01-06,2017-01-09,on,1.0,"REGN,VLO,STZ,AAL,XOM,AMAT,AVGO,MCD,T,TGT,WMT,UNP,HD,MU,CVX,QCOM,OXY,ACN,HUM,LOW",20,398,127478.2898061052,-8.185452315956354e-12
B3_short_term_reversal,2017-01-13,2017-01-17,on,1.0,"WMB,BMY,MPC,HAL,BIIB,GILD,M,PEP,PFE,OXY,NEM,EBAY,XOM,KO,SLB,ABBV,NKE,TGT,FDX,WMT",20,398,127899.36336998455,2.3447910280083306e-12
B3_short_term_reversal,2017-01-20,2017-01-23,on,1.0,"BMY,TGT,C,FTI,QCOM,GS,GILD,JPM,GE,PFE,BIIB,MS,HUM,UNH,WMB,MU,DD,GM,BAC,WMT",20,398,103174.50623839535,-1.4551915228366852e-11
B3_short_term_reversal,2017-01-27,2017-01-30,on,1.0,"QCOM,MCK,VZ,CVS,REGN,TDG,BMY,SPG,SBUX,EOG,SLB,WMT,MDLZ,AAL,AIG,ABBV,LLY,GE,LMT,DAL",20,397,127208.09867993183,1.1937117960769683e-12
B3_short_term_reversal,2017-02-03,2017-02-06,on,1.0,"UPS,MET,AAL,CAT,FTI,SCHW,BIIB,DAL,FCX,MSFT,BA,INTC,AMZN,CMG,MA,GOOGL,CVS,HAL,VLO,GOOG",20,397,134411.3579246048,4.547473508864641e-12
B3_short_term_reversal,2017-02-10,2017-02-13,on,1.0,"GILD,FTI,INTC,GM,LYB,KO,WDC,MU,TXN,CHTR,OXY,DIS,BAC,HAL,SPG,WFC,UNH,UNP,CVX,SLB",20,397,137355.2111049164,-2.7284841053187847e-12
B3_short_term_reversal,2017-02-17,2017-02-21,on,1.0,"FCX,MDLZ,COP,AIG,HAL,OXY,WDC,MU,UNH,NFLX,CVX,ORLY,TDG,SLB,XOM,SPG,BKNG,HUM,MET,DD",20,397,98459.6277615875,-6.366462912410498e-12
B3_short_term_reversal,2017-02-24,2017-02-27,on,1.0,"FCX,EOG,EMR,REGN,CAT,COP,HAL,OXY,MET,BIIB,XOM,AAL,BAC,C,MS,SLB,SCHW,BKNG,UPS,UNP",20,397,97517.87812198885,-2.2872370664117625e-11
B3_short_term_reversal,2017-03-03,2017-03-06,on,1.0,"TGT,KR,M,COST,MDLZ,WMT,NFLX,CMCSA,INTC,NKE,CHTR,CMG,ORCL,KHC,VZ,VLO,ABT,T,IBM,SBUX",20,399,162557.44092472456,2.7284841053187847e-11
B3_short_term_reversal,2017-03-10,2017-03-13,on,1.0,"FCX,SPG,AAL,HAL,LUV,SBUX,COP,DAL,EOG,GILD,TGT,CSX,CAT,HPE,COST,KR,GM,CVX,UNP,SLB",20,399,130173.30426679365,5.002220859751105e-12
B3_short_term_reversal,2017-03-17,2017-03-20,on,1.0,"UAL,AMGN,BIIB,AAL,LUV,BMY,MS,DAL,CVX,REGN,TGT,CSX,CVS,MRK,QCOM,AVGO,C,GS,INTC,BAC",20,400,113643.43242521025,-2.2737367544323206e-12
B3_short_term_reversal,2017-03-24,2017-03-27,on,1.0,"TDG,BAC,F,SCHW,GS,MS,INCY,HUM,ACN,GM,WFC,VLO,GOOG,GOOGL,PNC,USB,C,JPM,COP,FDX",20,401,125989.22506771795,-2.4556356947869062e-11
B3_short_term_reversal,2017-03-31,2017-04-03,on,1.0,"INCY,BMY,MO,VZ,USB,MDLZ,BRK.B,NKE,AMGN,CSCO,PG,JNJ,ABBV,UNH,HD,CVX,MDT,BIIB,HAL,V",20,401,145261.51819250733,-2.7284841053187847e-11
B3_short_term_reversal,2017-04-07,2017-04-10,on,1.0,"AMD,GM,TGT,F,NFLX,ADI,SCHW,UPS,MS,ACN,GILD,BAC,CVS,REGN,QCOM,AIG,DAL,BIIB,CSCO,WFC",20,403,144736.59052790888,2.637534635141492e-11
B3_short_term_reversal,2017-04-13,2017-04-17,on,1.0,"WFC,AMD,QCOM,MU,SCHW,FDX,DD,BAC,WYNN,AIG,HAL,MS,C,MET,CVX,AVGO,CAT,TXN,AMAT,UPS",20,403,95512.39005536959,-2.5011104298755527e-11
B3_short_term_reversal,2017-04-21,2017-04-24,on,1.0,"INCY,EBAY,IBM,LLY,SLB,OXY,PM,GS,VZ,HAL,JNJ,EOG,COP,XOM,MRK,CVX,SPG,GILD,T,PG",20,403,145578.70517441072,-2.091837814077735e-11
B3_short_term_reversal,2017-04-28,2017-05-01,on,1.0,"STX,ORLY,AAL,SPG,SLB,VZ,HAL,GE,PG,DXC,CMG,SBUX,NKE,T,BIIB,OXY,INTC,AXP,DAL,TXN",20,403,105001.7411921192,-2.717115421546623e-11
B3_short_term_reversal,2017-05-05,2017-05-08,on,1.0,"AMD,FCX,BIIB,IBM,DIS,CHTR,F,T,NKE,CAT,GM,COP,OXY,CVS,BMY,PFE,MO,AXP,UNP,GILD",20,403,121735.0626717899,-9.094947017729282e-12
B3_short_term_reversal,2017-05-12,2017-05-15,on,1.0,"SYF,BKNG,SPG,CHTR,WFC,INTC,GE,MET,BIIB,AIG,CSCO,TGT,GILD,UPS,AMGN,LLY,IBM,DIS,F,BRK.B",20,403,113788.72245080583,-4.547473508864641e-12
B3_short_term_reversal,2017-05-19,2017-05-22,on,1.0,"CSCO,CVS,NKE,BAC,TJX,MU,SCHW,CSX,WDC,GS,UNP,LLY,WYNN,GILD,GM,JPM,NFLX,MS,DIS,AAPL",20,403,128462.64148841053,-1.9099388737231493e-11
B3_short_term_reversal,2017-05-26,2017-05-30,on,1.0,"AZO,COP,LOW,HAL,AMD,TGT,EOG,SLB,GE,CVX,WFC,ORLY,CMG,PFE,AMGN,HD,WMT,XOM,SPG,DD",20,403,161677.3971743863,-4.8203219193965197e-11
B3_short_term_reversal,2017-06-02,2017-06-05,on,1.0,"SPG,GS,JPM,BAC,XOM,BBY,CVX,WFC,COP,ADI,EOG,LOW,C,USB,ADSK,IBM,AMD,CMG,CRM,MS",20,403,89855.70424095355,-4.334310688136611e-12
B3_short_term_reversal,2017-06-09,2017-06-12,on,1.0,"INCY,ADSK,WDC,CHTR,ORLY,M,AMAT,AVGO,NFLX,AAPL,CRM,ADBE,SBUX,CMG,EA,MDLZ,CMCSA,BKNG,AMZN,CSX",20,403,141121.0249334462,-2.000888343900442e-11
B3_short_term_reversal,2017-06-16,2017-06-19,on,1.0,"KR,TGT,COST,AMD,LRCX,WMT,AAPL,NKE,BBY,AMAT,NFLX,REGN,CVS,SBUX,BIIB,PYPL,AVGO,MU,MCK,BKNG",20,403,116722.05596192926,-2.7284841053187847e-11
B3_short_term_reversal,2017-06-23,2017-06-26,on,1.0,"CMG,HAL,COST,GE,ORLY,LOW,TJX,CMCSA,SLB,COP,TGT,HD,DE,CAT,AZO,CVX,UNP,INTC,USB,CHTR",20,403,154736.07768435404,2.1827872842550278e-11
B3_short_term_reversal,2017-06-30,2017-07-03,on,1.0,"AMD,LRCX,AMAT,MU,GOOG,GOOGL,NFLX,HLT,REGN,AVGO,EA,ADI,WDC,MAR,AMZN,MDLZ,TXN,MSFT,BIIB,MRK",20,404,171378.16533015482,1.6370904631912708e-11
B3_short_term_reversal,2017-07-07,2017-07-10,on,1.0,"ORLY,AZO,WDC,MU,SPG,GE,COST,REGN,COP,GILD,CVS,TGT,MRK,EOG,ORCL,DIS,HAL,CMG,TJX,CHTR",20,404,139076.3149476368,-4.7776893552509136e-11
B3_short_term_reversal,2017-07-14,2017-07-17,on,1.0,"CMG,ADP,BAC,MS,T,C,JPM,LOW,BMY,WFC,BRK.B,DE,CVS,TJX,USB,COST,KR,MCD,PG,DAL",20,404,142596.6292817071,-1.4551915228366852e-11
B3_short_term_reversal,2017-07-21,2017-07-24,on,1.0,"CMG,UAL,CSX,QCOM,DAL,IBM,UNP,AAL,HD,MDT,GS,GE,ULTA,FDX,LOW,ISRG,SCHW,CCI,BAC,COST",20,404,132714.67310952768,-2.1827872842550278e-11
B3_short_term_reversal,2017-07-28,2017-07-31,on,1.0,"WDC,MO,MU,SBUX,LUV,ABBV,VRTX,MMM,UAL,WYNN,DAL,GOOGL,AMAT,CSX,HAL,GOOG,AMGN,F,AAL,MGM",20,406,140023.67308802903,-5.4569682106375694e-12
B3_short_term_reversal,2017-08-04,2017-08-07,on,1.0,"REGN,LRCX,AMD,AMAT,EOG,ADP,MU,WDC,MGM,GILD,AMZN,PM,CSX,CVS,HAL,MO,DIS,NFLX,F,CMG",20,406,104638.03421115503,-2.3590018827235326e-12
B3_short_term_reversal,2017-08-11,2017-08-14,on,1.0,"BKNG,AMD,SLB,DIS,CMG,MS,NFLX,HAL,EXPE,BAC,UAL,LUV,MGM,SBUX,ORCL,TGT,C,FCX,PNC,ORLY",20,405,120703.08004285023,-1.4551915228366852e-11
B3_short_term_reversal,2017-08-18,2017-08-21,on,1.0,"DE,NKE,LLY,EOG,HD,LOW,CMG,ADP,DAL,COP,CSCO,CSX,NFLX,GE,HAL,INTC,BKNG,CVS,XOM,F",20,405,134166.26500217058,-4.3655745685100555e-11
B3_short_term_reversal,2017-08-25,2017-08-28,on,1.0,"ULTA,MDT,MDLZ,CVS,COST,AMAT,NKE,LRCX,AVGO,PEP,AMZN,DE,DAL,TGT,CHTR,INTC,AIG,BKNG,WMT,CMCSA",20,405,118121.64321720228,1.0913936421275139e-11
B3_short_term_reversal,2017-09-01,2017-09-05,on,1.0,"BBY,IQV,ORLY,KHC,VZ,WFC,MDLZ,FCX,T,PNC,LUV,DIS,MO,SBAC,EXPE,NKE,JNJ,MET,WMT,JPM",20,408,144863.24287045375,-3.8966163629083894e-11
B3_short_term_reversal,2017-09-08,2017-09-11,on,1.0,"CMCSA,UAL,AMD,CMG,REGN,QCOM,T,EXPE,BAC,DIS,AAP,VZ,KR,FCX,MS,AAPL,AVGO,BRK.B,GE,GS",20,407,127345.16927824542,-1.3443468560581096e-11
B3_short_term_reversal,2017-09-15,2017-09-18,on,1.0,"EFX,REGN,CHTR,ORCL,CMCSA,GILD,IQV,FCX,CRM,MCD,BIIB,ADP,PM,ULTA,HD,LOW,GOOG,GOOGL,LLY,TMO",20,407,146502.75315318257,-2.3646862246096134e-11
B3_short_term_reversal,2017-09-22,2017-09-25,on,1.0,"BBY,KR,AAPL,AMT,SBAC,KHC,CVS,AVGO,ADBE,AMZN,MDT,PM,PEP,UNH,CHTR,ULTA,WDC,JNJ,MDLZ,UAL",20,408,146644.19420850277,-2.1827872842550278e-11
B3_short_term_reversal,2017-09-29,2017-10-02,on,1.0,"AMD,NFLX,GE,GILD,NKE,SBUX,CMG,ACN,MDT,WMT,MRK,BKNG,BIIB,PYPL,CRM,MCD,PG,KO,JNJ,BA",20,408,156390.56120276824,2.3646862246096134e-11
B3_short_term_reversal,2017-10-06,2017-10-09,on,1.0,"MGM,CVS,COST,TGT,WDC,HAL,COP,FDX,SLB,UPS,UNP,MO,PEP,CMCSA,CVX,AMGN,XOM,VZ,LRCX,CMG",20,408,168055.77271506377,-9.094947017729282e-12
B3_short_term_reversal,2017-10-13,2017-10-16,on,1.0,"ULTA,T,GE,REGN,CVS,CMCSA,C,HUM,MGM,WFC,GS,MS,UNH,NKE,CHTR,DIS,MDT,F,VZ,MRK",20,409,143640.5088280607,-1.6370904631912708e-11
B3_short_term_reversal,2017-10-20,2017-10-23,on,1.0,"UAL,SLB,PG,EA,PM,HAL,AMD,LOW,NFLX,REGN,SBUX,AMZN,EBAY,CHTR,MDLZ,WDC,QCOM,AVGO,AAL,BMY",20,409,164481.25531026162,-5.4569682106375694e-12
B3_short_term_reversal,2017-10-27,2017-10-30,on,1.0,"EXPE,CMG,AMD,GE,MCK,CVS,BIIB,LUV,CHTR,MRK,BMY,REGN,IBM,GILD,DAL,T,ABBV,CVX,AMGN,GWW",20,409,145491.0508881975,-7.275957614183426e-12
B3_short_term_reversal,2017-11-03,2017-11-06,on,1.0,"AMD,GM,GILD,UPS,AIG,MRK,MDT,LOW,EA,GE,PM,CMCSA,VZ,CSX,T,HD,MS,MO,TGT,ORCL",20,410,134818.683122525,-9.094947017729282e-12
B3_short_term_reversal,2017-11-10,2017-11-13,on,1.0,"BKNG,USB,VZ,BAC,WFC,EBAY,NFLX,TMO,JPM,AVGO,AXP,DAL,F,MS,C,CSX,BDX,BMY,MMM,CI",20,410,151735.47661796585,3.9108272176235914e-11
B3_short_term_reversal,2017-11-17,2017-11-20,on,1.0,"GE,EQT,HAL,SLB,COP,HUM,TGT,EA,XOM,AIG,REGN,AMT,AAPL,NWL,NVDA,INTC,ABBV,CMCSA,GILD,KO",20,410,179919.52862378955,-1.2732925824820995e-11
B3_short_term_reversal,2017-11-24,2017-11-27,on,1.0,"CMI,CHTR,EA,CMCSA,WMT,EQT,REGN,PCG,INTC,AIG,BIIB,CMG,MRK,KO,GS,SPG,WFC,DIS,PG,SBUX",20,410,117656.65001570806,-9.094947017729282e-12
B3_short_term_reversal,2017-12-01,2017-12-04,on,1.0,"ADSK,MU,WDC,LRCX,AMAT,AMD,NFLX,PYPL,QCOM,AVGO,GM,EXPE,CRM,GOOGL,REGN,GOOG,ADBE,AMT,MDT,AAPL",20,409,176401.40721412376,-8.185452315956354e-12
B3_short_term_reversal,2017-12-08,2017-12-11,on,1.0,"AMD,ALGN,EQT,ISRG,AVGO,CHTR,ADBE,PYPL,INTC,CVS,TMO,TJX,QCOM,PFE,GILD,KO,UNH,MMM,CMCSA,PCG",20,409,138703.03628958017,5.4569682106375694e-12
B3_short_term_reversal,2017-12-15,2017-12-18,on,1.0,"CSX,AZO,M,ULTA,ORCL,ISRG,GM,SLB,MU,IBM,UPS,C,CMG,HUM,UNH,KR,CHTR,SBUX,DE,HD",20,409,158172.31692863628,1.6370904631912708e-11
B3_short_term_reversal,2017-12-22,2017-12-26,on,1.0,"PCG,EIX,CMG,ADSK,GILD,PM,HUM,COST,EA,PFE,CRM,BSX,BIIB,MDT,DIS,PYPL,BMY,NKE,REGN,ORCL",20,409,160444.94727283344,-6.184563972055912e-11
B3_short_term_reversal,2017-12-29,2018-01-02,on,1.0,"MU,AMD,NKE,AAPL,CVS,GM,EA,GS,BKNG,ULTA,COP,GILD,DIS,CMCSA,C,AVGO,SCHW,GOOGL,GOOG,AMGN",20,409,150039.16570563242,-7.275957614183426e-12
B3_short_term_reversal,2018-01-05,2018-01-08,on,1.0,"M,STZ,INTC,SO,NEE,T,VZ,SPG,MAR,EIX,MO,PCG,PG,DAL,PEP,PM,GS,SCHW,MDLZ,C",20,411,167030.60405595973,-3.637978807091713e-11
B3_short_term_reversal,2018-01-12,2018-01-16,on,1.0,"MU,AMT,EBAY,SO,LRCX,INTC,AVGO,AMAT,BIIB,PG,MDLZ,QCOM,T,D,MO,PEP,STZ,PCG,PFE,FCX",20,411,110116.80923982337,-1.4637180356658064e-12
B3_short_term_reversal,2018-01-19,2018-01-22,on,1.0,"GE,F,AXP,GM,CSX,SO,D,IBM,CVX,SLB,SRE,HAL,USB,VZ,DIS,STZ,BMY,UPS,CMCSA,MU",20,412,160729.17137188464,-3.456079866737127e-11
B3_short_term_reversal,2018-01-26,2018-01-29,on,1.0,"UAL,DAL,LUV,AVGO,SBUX,UNP,AAPL,PG,F,TXN,LRCX,SCHW,FCX,FDX,CAT,TGT,JNJ,EA,GE,BLK",20,412,181485.6512000449,-2.3646862246096134e-11
B3_short_term_reversal,2018-02-02,2018-02-05,on,1.0,"MET,UPS,LRCX,AMAT,PYPL,CVX,ALGN,FCX,INTC,WYNN,CVS,LLY,UNH,BLK,BIIB,MU,ABBV,AAPL,HD,HAL",20,412,154895.89282481745,-1.4551915228366852e-11
B3_short_term_reversal,2018-02-09,2018-02-12,on,1.0,"CMG,WFC,SLB,HAL,CHTR,XOM,CVS,AMD,UPS,MMM,FDX,CSX,BIIB,MO,KO,DAL,MDLZ,LRCX,ABT,AMGN",20,412,140362.0419701673,1.8189894035458565e-11
B3_short_term_reversal,2018-02-16,2018-02-20,on,1.0,"BIIB,MCD,KDP,REGN,AIG,GM,LOW,WYNN,KHC,CVX,PEP,VZ,GE,F,UPS,XOM,QCOM,HD,SLB,HAL",20,412,145649.76925079152,-6.73594513500575e-12
B3_short_term_reversal,2018-02-23,2018-02-26,on,1.0,"WMT,KHC,CVS,MDT,NWL,QCOM,VZ,REGN,EQIX,LEN,GM,BIIB,MRK,GD,UPS,KO,PG,GE,NOC,BMY",20,411,116077.78519112617,-3.3651303965598345e-11
B3_short_term_reversal,2018-03-02,2018-03-05,on,1.0,"LOW,CAT,CHTR,GM,MCD,DE,CMCSA,EOG,FCX,AIG,AMT,HD,HAL,HON,WMT,C,FDX,UNP,GOOG,LMT",20,411,168594.15583805367,1.7635670701565687e-11
B3_short_term_reversal,2018-03-09,2018-03-12,on,1.0,"DLTR,CI,TGT,QCOM,OXY,XOM,TJX,AMD,AZO,COST,LMT,MDLZ,BIIB,AIG,UNH,WMT,NKE,CMG,PG,KHC",20,412,165789.63761933148,-1.4551915228366852e-11
B3_short_term_reversal,2018-03-16,2018-03-19,on,1.0,"BA,CVS,ABBV,PM,GE,WFC,NFLX,SLB,QCOM,AMAT,CMCSA,AXP,C,AIG,SCHW,NOC,EBAY,BRK.B,KHC,MO",20,412,162991.00267307833,5.093170329928398e-11
B3_short_term_reversal,2018-03-23,2018-03-26,on,1.0,"ORCL,ABBV,WDC,GIS,QCOM,MU,GOOG,AMGN,DE,BIIB,GOOGL,MS,BAC,MMM,CRM,FDX,WFC,CHTR,LRCX,GE",20,413,147019.62506552413,7.574385563202668e-12
B3_short_term_reversal,2018-03-29,2018-04-02,on,1.0,"MU,WDC,AMD,AMZN,AMAT,LRCX,TTWO,ADSK,NVDA,C,NFLX,CHTR,ABBV,PYPL,AVGO,AMGN,SCHW,ADBE,BAC,ABT",20,413,118624.36768411472,-3.437605755607365e-11
B3_short_term_reversal,2018-04-06,2018-04-09,on,1.0,"NKTR,NVDA,MU,DE,INTC,LRCX,BIIB,AMAT,ABBV,WDC,AMD,CSCO,TXN,QCOM,SCHW,ACN,ABT,MMM,TTWO,MDT",20,413,90197.0010532774,-1.5518253349000588e-11
B3_short_term_reversal,2018-04-13,2018-04-16,on,1.0,"BMY,D,CMCSA,WFC,LOW,AMT,NEE,CHTR,STZ,PNC,TGT,HD,WMT,NKE,GIS,DAL,MS,PG,PEP,AIG",20,413,183913.5663511306,-3.092281986027956e-11
B3_short_term_reversal,2018-04-20,2018-04-23,on,1.0,"PM,BMY,MO,AMAT,QCOM,IBM,PEP,LRCX,AAPL,PG,MDLZ,KHC,AVGO,MU,JNJ,LOW,GM,F,TXN,SBUX",20,413,147743.32015055418,-1.8189894035458565e-12
B3_short_term_reversal,2018-04-27,2018-04-30,on,1.0,"FCX,CHTR,MGM,MMM,NOC,EBAY,GD,LMT,DE,MU,PYPL,CAT,NFLX,GS,T,MS,GOOGL,CMCSA,GOOG,WYNN",20,413,172547.65256217122,5.093170329928398e-11
B3_short_term_reversal,2018-05-04,2018-05-07,on,1.0,"GILD,CVS,VZ,PFE,MPC,AMGN,LLY,GD,LMT,JNJ,MRK,BAC,T,PEP,MDLZ,GM,NOC,UPS,BIIB,KO",20,413,146695.4614149779,1.2732925824820995e-11
B3_short_term_reversal,2018-05-11,2018-05-14,on,1.0,"BKNG,WMT,MO,PEP,CL,F,CHTR,PM,KO,SBUX,MGM,CMCSA,AIG,HAL,MCD,T,NKE,MPC,COST,EBAY",20,413,149600.14118456095,-5.729816621169448e-11
B3_short_term_reversal,2018-05-18,2018-05-21,on,1.0,"AMAT,CSCO,C,NVDA,KHC,GOOGL,AVGO,LRCX,WYNN,GOOG,CRM,MCD,GS,JPM,MMM,JNJ,MS,INTC,BAC,ISRG",20,413,178682.5247380212,-2.000888343900442e-11
B3_short_term_reversal,2018-05-25,2018-05-29,on,1.0,"SLB,HAL,WHR,EOG,TGT,COP,ABBV,CVX,OXY,AIG,XOM,MPC,SCHW,CMCSA,MGM,REGN,GE,C,MS,DIS",20,413,167715.40952030197,-1.4551915228366852e-11
B3_short_term_reversal,2018-06-01,2018-06-04,on,1.0,"HAL,MS,ABBV,MU,PM,WHR,GE,SLB,DE,GS,C,DIS,CAT,JPM,CHTR,SCHW,LMT,BAC,CVX,WDC",20,413,96209.52105274424,-4.263256414560601e-13
B3_short_term_reversal,2018-06-08,2018-06-11,on,1.0,"NKTR,WYNN,LRCX,WDC,MPC,INTC,VLO,AMAT,PSX,UNP,HAL,GE,MDT,LUV,DAL,EOG,UPS,SBUX,CSCO,GOOGL",20,414,163936.68073301017,-1.546140993013978e-11
B3_short_term_reversal,2018-06-15,2018-06-18,on,1.0,"MPC,COP,DE,MU,LRCX,NOC,KSS,ORCL,VLO,LMT,SLB,GE,AMAT,XOM,EBAY,CAT,BA,HAL,C,M",20,414,133891.76570905745,-1.8189894035458565e-12
B3_short_term_reversal,2018-06-22,2018-06-25,on,1.0,"SBUX,NKTR,FDX,CAT,ABBV,GM,NVDA,BA,INTC,ORCL,MS,T,HON,MMM,DE,EA,LMT,AMD,ADBE,PNC",20,413,139535.8501766771,-1.2732925824820995e-11
B3_short_term_reversal,2018-06-29,2018-07-02,on,1.0,"CVS,CMG,MU,NKTR,AVGO,UPS,FDX,DAL,NVDA,STZ,INTC,AMD,F,EBAY,NFLX,MCD,SBUX,GM,KR,QCOM",20,413,118401.59199300781,2.000888343900442e-11
B3_short_term_reversal,2018-07-06,2018-07-09,on,1.0,"STZ,WYNN,GM,MS,BAC,F,WMT,HAL,CVX,VLO,GS,CAT,DAL,HD,JPM,ADP,BA,ACN,SLB,UPS",20,413,140394.86966012046,-5.4569682106375694e-12
B3_short_term_reversal,2018-07-13,2018-07-16,on,1.0,"AVGO,KR,NFLX,BKNG,BIIB,UNP,CSCO,DE,LRCX,T,SRE,WFC,OXY,F,MCD,AMD,NEE,VLO,C,CVX",20,413,160438.3145213984,7.275957614183426e-12
B3_short_term_reversal,2018-07-20,2018-07-23,on,1.0,"EBAY,NFLX,ABBV,FCX,GE,CHTR,CVS,SLB,AMGN,EOG,F,COP,MU,UNH,XOM,CAT,T,VRTX,VZ,MO",20,413,160470.33352144063,-3.456079866737127e-11
B3_short_term_reversal,2018-07-27,2018-07-30,on,1.0,"EA,INTC,HAL,NOC,F,BIIB,GM,ACN,HD,PYPL,LOW,TXN,CRM,MU,MA,NFLX,PEP,EBAY,UAL,ADBE",20,413,151987.2856386453,-2.3646862246096134e-11
B3_short_term_reversal,2018-08-03,2018-08-06,on,1.0,"WYNN,MGM,SCHW,BLK,NFLX,BA,AXP,CAT,HON,CVS,BKNG,AMD,MPC,EA,MU,XOM,CRM,CMG,SLB,MS",20,413,150977.3995874077,-1.2732925824820995e-11
B3_short_term_reversal,2018-08-10,2018-08-13,on,1.0,"KHC,BKNG,PM,LRCX,DE,OXY,CI,MS,GM,F,PEP,C,GE,MU,MMM,AVGO,TXN,LMT,BA,NOC",20,413,151537.4096370265,-1.4551915228366852e-11
B3_short_term_reversal,2018-08-17,2018-08-20,on,1.0,"M,AMAT,NFLX,MU,EOG,MCHP,GILD,SLB,HAL,LRCX,STZ,MPC,WMB,NVDA,GE,WYNN,INTC,CVX,ADBE,COP",20,413,161046.0066110976,1.4551915228366852e-11
B3_short_term_reversal,2018-08-24,2018-08-27,on,1.0,"PM,MO,KHC,WMT,KMB,PEP,KO,PLD,AMAT,SBUX,BMY,ABBV,CI,WMB,WDC,LMT,GM,T,MCD,BIIB",20,413,176747.3752387613,-1.000444171950221e-11
B3_short_term_reversal,2018-08-31,2018-09-04,on,1.0,"DLTR,EA,CMG,SLB,ANET,BBY,KO,PM,T,PFE,F,BA,MPC,ADSK,WMB,ABBV,ORCL,KHC,MCHP,TXN",20,414,136523.95363794267,-2.0957457991244155e-11
B3_short_term_reversal,2018-09-07,2018-09-10,on,1.0,"MU,WYNN,ANET,AMAT,LRCX,SLB,GOOGL,NFLX,GOOG,GM,GILD,COP,F,CVX,BIIB,INTC,TXN,PYPL,OXY,MSFT",20,414,155093.2127344422,2.7284841053187847e-12
B3_short_term_reversal,2018-09-14,2018-09-17,on,1.0,"KR,WFC,LRCX,TXN,COST,ULTA,MMM,GS,INTC,AMAT,MCD,BAC,DIS,ADI,WMT,MU,LLY,UNH,TJX,TGT",20,413,146596.572851561,5.4569682106375694e-12
B3_short_term_reversal,2018-09-21,2018-09-24,on,1.0,"AMD,ADBE,CMG,NVDA,VLO,GE,ABBV,FDX,KHC,INTU,AMZN,AAPL,DUK,QCOM,PSX,CRM,MPC,NFLX,ANET,TGT",20,413,186452.3547724001,-1.3642420526593924e-11
B3_short_term_reversal,2018-09-28,2018-10-01,on,1.0,"GE,WYNN,CMCSA,F,MS,BAC,GS,GM,WFC,JPM,DLTR,MPC,AXP,MO,KHC,JNJ,C,FTV,PYPL,PG",20,413,170189.57689944655,0.0
B3_short_term_reversal,2018-10-05,2018-10-08,on,1.0,"AMD,COST,NFLX,AMZN,EA,NKE,PYPL,HD,WYNN,PEP,LOW,ISRG,ORCL,TGT,MA,BKNG,NVDA,TXN,AMAT,MU",20,414,178910.3784148842,-1.887201506178826e-11
B3_short_term_reversal,2018-10-12,2018-10-15,on,1.0,"QCOM,AMAT,NVDA,SHW,BMY,CAT,MS,MMM,NSC,ACN,GM,BA,UNP,EOG,EA,JPM,GE,FDX,CVX,BAC",20,415,163168.77180144563,-3.8198777474462986e-11
B3_short_term_reversal,2018-10-19,2018-10-22,on,1.0,"VLO,AMD,EBAY,IBM,MPC,NVDA,CAT,HD,OXY,BLK,BMY,LOW,ISRG,HAL,MU,SCHW,CRM,EA,NSC,EOG",20,415,134116.48337373883,9.094947017729282e-12
B3_short_term_reversal,2018-10-26,2018-10-29,off,0.0,,0,0,87748.18781160563,87660.43962379581
B3_short_term_reversal,2018-11-02,2018-11-05,off,0.0,,0,0,0.0,87660.43962379581
B3_short_term_reversal,2018-11-09,2018-11-12,on,1.0,"QCOM,GE,VLO,NVDA,EA,MPC,GS,MU,AMAT,LRCX,SLB,NFLX,COP,AAPL,GM,EBAY,MS,MO,XOM,NKE",20,418,87572.86675706506,-5.275069270282984e-11
B3_short_term_reversal,2018-11-16,2018-11-19,off,0.0,,0,0,84116.68889140338,84032.57220251553
B3_short_term_reversal,2018-11-23,2018-11-26,off,0.0,,0,0,0.0,84032.57220251553
B3_short_term_reversal,2018-11-30,2018-12-03,on,1.0,"SLB,NOC,GE,ORCL,KHC,CME,OXY,BMY,GS,STZ,SBUX,SCHW,EA,USB,LIN,MO,HAL,HON,LMT,EOG",20,416,83948.62357892096,-2.1827872842550278e-11
B3_short_term_reversal,2018-12-07,2018-12-10,off,0.0,,0,0,79584.20507119223,79504.62086611653
B3_short_term_reversal,2018-12-14,2018-12-17,off,0.0,,0,0,0.0,79504.62086611653
B3_short_term_reversal,2018-12-21,2018-12-24,off,0.0,,0,0,0.0,79504.62086611653
B3_short_term_reversal,2018-12-28,2018-12-31,off,0.0,,0,0,0.0,79504.62086611653
B3_short_term_reversal,2019-01-04,2019-01-07,off,0.0,,0,0,0.0,79504.62086611653
B3_short_term_reversal,2019-01-11,2019-01-14,off,0.0,,0,0,0.0,79504.62086611653
B3_short_term_reversal,2019-01-18,2019-01-22,off,0.0,,0,0,0.0,79504.62086611653
B3_short_term_reversal,2019-01-25,2019-01-28,off,0.0,,0,0,0.0,79504.62086611653
B3_short_term_reversal,2019-02-01,2019-02-04,off,0.0,,0,0,0.0,79504.62086611653
B3_short_term_reversal,2019-02-08,2019-02-11,off,0.0,,0,0,0.0,79504.62086611653
B3_short_term_reversal,2019-02-15,2019-02-19,on,1.0,"KO,TTWO,DE,AMAT,MO,AAPL,FISV,GILD,EL,STZ,D,PFE,CMCSA,NEE,PG,ADBE,DIS,GM,FDX,DAL",20,420,79425.19567042589,4.18367562815547e-11
B3_short_term_reversal,2019-02-22,2019-02-25,on,1.0,"KHC,EA,CVS,TTWO,STZ,AMAT,AVGO,UPS,LRCX,GOOGL,GOOG,GILD,CMG,KO,ABBV,ADBE,BRK.B,NKE,BIIB,UNP",20,420,114246.7504455559,-1.4551915228366852e-11
B3_short_term_reversal,2019-03-01,2019-03-04,on,1.0,"BKNG,CI,UNH,KHC,CVS,HUM,DAL,HD,MPC,AMD,MU,AMAT,LOW,PG,MDT,WMT,DE,NFLX,COP,LRCX",20,420,130371.26729306579,1.3642420526593924e-11
B3_short_term_reversal,2019-03-08,2019-03-11,on,1.0,"ALGN,EOG,CVS,SLB,CI,MPC,BIIB,HUM,AMD,MU,GE,CRM,PFE,FDX,CME,AMGN,TMO,COP,UPS,LRCX",20,420,94956.61139689013,1.000444171950221e-11
B3_short_term_reversal,2019-03-15,2019-03-18,on,1.0,"BA,BMY,LLY,NEM,LMT,CME,LUV,DE,JNJ,KHC,F,GM,ORCL,PEP,UNP,DUK,EA,LOW,ADBE,CAT",20,420,153041.71184770763,4.547473508864641e-12
B3_short_term_reversal,2019-03-22,2019-03-25,on,1.0,"BIIB,BAC,C,JPM,DIS,NKE,GS,WFC,BA,CME,LUV,MS,BMY,AXP,MDT,HPQ,GILD,DAL,HUM,UNP",20,420,121419.4294243753,-8.185452315956354e-12
B3_short_term_reversal,2019-03-29,2019-04-01,on,1.0,"CHTR,CVS,TXN,AMD,CI,GOOG,GOOGL,MPC,CRM,PM,NFLX,VZ,BMY,DUK,WMT,MU,EA,AAPL,AMAT,NEE",20,420,156731.05247773975,1.2732925824820995e-11
B3_short_term_reversal,2019-04-05,2019-04-08,on,1.0,"MO,PM,JNJ,MRK,MDT,EA,LLY,NEE,BMY,ABT,COP,KO,PEP,AMT,CSX,PG,DHR,CMG,VZ,INTU",20,419,126250.14295528457,1.1368683772161603e-13
B3_short_term_reversal,2019-04-12,2019-04-15,on,1.0,"UNH,GE,HUM,CVX,CNC,WFC,EBAY,FISV,NFLX,AMD,GILD,CI,BA,LLY,MU,BIIB,PFE,MPC,MDT,CVS",20,419,150373.69785485417,-2.9103830456733704e-11
B3_short_term_reversal,2019-04-18,2019-04-22,on,1.0,"CNC,ISRG,BDX,CI,MRK,OXY,LLY,HUM,AMGN,EA,TMO,PFE,NEM,UNH,ABT,MPC,GILD,CVX,ABBV,MDT",20,419,83677.741213426,-1.1368683772161603e-11
B3_short_term_reversal,2019-04-26,2019-04-29,on,1.0,"MMM,INTC,UPS,TGT,FDX,EOG,SLB,NEM,COP,T,CMG,CAT,MU,MO,AVGO,VZ,CVX,DAL,ISRG,INTU",20,421,143952.76023945585,-2.3646862246096134e-11
B3_short_term_reversal,2019-05-03,2019-05-06,on,1.0,"CTSH,EOG,GOOGL,GOOG,OXY,CI,SLB,DIS,NEM,XOM,DOW,MMM,HUM,NKE,LLY,BKNG,AMGN,ISRG,UNH,EA",20,422,124249.02000316605,0.0
B3_short_term_reversal,2019-05-10,2019-05-13,on,1.0,"MPC,INTC,MU,AMAT,REGN,AAPL,NFLX,UPS,CAT,VLO,BDX,BA,OXY,ANET,LOW,MMM,LRCX,BRK.B,SLB,TXN",20,422,138615.2527987212,-1.1823431123048067e-11
B3_short_term_reversal,2019-05-17,2019-05-20,on,1.0,"DE,ADI,MU,CAT,ANET,MS,TXN,QCOM,AVGO,FDX,TGT,C,AAPL,CVS,OXY,BAC,MMM,CRM,WFC,INTC",20,422,98033.42749653757,-2.091837814077735e-11
B3_short_term_reversal,2019-05-24,2019-05-28,on,1.0,"KSS,QCOM,LOW,AVGO,VLO,CMG,AMAT,LRCX,EOG,FDX,MU,GE,AAPL,SLB,EA,GM,F,BKNG,AMD,COP",20,422,122382.35670499876,-4.18367562815547e-11
B3_short_term_reversal,2019-05-31,2019-06-03,off,0.0,,0,0,77814.87077448517,77737.0559037106
B3_short_term_reversal,2019-06-07,2019-06-10,on,1.0,"CNC,GOOGL,GOOG,OXY,KSS,COP,ABBV,CMCSA,CTSH,JCI,AMZN,HUM,AMT,FIS,UNH,LLY,MPC,FDX,BDX,F",20,423,77659.39650721848,-1.7280399333685637e-11
B3_short_term_reversal,2019-06-14,2019-06-17,on,1.0,"CRM,AMD,NFLX,LLY,LRCX,MU,TXN,AVGO,UNP,MA,CSCO,BA,CTSH,LMT,ADBE,INTU,PM,CNC,CSX,AMAT",20,422,132959.82010978833,-3.728928277269006e-11
B3_short_term_reversal,2019-06-21,2019-06-24,on,1.0,"MO,AMD,STZ,CMG,DIS,CVS,SCHW,VZ,TJX,DD,MCD,SBUX,JPM,LIN,TGT,PG,PYPL,ABBV,NEE,BAC",20,423,153808.72289267555,-2.637534635141492e-11
B3_short_term_reversal,2019-06-28,2019-07-01,on,1.0,"BMY,ABBV,CNC,AMT,LLY,CSCO,GOOGL,GOOG,UNH,CRM,CMCSA,GILD,MSFT,BIIB,PEP,BA,NKE,MDT,JNJ,MDLZ",20,423,155444.1232181564,-2.000888343900442e-11
B3_short_term_reversal,2019-07-05,2019-07-08,on,1.0,"EA,LHX,BIIB,BA,COP,AMAT,LRCX,AVGO,OXY,DE,FDX,DD,TXN,JNJ,CAT,UNH,MMM,CVX,XOM,ADP",20,424,131148.9365473166,-4.547473508864641e-12
B3_short_term_reversal,2019-07-12,2019-07-15,on,1.0,"ILMN,MRK,AMGN,JNJ,LLY,BMY,PFE,GILD,TMO,QCOM,ABBV,BKNG,ISRG,NFLX,SCHW,MDLZ,LYB,ABT,TGT,GE",20,425,159721.2336588502,-2.3646862246096134e-11
B3_short_term_reversal,2019-07-19,2019-07-22,on,1.0,"NFLX,CSX,EA,NSC,SLB,WDC,LOW,ILMN,BRK.B,UNH,DIS,ORCL,XOM,LMT,HUM,GE,CI,JNJ,NKE,WFC",20,426,134528.43348655477,0.0
B3_short_term_reversal,2019-07-26,2019-07-29,on,1.0,"ALGN,BA,F,CI,PM,CHTR,NSC,PYPL,COP,CAT,CSX,AMGN,CSCO,UNH,OXY,ABBV,AMZN,TGT,CVX,TMO",20,426,135986.40753893927,-1.1624479157035239e-11
B3_short_term_reversal,2019-08-02,2019-08-05,on,1.0,"AMD,PFE,LYB,CRM,HAL,TMUS,SCHW,AVGO,NKE,PYPL,MS,MU,SLB,FDX,TGT,CAT,AMAT,AMZN,BKNG,CSCO",20,426,121863.02618545294,-3.637978807091713e-11
B3_short_term_reversal,2019-08-09,2019-08-12,on,1.0,"SCHW,GE,ALGN,OXY,SLB,IBM,MU,INTC,USB,COP,PFE,LRCX,MMM,CAT,MO,BAC,ORCL,UNP,NFLX,JPM",20,429,122280.32651507854,-1.9099388737231493e-11
B3_short_term_reversal,2019-08-16,2019-08-19,on,1.0,"CSCO,AMD,OXY,SLB,F,COP,LOW,PFE,BAC,CVX,EOG,WFC,GE,C,MS,DE,GS,ALGN,GILD,HD",20,429,106639.8128548637,-2.1373125491663814e-11
B3_short_term_reversal,2019-08-23,2019-08-26,on,1.0,"GE,UNH,AXP,EOG,AMD,HON,OXY,PM,UNP,NFLX,ORCL,MMM,UPS,HUM,ABT,INTC,IBM,AMAT,FIS,JNJ",20,429,128306.44975887984,2.7284841053187847e-12
B3_short_term_reversal,2019-08-30,2019-09-03,on,1.0,"ULTA,PM,MO,ADSK,NEE,MET,ABBV,CSCO,CI,EL,ADBE,NFLX,EA,ORCL,SO,CVS,JNJ,SLB,T,FIS",20,429,120544.39219288528,-2.7284841053187847e-12
B3_short_term_reversal,2019-09-06,2019-09-09,on,1.0,"ULTA,NEM,CRM,AMD,NFLX,SBUX,MO,CMG,UNH,ADBE,ISRG,AXP,NEE,MRK,JNJ,BMY,DE,BA,FIS,MCD",20,429,108341.00348913297,-1.9099388737231493e-11
B3_short_term_reversal,2019-09-13,2019-09-16,on,1.0,"INTU,AMT,SPGI,AMGN,EL,CMG,FISV,SBUX,MA,FIS,MCD,V,MRK,GPN,COST,ACN,PYPL,LLY,ULTA,MO",20,429,107562.94344951957,5.9117155615240335e-12
B3_short_term_reversal,2019-09-20,2019-09-23,on,1.0,"FDX,NFLX,CSX,CAT,DIS,HD,GPN,INTC,MS,TJX,UNP,MO,GS,MMM,MU,BRK.B,PM,QCOM,AMZN,TXN",20,429,147439.52826824412,-3.728928277269006e-11
B3_short_term_reversal,2019-09-27,2019-09-30,on,1.0,"MU,SLB,UNH,EOG,CI,GILD,COP,CVX,CRM,AMD,BKNG,AMZN,BIIB,AVGO,GE,CVS,CHTR,CMCSA,LLY,DHR",20,430,146856.46102984622,3.637978807091713e-12
B3_short_term_reversal,2019-10-04,2019-10-07,on,1.0,"SCHW,DAL,COP,SLB,GM,EOG,MMM,GE,MS,OXY,CAT,MET,CVX,UNP,GS,LLY,XOM,BAC,CSX,AXP",20,430,113696.05989319831,2.546585164964199e-11
B3_short_term_reversal,2019-10-11,2019-10-14,on,1.0,"OXY,TMO,ABT,ACN,EOG,PG,KO,DHR,CSCO,PEP,NOC,JNJ,NEE,DAL,MCD,UPS,PYPL,CHTR,QCOM,LMT",20,430,138349.39214224368,2.8194335754960775e-11
B3_short_term_reversal,2019-10-18,2019-10-21,on,1.0,"BA,EOG,IBM,ADBE,ORCL,COP,MU,CRM,NOC,ULTA,INTU,FIS,JNJ,NFLX,PG,LMT,XOM,MA,GPN,MSFT",20,431,122436.46182242408,-1.6370904631912708e-11
B3_short_term_reversal,2019-10-25,2019-10-28,on,1.0,"TXN,MCD,CMG,AMT,NKE,F,T,TGT,SBUX,ISRG,MRK,MDT,GILD,ACN,COST,KO,INTU,HD,UPS,ABT",20,432,157352.53421915695,-2.1827872842550278e-11
B3_short_term_reversal,2019-11-01,2019-11-04,on,1.0,"MO,ULTA,CMG,MPC,CVX,PYPL,CMCSA,NKE,SLB,MDLZ,TXN,EXC,WMT,BKNG,TGT,EL,FDX,NVDA,OXY,AMT",20,432,125458.54293491691,1.8189894035458565e-12
B3_short_term_reversal,2019-11-08,2019-11-11,on,1.0,"EXPE,BKNG,NEE,OXY,BDX,CMG,AMT,PYPL,PG,KO,TMO,PEP,FIS,PFE,MU,BSX,LRCX,BIIB,HD,ISRG",20,432,125007.52144173533,3.092281986027956e-11
B3_short_term_reversal,2019-11-15,2019-11-18,on,1.0,"CSCO,EXPE,GM,BIIB,QCOM,CSX,FDX,OXY,SLB,AMZN,IBM,MPC,C,XOM,CAT,TXN,NVDA,BKNG,COP,CMCSA",20,432,134910.4105685763,-1.4551915228366852e-11
B3_short_term_reversal,2019-11-22,2019-11-25,on,1.0,"AMAT,HD,LRCX,QCOM,T,GM,MU,WDC,BMY,GOOGL,GOOG,ABBV,PM,MPC,HON,INTU,PYPL,ABT,SYK,NOC",20,433,144094.67181320488,-2.1827872842550278e-11
B3_short_term_reversal,2019-11-29,2019-12-02,on,1.0,"DE,INTU,MPC,GE,XOM,TGT,QCOM,OXY,CVX,SLB,CHTR,AMD,WMT,CI,PM,T,CMCSA,COP,INTC,ORCL",20,433,128006.03248897567,-4.18367562815547e-11
B3_short_term_reversal,2019-12-06,2019-12-09,on,1.0,"NOW,PYPL,BA,CSCO,CRM,AMZN,DIS,ORCL,NFLX,UNP,AMAT,HD,INTC,TJX,NVDA,DD,FDX,HON,DE,DG",20,434,143838.47857047245,3.637978807091713e-12
B3_short_term_reversal,2019-12-13,2019-12-16,on,1.0,"CI,BA,ULTA,NFLX,CVS,EXC,MMM,CMCSA,OXY,SPGI,BIIB,WFC,COST,GILD,ISRG,VZ,ORCL,MO,XOM,DIS",20,437,139042.39628998935,-2.000888343900442e-11
B3_short_term_reversal,2019-12-20,2019-12-23,on,1.0,"FDX,BA,SCHW,GE,EXPE,DD,ORCL,ULTA,UPS,WFC,USB,BMY,HON,SBUX,PG,PEP,LMT,WMT,MCD,GOOG",20,437,140533.01517558098,-2.9103830456733704e-11
B3_short_term_reversal,2019-12-27,2019-12-30,on,1.0,"AVGO,BA,NFLX,MU,EXPE,F,USB,SBUX,WMT,DD,GOOG,DIS,CSCO,DG,GOOGL,AMGN,HD,HON,LOW,ABT",20,437,105295.09264472127,1.0647482895365101e-11
B3_short_term_reversal,2020-01-03,2020-01-06,on,1.0,"BIIB,SCHW,TGT,F,DD,PG,UNH,USB,NFLX,GILD,UPS,EW,BAC,ABT,QCOM,MO,VZ,AMGN,WMT,COST",20,437,112744.06603583694,-4.530065211838519e-11
B3_short_term_reversal,2020-01-10,2020-01-13,on,1.0,"AVGO,GM,DD,CVX,USB,GE,CVS,INTC,MRK,SLB,WFC,XOM,UNP,JPM,CAT,VZ,DIS,WMT,CSCO,ACN",20,437,139845.6022340171,-4.274625098332763e-11
B3_short_term_reversal,2020-01-17,2020-01-21,on,1.0,"WFC,TGT,MPC,BIIB,SLB,ILMN,GILD,BSX,USB,BA,BKNG,WMT,AMZN,F,XOM,EOG,CVX,COP,T,CHTR",20,437,123666.0665805228,-9.421796676178928e-12
B3_short_term_reversal,2020-01-24,2020-01-27,on,1.0,"WYNN,OXY,EOG,SLB,ABBV,AMGN,MRK,CVS,MPC,DAL,CMCSA,BKNG,CAT,CVX,BMY,SCHW,COP,DD,XOM,DIS",20,437,110352.69975102693,-1.8257395595355774e-11
B3_short_term_reversal,2020-01-31,2020-02-03,on,1.0,"DD,UPS,MMM,ILMN,UAL,MU,SBUX,UNH,TXN,BKNG,AMD,INTC,AMAT,CAT,WYNN,XOM,SLB,TMO,FDX,OXY",20,438,107780.45578424633,1.1027623258996755e-11
B3_short_term_reversal,2020-02-07,2020-02-10,on,1.0,"BDX,F,PAYC,ICE,MO,COP,MCD,XOM,MRK,UPS,GS,PLD,NEE,CNC,WYNN,BSX,NOW,ABT,VZ,MMM",20,438,135509.39983542636,1.2704504115390591e-11
B3_short_term_reversal,2020-02-14,2020-02-18,on,1.0,"PFE,LLY,MRK,VZ,MO,CSCO,GILD,AMGN,IBM,BIIB,MDT,JNJ,DIS,T,GS,LMT,CVS,BRK.B,F,GE",20,438,129810.00055596232,3.325340003357269e-11
B3_short_term_reversal,2020-02-21,2020-02-24,on,1.0,"LRCX,MS,AVGO,GE,INTC,F,AMAT,WYNN,MU,AMT,AAPL,BA,QCOM,PFE,GS,C,TXN,MDT,NKE,XOM",20,438,126194.35454874486,7.275957614183426e-12
B3_short_term_reversal,2020-02-28,2020-03-02,off,0.0,,0,0,77538.22375493124,77460.68553117794
B3_short_term_reversal,2020-03-06,2020-03-09,off,0.0,,0,0,0.0,77460.68553117794
B3_short_term_reversal,2020-03-13,2020-03-16,off,0.0,,0,0,0.0,77460.68553117794
B3_short_term_reversal,2020-03-20,2020-03-23,off,0.0,,0,0,0.0,77460.68553117794
B3_short_term_reversal,2020-03-27,2020-03-30,off,0.0,,0,0,0.0,77460.68553117794
B3_short_term_reversal,2020-04-03,2020-04-06,off,0.0,,0,0,0.0,77460.68553117794
B3_short_term_reversal,2020-04-09,2020-04-13,off,0.0,,0,0,0.0,77460.68553117794
B3_short_term_reversal,2020-04-17,2020-04-20,off,0.0,,0,0,0.0,77460.68553117794
B3_short_term_reversal,2020-04-24,2020-04-27,off,0.0,,0,0,0.0,77460.68553117794
B3_short_term_reversal,2020-05-01,2020-05-04,off,0.0,,0,0,0.0,77460.68553117794
B3_short_term_reversal,2020-05-08,2020-05-11,off,0.0,,0,0,0.0,77460.68553117794
B3_short_term_reversal,2020-05-15,2020-05-18,off,0.0,,0,0,0.0,77460.68553117794
B3_short_term_reversal,2020-05-22,2020-05-26,off,0.0,,0,0,0.0,77460.68553117794
B3_short_term_reversal,2020-05-29,2020-06-01,on,1.0,"OXY,NEM,DXCM,NFLX,TJX,BMY,CMG,AMD,WMT,DIS,ABBV,CVX,CRM,AMZN,MSFT,SBUX,WYNN,AAPL,LLY,PEP",20,441,77383.30222897232,4.547473508864641e-12
B3_short_term_reversal,2020-06-05,2020-06-08,on,1.0,"VRTX,NEM,PFE,ABT,DXCM,DG,REGN,LLY,CHTR,WMT,BDX,AMGN,GILD,AMD,JNJ,TGT,CRM,NFLX,CSCO,NEE",20,443,112869.28881648183,1.2050804798491299e-11
B3_short_term_reversal,2020-06-12,2020-06-15,on,1.0,"MAR,SPG,RCL,BAC,MGM,WFC,C,XOM,ECL,OXY,DAL,HON,BKNG,JPM,UNP,AAL,BRK.B,MU,RTX,WYNN",20,441,160996.75821650773,1.546140993013978e-11
B3_short_term_reversal,2020-06-19,2020-06-22,on,1.0,"SPG,NCLH,CCL,RCL,UAL,WYNN,MGM,AAL,LUV,DAL,BIIB,MAR,LMT,XOM,JPM,CVX,NEE,ECL,FIS,MCD",20,441,84091.74430805072,-1.7202239632752025e-11
B3_short_term_reversal,2020-06-26,2020-06-29,on,1.0,"AAL,WYNN,NCLH,RCL,MGM,SCHW,CCL,UAL,OXY,MAR,GE,BA,RTX,DAL,BAC,WFC,SPG,AMD,LUV,AXP",20,443,71907.50233455002,1.290345608140342e-11
B3_short_term_reversal,2020-07-02,2020-07-06,on,1.0,"WFC,BAC,AAL,GS,JPM,OXY,C,TMUS,AXP,NKE,XOM,MS,SCHW,UAL,VRTX,DAL,CVX,CCL,ACN,NCLH",20,443,81907.79902493581,-1.6825651982799172e-11
B3_short_term_reversal,2020-07-10,2020-07-13,on,1.0,"D,OXY,SPG,AAL,UAL,WYNN,AMGN,LMT,CVX,RTX,XOM,CVS,BMY,LUV,MRK,MDT,UNH,FISV,DAL,MA",20,443,113897.10634026676,1.807620719773695e-11
B3_short_term_reversal,2020-07-17,2020-07-20,on,1.0,"NFLX,AMZN,ADBE,NCLH,CRM,MSFT,C,CCL,ORCL,DXCM,BAC,NVDA,OXY,PYPL,SPG,MU,AVGO,WFC,AMT,EBAY",20,443,148239.9863840416,-5.638867150992155e-11
B3_short_term_reversal,2020-07-24,2020-07-27,on,1.0,"FE,INTC,WYNN,LUV,NCLH,REGN,VRTX,EBAY,GILD,GS,AAL,RCL,CCL,MS,BMY,AMGN,DAL,ADI,LLY,AAPL",20,444,139759.6500297822,1.3642420526593924e-11
B3_short_term_reversal,2020-07-31,2020-08-03,on,1.0,"GE,BA,RTX,WFC,CVX,CCL,MMM,LLY,INTC,GILD,NCLH,UAL,RCL,DAL,CAT,XOM,KO,V,LUV,AAL",20,443,90456.79192155972,-6.366462912410498e-12
B3_short_term_reversal,2020-08-07,2020-08-10,on,1.0,"MU,ABBV,REGN,NOW,APD,AMGN,AMT,LRCX,AMAT,PEP,SBUX,NEM,ORCL,GILD,EBAY,PFE,CMCSA,ISRG,LIN,AMZN",20,444,161135.23274893314,9.094947017729282e-12
B3_short_term_reversal,2020-08-14,2020-08-17,on,1.0,"CSCO,NEM,MU,OXY,AMD,FISV,CRM,PYPL,FIS,NEE,NFLX,ILMN,VRTX,ORCL,MSFT,LLY,COST,REGN,GILD,ABT",20,444,128746.53847988322,-2.3646862246096134e-11
B3_short_term_reversal,2020-08-21,2020-08-24,on,1.0,"TJX,AAL,UAL,AMAT,C,WFC,MU,BA,DAL,BAC,LRCX,SPG,CCL,RTX,GE,XOM,JPM,CVX,BIIB,AXP",20,443,161712.08158824593,-1.8189894035458565e-12
B3_short_term_reversal,2020-08-28,2020-08-31,on,1.0,"EBAY,BDX,CLX,PFE,GILD,TGT,LLY,CVS,TMO,XOM,LRCX,ABBV,NEE,REGN,CSCO,UNH,CHTR,BMY,AAPL,VZ",20,444,160864.25806633383,-2.0463630789890885e-12
B3_short_term_reversal,2020-09-04,2020-09-08,on,1.0,"MA,NOW,MSFT,PYPL,CRM,ABT,LOW,HD,V,LRCX,ADBE,CVS,CVX,AMD,PFE,NVDA,XOM,BMY,INTU,ORCL",20,444,129200.64685819298,1.1652900866465643e-12
B3_short_term_reversal,2020-09-11,2020-09-14,on,1.0,"LRCX,AMAT,PYPL,NFLX,BKNG,CRM,FISV,AMD,AMZN,GOOG,AAPL,INTU,ADBE,GOOGL,NVDA,MSFT,ADSK,GE,REGN,XOM",20,443,96581.1317349188,1.5802470443304628e-11
B3_short_term_reversal,2020-09-18,2020-09-21,on,1.0,"ILMN,CCL,C,EBAY,NCLH,ISRG,CMG,RCL,AMZN,INTU,AAPL,PYPL,GOOGL,GOOG,PEP,GS,BKNG,NKE,JPM,NFLX",20,445,102642.5170526877,-4.547473508864641e-12
B3_short_term_reversal,2020-09-25,2020-09-28,on,1.0,"GE,DAL,ACN,CVX,GM,RTX,UAL,AXP,XOM,LUV,AAL,BAC,C,MS,WFC,MMM,LIN,JPM,ABBV,GILD",20,443,160771.11865336448,-7.275957614183426e-12
B3_short_term_reversal,2020-10-02,2020-10-05,on,1.0,"MU,XOM,LLY,MRK,CMCSA,ORCL,REGN,LMT,EBAY,DIS,MDT,UNP,CVX,MSFT,FIS,BMY,FISV,LIN,VZ,NEE",20,444,154282.19048647583,-2.1657342585967854e-11
B3_short_term_reversal,2020-10-09,2020-10-12,on,1.0,"AMGN,MRK,BA,CMCSA,PEP,AMT,NEM,RTX,MCD,PFE,T,VZ,LMT,SCHW,AAL,AMD,WMT,MS,ABBV,DIS",20,446,141283.89638797194,2.637534635141492e-11
B3_short_term_reversal,2020-10-16,2020-10-19,on,1.0,"VRTX,RCL,NCLH,CCL,WFC,BKNG,UAL,LLY,AAL,BAC,DAL,C,ILMN,FISV,MA,T,FIS,V,GILD,LIN",20,446,169406.66235859692,-5.638867150992155e-11
B3_short_term_reversal,2020-10-23,2020-10-26,on,1.0,"INTC,UNP,NFLX,IBM,ETSY,CHTR,AXP,EBAY,AMGN,AAPL,CSCO,REGN,AMAT,LMT,CRM,BLK,LRCX,VRTX,MA,ADBE",20,445,170403.21869610995,6.906475391588174e-12
B3_short_term_reversal,2020-10-30,2020-11-02,on,1.0,"DXCM,BA,FIS,RTX,RCL,MA,ETSY,EBAY,BKNG,UAL,CCL,AAL,CMG,DAL,MDT,AXP,ILMN,ISRG,ALGN,UPS",20,445,146126.09169849753,1.4551915228366852e-11
B3_short_term_reversal,2020-11-06,2020-11-09,on,1.0,"SCHW,XOM,F,CCL,ORCL,T,GILD,AAL,MCD,COP,IBM,CVX,UAL,DAL,BAC,WFC,CAT,VZ,KO,MDT",20,446,157647.03342963755,-3.456079866737127e-11
B3_short_term_reversal,2020-11-13,2020-11-16,on,1.0,"BIIB,ETSY,NVDA,TMO,PYPL,DXCM,NFLX,CMG,AMZN,LOW,AMD,ADBE,NOW,DHR,ALGN,CRM,EBAY,MSFT,FDX,HD",20,447,213032.78210107982,-1.0550138540565968e-10
B3_short_term_reversal,2020-11-20,2020-11-23,on,1.0,"BSX,REGN,TMO,CI,CVS,DXCM,AMGN,UNH,LOW,VRTX,DHR,MA,PG,BMY,V,BKNG,HD,MSFT,JNJ,ORCL",20,448,153179.93770109862,-3.092281986027956e-11
B3_short_term_reversal,2020-11-27,2020-11-30,on,1.0,"CRM,NEM,DHR,ABT,QCOM,BSX,AAPL,JNJ,NVDA,CHTR,GILD,KO,PG,MRK,LMT,WMT,REGN,BIIB,AMGN,TMO",20,448,142019.2914648652,-4.547473508864641e-12
B3_short_term_reversal,2020-12-04,2020-12-07,on,1.0,"CRM,REGN,HD,NEE,ETSY,DE,LOW,MCD,TGT,MMM,AMT,LIN,WMT,APD,GM,LMT,COST,BMY,AMZN,UPS",20,448,177633.31353650987,-4.5986325858393684e-11
B3_short_term_reversal,2020-12-11,2020-12-14,on,1.0,"CCL,QCOM,RCL,SPG,GM,MA,BBY,INTC,SPGI,NVDA,CVS,AMT,AXP,MU,UNH,TXN,F,SCHW,V,CHTR",20,448,198735.93950758874,-5.093170329928398e-11
B3_short_term_reversal,2020-12-18,2020-12-21,on,1.0,"OXY,PFE,UAL,COP,CVX,T,NCLH,FDX,BA,INTC,RTX,MRK,AAL,GE,GOOG,CVS,SPG,GOOGL,DAL,AMAT",20,448,182104.03033408523,-5.4569682106375694e-11
B3_short_term_reversal,2020-12-24,2020-12-28,on,1.0,"FDX,OXY,INTC,AAL,COP,UAL,AMD,XOM,CCL,AMGN,NFLX,FIS,CVX,LLY,GILD,DAL,NCLH,T,ACN,NVDA",20,449,109049.55086202174,-2.7284841053187847e-11
B3_short_term_reversal,2020-12-31,2021-01-04,on,1.0,"ETSY,FDX,OXY,BA,UPS,MO,F,PYPL,CRM,UAL,GM,REGN,PFE,HD,CVX,XOM,LOW,ORCL,AAL,WFC",20,449,154034.03048329055,1.5944578990456648e-11
B3_short_term_reversal,2021-01-08,2021-01-11,on,1.0,"KO,UPS,FDX,NFLX,CCL,LMT,MMM,CHTR,AAL,NCLH,NOW,ADBE,PEP,RTX,AMZN,FIS,BA,COST,ORCL,V",20,451,167257.63807468116,-1.4551915228366852e-11
B3_short_term_reversal,2021-01-15,2021-01-19,on,1.0,"MA,ENPH,FISV,BKNG,AMD,FIS,V,SPGI,TSLA,TMUS,ADBE,CMCSA,KO,DIS,CRM,GOOG,GOOGL,NKE,BLK,AAPL",20,451,177642.98943533003,-3.342393029015511e-11
B3_short_term_reversal,2021-01-22,2021-01-25,on,1.0,"OXY,C,COP,UAL,WFC,IBM,BAC,ISRG,GS,XOM,BKNG,JPM,GE,FCX,INTC,UNP,CVX,AAL,PG,DAL",20,452,213936.71450667083,-9.094947017729282e-12
B3_short_term_reversal,2021-01-29,2021-02-01,on,1.0,"LRCX,ENPH,SCHW,FCX,MS,AMAT,F,GM,AXP,AMD,CCL,ABBV,FDX,CVX,PYPL,SBUX,ETSY,WFC,REGN,GS",20,452,176904.45431704074,1.1652900866465643e-12
B3_short_term_reversal,2021-02-05,2021-02-08,on,1.0,"QCOM,DD,KR,TMO,LLY,PFE,UNH,AMGN,MRK,REGN,DHR,BMY,TMUS,DG,AAL,ABT,JNJ,COST,VZ,T",20,452,225409.1941922903,8.003553375601768e-11
B3_short_term_reversal,2021-02-12,2021-02-16,on,1.0,"DD,PEP,TSLA,ABBV,CCL,REGN,GILD,AMZN,NKE,VZ,FISV,CSCO,FCX,BMY,PG,GM,TMUS,SBUX,MRK,AAPL",20,453,167251.05209621787,3.228706191293895e-11
B3_short_term_reversal,2021-02-19,2021-02-22,on,1.0,"NEE,ISRG,ENPH,MDT,REGN,NOW,CSCO,WMT,DHR,AAPL,GILD,DIS,TSLA,ADBE,TMUS,AMD,NFLX,FIS,TMO,ABT",20,452,167864.92673930526,-1.546140993013978e-11
B3_short_term_reversal,2021-02-26,2021-03-01,on,1.0,"TSLA,CRM,LOW,ILMN,FCX,PYPL,NVDA,HD,SWKS,ENPH,COST,AAPL,NOW,WMT,DG,QCOM,TMO,AMD,NEE,LRCX",20,452,141716.8044758141,-3.728928277269006e-11
B3_short_term_reversal,2021-03-05,2021-03-08,on,1.0,"ENPH,TSLA,ILMN,NVDA,ETSY,NOW,PYPL,RCL,AMD,TGT,TJX,QCOM,AVGO,NFLX,COST,UAL,ADBE,AMAT,NEE,DAL",20,452,112870.59694963694,-7.275957614183426e-12
B3_short_term_reversal,2021-03-12,2021-03-15,on,1.0,"GE,LRCX,ORCL,GILD,GOOGL,GOOG,OXY,DHR,MU,VZ,ABT,AAPL,LMT,KO,PEP,CHTR,QCOM,AVGO,NFLX,BMY",20,452,195223.51981342584,2.637534635141492e-11
B3_short_term_reversal,2021-03-19,2021-03-22,on,1.0,"LLY,COP,XOM,OXY,V,CVX,MA,FCX,NEE,ENPH,TSLA,UPS,BA,BKNG,ABBV,F,NOW,INTU,PYPL,BRK.B",20,452,219711.5107286945,-8.549250196665525e-11
B3_short_term_reversal,2021-03-26,2021-03-29,on,1.0,"CCL,NCLH,PENN,AAL,RCL,UAL,ETSY,FCX,TSLA,GM,GS,BA,F,MS,NKE,MU,DAL,DIS,AMD,EXPE",20,452,186208.67859155685,-3.637978807091713e-12
B3_short_term_reversal,2021-04-01,2021-04-05,on,1.0,"CHTR,CMCSA,MS,F,PENN,UNH,GS,RTX,ABT,IBM,CVS,MDLZ,MCD,JNJ,PG,CVX,EXPE,JPM,WFC,COP",20,452,181565.8564260751,-5.275069270282984e-11
B3_short_term_reversal,2021-04-09,2021-04-12,on,1.0,"OXY,COP,PENN,CVX,XOM,GILD,AMAT,CMCSA,AAL,MRK,C,JNJ,ABBV,CAT,DIS,EXPE,BMY,LLY,VZ,CVS",20,452,157634.78765673935,3.637978807091713e-11
B3_short_term_reversal,2021-04-16,2021-04-19,on,1.0,"CCL,NCLH,AAL,KLAC,DAL,INTC,MU,NXPI,UAL,PENN,AMAT,LRCX,MS,GM,F,BAC,JPM,TXN,QCOM,BA",20,452,205634.34788390994,1.6370904631912708e-11
B3_short_term_reversal,2021-04-23,2021-04-26,on,1.0,"PENN,MO,INTC,NFLX,MU,ORCL,UAL,CMG,FCX,AAL,NVDA,BA,LMT,FDX,NEE,BKNG,HON,LOW,NKE,AVGO",20,453,169080.07138755172,-3.532818482199218e-11
B3_short_term_reversal,2021-04-30,2021-05-03,on,1.0,"ENPH,NOW,ETSY,AMGN,F,BMY,FISV,NXPI,MRK,TXN,ADI,TMO,MSFT,GE,LLY,GILD,INTC,TSLA,ABT,SBUX",20,453,227356.83364825696,-4.547473508864641e-11
B3_short_term_reversal,2021-05-07,2021-05-10,on,1.0,"ETSY,ENPH,NCLH,CRM,BKNG,TSLA,AMZN,NOW,CCL,ADBE,NEE,AMD,PYPL,MDT,AMT,FISV,NFLX,MA,DAL,NVDA",20,453,182621.61321335286,-4.320099833421409e-12
B3_short_term_reversal,2021-05-14,2021-05-17,on,1.0,"TSLA,MU,AMAT,DIS,QCOM,AMD,GM,ADI,NOW,HD,LOW,LRCX,INTC,NVDA,FCX,GOOG,GOOGL,MA,BA,SPGI",20,454,175069.2314490229,1.3642420526593924e-12
B3_short_term_reversal,2021-05-21,2021-05-24,on,1.0,"T,DE,CMCSA,TMUS,CVX,FCX,LOW,XOM,VZ,UNP,CHTR,HD,NKE,DAL,WFC,CAT,HON,UPS,AAPL,COP",20,454,202192.0465451479,-1.2732925824820995e-11
B3_short_term_reversal,2021-05-28,2021-06-01,on,1.0,"AMGN,MRK,GILD,CVS,PFE,ABBV,PG,BMY,T,MA,ETSY,NEE,XOM,VZ,IBM,AAPL,COST,LMT,MDT,ACN",20,454,193086.04890743643,6.195932655828074e-12
B3_short_term_reversal,2021-06-04,2021-06-07,on,1.0,"ABT,DHR,TSLA,TMO,DAL,FDX,NXPI,NOW,UAL,GE,TJX,FCX,LOW,FISV,HD,NKE,NFLX,UNH,JNJ,DE",20,454,240081.52549624443,-5.275069270282984e-11
B3_short_term_reversal,2021-06-11,2021-06-14,on,1.0,"CAT,MU,F,DE,C,JPM,UPS,GS,COF,BAC,AAL,GM,LIN,FISV,WFC,SCHW,AMAT,UNP,HON,FCX",20,454,204581.5081019178,1.2732925824820995e-11
B3_short_term_reversal,2021-06-18,2021-06-21,on,1.0,"FCX,C,NEM,MS,WFC,ORCL,GS,JPM,BAC,MPC,GE,COF,NCLH,CCL,EBAY,HON,SCHW,IBM,CAT,AAL",20,454,105054.10631480813,1.5973000699887052e-11
B3_short_term_reversal,2021-06-25,2021-06-28,on,1.0,"BIIB,EQIX,AMZN,UAL,CMCSA,CRM,AAL,CCL,ABBV,NEM,BMY,INTC,PFE,TMUS,AVGO,PEP,LMT,PM,MRK,NEE",20,454,201153.87296753377,-4.3655745685100555e-11
B3_short_term_reversal,2021-07-02,2021-07-06,on,1.0,"CCL,BA,IBM,AAL,WFC,XOM,GM,MU,UAL,BKNG,F,AON,COF,C,SCHW,MA,CVX,BAC,OXY,NXPI",20,455,201691.3378014192,9.094947017729282e-12
B3_short_term_reversal,2021-07-09,2021-07-12,on,1.0,"OXY,CCL,COP,SCHW,UAL,IBM,BAC,C,WFC,XOM,LRCX,TSLA,DAL,F,AAL,AMD,GE,ETSY,AMAT,CVX",20,455,93968.00166778266,6.409095476556104e-12
B3_short_term_reversal,2021-07-16,2021-07-19,on,1.0,"OXY,CCL,ENPH,UAL,NVDA,BIIB,BA,FCX,COP,DAL,XOM,F,GM,AMD,ETSY,BAC,AAL,CVX,NXPI,AMAT",20,455,77101.87346298993,-5.286437954055145e-12
B3_short_term_reversal,2021-07-23,2021-07-26,on,1.0,"TMUS,INTC,NFLX,DIS,SCHW,VZ,GM,NEE,VRTX,JPM,BLK,T,MRK,BAC,XOM,UNH,HON,C,TSLA,AMGN",20,456,193362.49729629606,5.715605766454246e-11
B3_short_term_reversal,2021-07-30,2021-08-02,on,1.0,"ETSY,PYPL,UPS,AMZN,EBAY,FDX,LOW,AAL,SBUX,CRM,AMGN,GOOG,MA,AAPL,OXY,UAL,MSFT,ABBV,AXP,CI",20,456,217433.11719546467,3.456079866737127e-11
B3_short_term_reversal,2021-08-06,2021-08-09,on,1.0,"FIS,GPN,CI,AMGN,EBAY,FISV,FCX,GM,MA,ETSY,MCD,QCOM,MDT,V,SBUX,MRK,HON,PEP,ABBV,CVS",20,457,148368.7312823534,1.9099388737231493e-11
B3_short_term_reversal,2021-08-13,2021-08-16,on,1.0,"MU,LRCX,AMAT,MRNA,AAL,V,MA,VRTX,AXP,GPN,ISRG,GM,UAL,TXN,PYPL,SBUX,AMZN,F,UNH,DAL",20,457,171986.66869252175,1.7280399333685637e-11
B3_short_term_reversal,2021-08-20,2021-08-23,on,1.0,"FCX,BA,GM,DE,NUE,F,XOM,AAL,CVX,CAT,WFC,BKNG,COF,AMD,UAL,TSLA,GPN,GE,DAL,QCOM",20,457,158875.9467177093,1.2732925824820995e-11
B3_short_term_reversal,2021-08-27,2021-08-30,on,1.0,"PFE,LLY,BMY,WMT,JNJ,MRK,NEE,UNH,TMUS,PEP,PG,COST,HD,KO,TGT,GILD,T,MSFT,ABT,VZ",20,457,234770.43202716857,1.2732925824820995e-11
B3_short_term_reversal,2021-09-03,2021-09-07,on,1.0,"WFC,COF,ADSK,ABBV,NXPI,CCL,AXP,NUE,MA,AAL,GPN,TJX,V,F,UAL,BAC,NKE,C,FIS,UNP",20,458,236210.64545963705,3.456079866737127e-11
B3_short_term_reversal,2021-09-10,2021-09-13,on,1.0,"LLY,CI,DE,AMGN,MMM,CCL,UAL,EBAY,BA,ABBV,MRK,JNJ,BMY,UNP,ISRG,FISV,UNH,TJX,CHTR,AAL",20,458,165289.641346097,-3.808509063674137e-12
B3_short_term_reversal,2021-09-17,2021-09-20,on,1.0,"WYNN,LVS,FCX,QCOM,SBUX,NKE,MRNA,LLY,NEE,DE,PFE,CMCSA,ORCL,UNP,CHTR,GS,BMY,PYPL,GPN,NVDA",20,458,174733.7251663506,-1.3642420526593924e-11
B3_short_term_reversal,2021-09-24,2021-09-27,on,1.0,"FDX,ADBE,NKE,EQIX,DIS,AMT,LVS,CHTR,UNH,AMGN,FCX,TGT,ABT,BMY,CMCSA,CAT,T,FIS,NEE,WMT",20,457,153336.56429049373,-2.3646862246096134e-11
B3_short_term_reversal,2021-10-01,2021-10-04,on,1.0,"MRNA,AMAT,ADBE,DHR,LRCX,ADI,TMO,NVDA,INTU,ABT,CMG,SPGI,EQIX,TGT,NOW,PYPL,PM,GOOG,WMT,ACN",20,457,173717.31663511693,5.172751116333529e-12
B3_short_term_reversal,2021-10-08,2021-10-11,on,1.0,"MRNA,CCL,AAL,EQIX,DAL,TMUS,CHTR,UAL,CMCSA,BMY,LRCX,EA,NOW,ISRG,AMGN,AMAT,INTU,PYPL,QCOM,MDT",20,457,149339.96552951634,-5.4569682106375694e-12
B3_short_term_reversal,2021-10-15,2021-10-18,on,1.0,"OXY,DAL,BA,T,EA,MU,DE,TMUS,MRK,UAL,PFE,MCD,JPM,VZ,CMCSA,COP,CHTR,GM,NFLX,CCL",20,457,151320.99083341658,-2.8194335754960775e-11
B3_short_term_reversal,2021-10-22,2021-10-25,on,1.0,"IBM,PYPL,INTC,CCL,BKNG,AAL,DIS,MDT,DAL,GOOGL,UAL,FCX,AMZN,GOOG,CMG,PG,BA,MCD,HON,LRCX",20,457,176210.23231215775,-5.070432962384075e-11
B3_short_term_reversal,2021-10-29,2021-11-01,on,1.0,"LMT,COF,V,CHTR,SBUX,AXP,MA,GM,TXN,CMCSA,EBAY,PYPL,BA,ADI,MDT,C,ORCL,IBM,SCHW,TMUS",20,457,187386.8670867309,9.094947017729282e-12
B3_short_term_reversal,2021-11-05,2021-11-08,on,1.0,"MRNA,PENN,MRK,NFLX,DHR,REGN,ABT,C,PYPL,SPGI,MS,TMO,UPS,TGT,FCX,INTU,BAC,GS,EBAY,VZ",20,457,204418.28371554613,2.7284841053187847e-11
B3_short_term_reversal,2021-11-12,2021-11-15,on,1.0,"TSLA,CCL,DIS,PYPL,AAL,BKNG,PENN,UAL,NKE,COP,SBUX,OXY,TMUS,MDT,NXPI,ISRG,IBM,MRNA,EBAY,PEP",20,457,194640.84196235985,4.9112713895738125e-11
B3_short_term_reversal,2021-11-19,2021-11-22,on,1.0,"CCL,UAL,FCX,GE,PYPL,MA,CSCO,FIS,V,AAL,XOM,AXP,BKNG,FDX,GPN,AMAT,GS,CAT,WFC,UNH",20,457,179870.20118141174,-3.092281986027956e-11
B3_short_term_reversal,2021-11-26,2021-11-29,on,1.0,"ADSK,CCL,BA,AXP,UAL,AMAT,EXPE,DAL,BKNG,AAL,MA,PYPL,CRM,QCOM,MDT,ADI,GOOG,AMZN,TJX,GOOGL",20,457,141547.94484177977,-3.637978807091713e-12
B3_short_term_reversal,2021-12-03,2021-12-06,on,1.0,"ETSY,NFLX,CRM,NCLH,MRK,EBAY,AMD,MRNA,ADBE,AAL,TSLA,LLY,NOW,GE,WMT,ORCL,FIS,C,CCL,UAL",20,457,181778.00077618659,-3.3651303965598345e-11
B3_short_term_reversal,2021-12-10,2021-12-13,on,1.0,"MRNA,CHTR,CMCSA,TGT,AMD,C,PFE,T,ETSY,VZ,NVDA,MRK,NKE,LLY,NXPI,EBAY,BMY,TSLA,MS,JPM",20,457,141880.1366649866,1.000444171950221e-11
B3_short_term_reversal,2021-12-17,2021-12-20,on,1.0,"ADBE,GM,MDT,EPAM,INTU,TSLA,NVDA,F,UAL,ADI,SBUX,COP,HD,TGT,BA,AAL,ORCL,GE,NCLH,MSFT",20,458,200358.37215275317,-5.729816621169448e-11
B3_short_term_reversal,2021-12-23,2021-12-27,on,1.0,"ORCL,MRNA,PFE,WFC,GS,JNJ,WMT,GM,LLY,HON,JPM,BRK.B,TGT,NEE,TMO,C,BAC,LOW,PEP,SBUX",20,458,197889.23326976597,2.3646862246096134e-11
B3_short_term_reversal,2021-12-31,2022-01-03,on,1.0,"NCLH,CCL,ETSY,TMUS,ORCL,AMZN,UAL,NFLX,PYPL,GOOG,AAL,AMD,DE,BA,GOOGL,VZ,ISRG,MU,MS,T",20,458,236109.50494959205,-4.18367562815547e-11
B3_short_term_reversal,2022-01-07,2022-01-10,on,1.0,"HUM,EPAM,MRNA,NOW,FTNT,INTU,ACN,NFLX,CRM,DHR,ADBE,ISRG,TMO,AMT,UNH,AMD,SBUX,NEE,NVDA,AVGO",20,458,212769.02251992375,3.8198777474462986e-11
B3_short_term_reversal,2022-01-14,2022-01-18,on,1.0,"SBUX,NOW,COST,AMT,LLY,NKE,JPM,HD,ABT,ISRG,MS,BLK,PYPL,ACN,MRNA,GS,AAL,TGT,DIS,NEE",20,459,159655.2460890934,-1.0913936421275139e-11
B3_short_term_reversal,2022-01-21,2022-01-24,off,0.0,,0,0,112544.50850707293,112431.9639985525
B3_short_term_reversal,2022-01-28,2022-01-31,on,1.0,"NEE,FCX,AMD,TSLA,INTC,LRCX,BA,CAT,GM,T,CCL,F,GE,AAL,NFLX,MU,MDLZ,ZTS,SPGI,MDT",20,459,112319.6443541348,-2.7284841053187847e-11
B3_short_term_reversal,2022-02-04,2022-02-07,on,1.0,"PYPL,F,GILD,LIN,HON,T,TXN,AMGN,SLB,MRK,LOW,PFE,SBUX,HD,TGT,UNP,CAT,CRM,LLY,DE",20,459,199638.65484586358,1.8189894035458565e-12
B3_short_term_reversal,2022-02-11,2022-02-14,off,0.0,,0,0,113754.099263452,113640.34516418555
B3_short_term_reversal,2022-02-18,2022-02-22,off,0.0,,0,0,0.0,113640.34516418555
B3_short_term_reversal,2022-02-25,2022-02-28,off,0.0,,0,0,0.0,113640.34516418555
B3_short_term_reversal,2022-03-04,2022-03-07,off,0.0,,0,0,0.0,113640.34516418555
B3_short_term_reversal,2022-03-11,2022-03-14,off,0.0,,0,0,0.0,113640.34516418555
B3_short_term_reversal,2022-03-18,2022-03-21,on,1.0,"SLB,XOM,CVX,VZ,NEM,OXY,LMT,NOC,DVN,UNP,EOG,T,MOS,RTX,QCOM,COP,MRK,CSCO,FCX,WMT",20,462,113526.81834578514,-1.4551915228366852e-11
B3_short_term_reversal,2022-03-25,2022-03-28,on,1.0,"LOW,EPAM,HD,MRNA,CCL,ADBE,INTU,PYPL,CRM,CHTR,TGT,PFE,NOW,ABT,GM,MS,TMO,SBUX,F,GS",20,462,233109.79215952754,-3.637978807091713e-11
B3_short_term_reversal,2022-04-01,2022-04-04,on,1.0,"HPQ,AMD,SCHW,C,MOS,WFC,INTC,AMAT,QCOM,BAC,COP,MS,LRCX,LOW,UNP,JPM,SLB,DE,UPS,CSX",20,462,212265.91089481115,-6.002665031701326e-11
B3_short_term_reversal,2022-04-08,2022-04-11,on,1.0,"NVDA,SBUX,F,AAL,MRNA,FDX,CCL,BKNG,GM,UAL,BA,UPS,CRM,QCOM,UNP,AMD,LRCX,AVGO,NOW,AMAT",20,463,164251.72641506046,-4.501998773775995e-11
B3_short_term_reversal,2022-04-14,2022-04-18,off,0.0,,0,0,115574.81409485638,115459.23928077664
B3_short_term_reversal,2022-04-22,2022-04-25,off,0.0,,0,0,0.0,115459.23928077664
B3_short_term_reversal,2022-04-29,2022-05-02,off,0.0,,0,0,0.0,115459.23928077664
B3_short_term_reversal,2022-05-06,2022-05-09,off,0.0,,0,0,0.0,115459.23928077664
B3_short_term_reversal,2022-05-13,2022-05-16,off,0.0,,0,0,0.0,115459.23928077664
B3_short_term_reversal,2022-05-20,2022-05-23,off,0.0,,0,0,0.0,115459.23928077664
B3_short_term_reversal,2022-05-27,2022-05-31,off,0.0,,0,0,0.0,115459.23928077664
B3_short_term_reversal,2022-06-03,2022-06-06,off,0.0,,0,0,0.0,115459.23928077664
B3_short_term_reversal,2022-06-10,2022-06-13,off,0.0,,0,0,0.0,115459.23928077664
B3_short_term_reversal,2022-06-17,2022-06-21,off,0.0,,0,0,0.0,115459.23928077664
B3_short_term_reversal,2022-06-24,2022-06-27,off,0.0,,0,0,0.0,115459.23928077664
B3_short_term_reversal,2022-07-01,2022-07-05,off,0.0,,0,0,0.0,115459.23928077664
B3_short_term_reversal,2022-07-08,2022-07-11,off,0.0,,0,0,0.0,115459.23928077664
B3_short_term_reversal,2022-07-15,2022-07-18,off,0.0,,0,0,0.0,115459.23928077664
B3_short_term_reversal,2022-07-22,2022-07-25,off,0.0,,0,0,0.0,115459.23928077664
B3_short_term_reversal,2022-07-29,2022-08-01,off,0.0,,0,0,0.0,115459.23928077664
B3_short_term_reversal,2022-08-05,2022-08-08,off,0.0,,0,0,0.0,115459.23928077664
B3_short_term_reversal,2022-08-12,2022-08-15,off,0.0,,0,0,0.0,115459.23928077664
B3_short_term_reversal,2022-08-19,2022-08-22,off,0.0,,0,0,0.0,115459.23928077664
B3_short_term_reversal,2022-08-26,2022-08-29,off,0.0,,0,0,0.0,115459.23928077664
B3_short_term_reversal,2022-09-02,2022-09-06,off,0.0,,0,0,0.0,115459.23928077664
B3_short_term_reversal,2022-09-09,2022-09-12,off,0.0,,0,0,0.0,115459.23928077664
B3_short_term_reversal,2022-09-16,2022-09-19,off,0.0,,0,0,0.0,115459.23928077664
B3_short_term_reversal,2022-09-23,2022-09-26,off,0.0,,0,0,0.0,115459.23928077664
B3_short_term_reversal,2022-09-30,2022-10-03,off,0.0,,0,0,0.0,115459.23928077664
B3_short_term_reversal,2022-10-07,2022-10-10,off,0.0,,0,0,0.0,115459.23928077664
B3_short_term_reversal,2022-10-14,2022-10-17,off,0.0,,0,0,0.0,115459.23928077664
B3_short_term_reversal,2022-10-21,2022-10-24,off,0.0,,0,0,0.0,115459.23928077664
B3_short_term_reversal,2022-10-28,2022-10-31,off,0.0,,0,0,0.0,115459.23928077664
B3_short_term_reversal,2022-11-04,2022-11-07,off,0.0,,0,0,0.0,115459.23928077664
B3_short_term_reversal,2022-11-11,2022-11-14,off,0.0,,0,0,0.0,115459.23928077664
B3_short_term_reversal,2022-11-18,2022-11-21,off,0.0,,0,0,0.0,115459.23928077664
B3_short_term_reversal,2022-11-25,2022-11-28,off,0.0,,0,0,0.0,115459.23928077664
B3_short_term_reversal,2022-12-02,2022-12-05,on,1.0,"VLO,COST,PYPL,MU,CRM,DG,BAC,COP,BLK,WFC,XOM,OXY,EOG,C,VZ,LIN,F,GS,CVX,GM",20,472,115343.89538541436,-9.276845958083868e-11
B3_short_term_reversal,2022-12-09,2022-12-12,off,0.0,,0,0,109398.67549785227,109289.27682233078
B3_short_term_reversal,2022-12-16,2022-12-19,off,0.0,,0,0,0.0,109289.27682233078
B3_short_term_reversal,2022-12-23,2022-12-27,off,0.0,,0,0,0.0,109289.27682233078
B3_short_term_reversal,2022-12-30,2023-01-03,off,0.0,,0,0,0.0,109289.27682233078
B3_short_term_reversal,2023-01-06,2023-01-09,off,0.0,,0,0,0.0,109289.27682233078
B3_short_term_reversal,2023-01-13,2023-01-17,on,1.0,"ABBV,DG,PFE,LMT,ISRG,JNJ,PEP,KO,MRK,GILD,PG,SCHW,CVS,AVGO,AMGN,WMT,BMY,LLY,MDT,BRK.B",20,473,109180.09672567248,-2.7284841053187847e-11
B3_short_term_reversal,2023-01-20,2023-01-23,on,1.0,"ENPH,GM,SCHW,F,NOC,GS,HON,DE,PFE,CSCO,HD,VZ,LMT,PG,NEE,LLY,UAL,INTC,BA,PEP",20,473,150067.03627570719,-1.0913936421275139e-11
B3_short_term_reversal,2023-01-27,2023-01-30,on,1.0,"NEE,ENPH,IBM,MRK,ISRG,AMGN,INTC,KLAC,TMO,DHR,SCHW,UNP,NOC,ABT,MRNA,BMY,ABBV,PFE,PG,UAL",20,473,129983.970381096,-1.2732925824820995e-11
B3_short_term_reversal,2023-02-03,2023-02-06,on,1.0,"COP,MRNA,OXY,SLB,CAT,CVX,SBUX,FCX,AMGN,XOM,MCD,ELV,DE,UNH,HON,BA,MRK,CVS,MU,JNJ",20,474,184437.06981077045,4.547473508864641e-11
B3_short_term_reversal,2023-02-10,2023-02-13,on,1.0,"GOOG,GOOGL,INTC,META,CMG,AMZN,PYPL,AMD,NFLX,ENPH,LRCX,HD,QCOM,BLK,UAL,AAL,BKNG,AMAT,NKE,MU",20,473,208091.7349029854,-4.9112713895738125e-11
B3_short_term_reversal,2023-02-17,2023-02-21,on,1.0,"DVN,COP,PYPL,OXY,VLO,XOM,SLB,LLY,CVX,NOW,ADBE,AMD,ENPH,LIN,DIS,ACN,ON,GILD,INTU,TMO",20,473,182486.36721386015,3.2741809263825417e-11
B3_short_term_reversal,2023-02-24,2023-02-27,on,1.0,"MRNA,ADBE,INTC,NFLX,ON,GM,CMG,EOG,F,HD,CMCSA,GOOG,FCX,GOOGL,BA,NOW,LOW,OXY,SBUX,ABT",20,473,172112.20873559266,5.4569682106375694e-12
B3_short_term_reversal,2023-03-03,2023-03-06,on,1.0,"CVS,SCHW,MRK,COST,INTU,MU,CI,T,TMUS,ELV,PFE,HUM,WMT,BMY,JNJ,VZ,UNH,GS,LLY,PEP",20,473,220107.01341614872,-2.3646862246096134e-11
B3_short_term_reversal,2023-03-10,2023-03-13,off,0.0,,0,0,104186.35662489384,104082.17026827607
B3_short_term_reversal,2023-03-17,2023-03-20,on,1.0,"TFC,USB,ENPH,PNC,COP,DVN,WFC,GM,C,BAC,EOG,XOM,GS,F,MS,JPM,AXP,CAT,CVX,HON",20,475,103978.19207623601,-8.185452315956354e-11
B3_short_term_reversal,2023-03-24,2023-03-27,on,1.0,"SCHW,WFC,LOW,C,AMAT,BAC,TGT,HD,NOW,BA,INTC,CVS,ELV,LRCX,FDX,AMZN,UNP,JPM,ON,OXY",20,476,171930.80711695552,-5.331912689143792e-11
B3_short_term_reversal,2023-03-31,2023-04-03,on,1.0,"GOOG,CI,SCHW,GOOGL,MU,UNH,LMT,AMD,REGN,COST,ELV,AVGO,ABBV,PFE,PG,CVS,MRK,JNJ,AMGN,HON",20,476,190075.390926525,1.9099388737231493e-11
B3_short_term_reversal,2023-04-06,2023-04-10,on,1.0,"DE,URI,ON,LRCX,MU,ENPH,CAT,AMAT,SCHW,AMD,TSLA,PNC,MPC,ADI,QCOM,TXN,TFC,VLO,MS,CRM",20,476,193128.8196729049,1.6370904631912708e-11
B3_short_term_reversal,2023-04-14,2023-04-17,on,1.0,"NEM,BA,CVS,INTC,TGT,CI,QCOM,USB,NOW,MSFT,IBM,WMT,CSCO,AMAT,AMGN,NEE,INTU,NVDA,PG,AMD",20,476,196966.3747728169,-1.6370904631912708e-11
B3_short_term_reversal,2023-04-21,2023-04-24,on,1.0,"ALB,TSLA,MRNA,VLO,T,FCX,ELV,CSCO,HUM,COP,F,MPC,UNH,TFC,SLB,INTC,VZ,USB,OXY,META",20,476,195051.30033209175,-1.8189894035458565e-11
B3_short_term_reversal,2023-04-28,2023-05-01,on,1.0,"ENPH,FSLR,UPS,ABBV,DHR,MRNA,TXN,BMY,FCX,VLO,LMT,WFC,ADI,PFE,T,NEE,C,TMO,NOW,SCHW",20,476,186523.83621449023,-4.274625098332763e-11
B3_short_term_reversal,2023-05-05,2023-05-08,on,1.0,"EL,ANET,TFC,PNC,USB,XOM,ADBE,QCOM,VLO,SBUX,SCHW,MS,AXP,BAC,NOW,ACN,CVX,MU,GS,BKNG",20,477,193306.9817083031,-3.183231456205249e-11
B3_short_term_reversal,2023-05-12,2023-05-15,on,1.0,"PYPL,DIS,INTC,DHR,MRNA,USB,NKE,QCOM,OXY,FCX,TMO,PNC,ADBE,UPS,AXP,TFC,CVS,MS,F,XOM",20,477,135806.96448088437,1.2050804798491299e-11
B3_short_term_reversal,2023-05-19,2023-05-22,on,1.0,"FSLR,NKE,NEE,T,VZ,TMUS,BMY,AMGN,ENPH,TGT,DE,UNH,CL,PEP,WMT,KO,PG,PFE,COST,ABT",20,478,215381.68087539822,-6.548361852765083e-11
B3_short_term_reversal,2023-05-26,2023-05-30,on,1.0,"ULTA,MDT,TGT,ADI,SBUX,NKE,BKNG,INTU,ABT,ABBV,PG,T,PGR,BSX,CL,PEP,CMCSA,LIN,KO,MRK",20,478,133767.3413073197,-2.091837814077735e-11
B3_short_term_reversal,2023-06-02,2023-06-05,on,1.0,"DG,ULTA,TGT,VLO,TMUS,AZO,AMD,ABBV,EL,VZ,UPS,MU,MPC,TMO,XOM,MRK,CMG,SCHW,CMCSA,MDT",20,478,155066.47496975213,-3.092281986027956e-11
B3_short_term_reversal,2023-06-09,2023-06-12,on,1.0,"DG,FSLR,EL,MU,TGT,ENPH,META,TXN,NOW,MSFT,ABT,SNPS,V,GOOGL,GOOG,NKE,MRK,SBUX,NVDA,BMY",20,477,167284.59847537428,-5.275069270282984e-11
B3_short_term_reversal,2023-06-16,2023-06-20,on,1.0,"HUM,UNH,ELV,CVS,AMD,ANET,XOM,OXY,CRM,SCHW,CVX,DIS,MRK,CMG,TMUS,BAC,C,KLAC,GE,WFC",20,477,216134.0562792495,5.638867150992155e-11
B3_short_term_reversal,2023-06-23,2023-06-26,on,1.0,"ENPH,AMD,ANET,QCOM,INTC,ACN,GS,IBM,AVGO,BA,ORCL,MS,SNPS,TXN,BAC,NOW,UPS,CAT,CDNS,C",20,478,181163.99618083984,0.0
B3_short_term_reversal,2023-06-30,2023-07-03,on,1.0,"REGN,PFE,MU,AMGN,GOOGL,BMY,GOOG,KO,ELV,ABBV,DG,CVS,META,TMO,PEP,PYPL,JNJ,NEE,C,TGT",20,478,220962.7892934084,-3.8198777474462986e-11
B3_short_term_reversal,2023-07-07,2023-07-10,on,1.0,"NKE,MU,MRK,LIN,LRCX,XOM,AMAT,INTC,UNH,HUM,JNJ,ORCL,LLY,SBUX,GS,ELV,PANW,REGN,MS,ADI",20,478,184238.34337303787,-4.547473508864641e-11
B3_short_term_reversal,2023-07-14,2023-07-17,on,1.0,"CCL,T,VZ,DG,DAL,PANW,XOM,MRK,CSCO,BMY,CMG,LLY,CVX,DIS,F,AAPL,C,BRK.B,MDLZ,JNJ",20,479,177075.79714861512,8.697043085703626e-12
B3_short_term_reversal,2023-07-21,2023-07-24,on,1.0,"TSLA,F,ISRG,META,AMT,AMAT,GOOGL,AMD,GOOG,AMZN,NFLX,NVDA,LRCX,LMT,SLB,AXP,DIS,V,ORCL,MA",20,479,216357.2180305943,3.8198777474462986e-11
B3_short_term_reversal,2023-07-28,2023-07-31,on,1.0,"ENPH,RTX,CMG,SPGI,HON,DAL,BMY,NEE,F,MRK,ISRG,AXP,TXN,PFE,DE,NOW,T,ELV,MS,MSFT",20,479,210732.27529340982,-4.547473508864641e-11
B3_short_term_reversal,2023-08-04,2023-08-07,on,1.0,"PYPL,PANW,ENPH,CCL,AAPL,QCOM,TXN,ISRG,ADI,NEE,CRM,TSLA,META,ABT,TMUS,NVDA,NXPI,LRCX,INTC,VZ",20,479,192233.7844121307,-3.728928277269006e-11
B3_short_term_reversal,2023-08-11,2023-08-14,on,1.0,"NVDA,MU,ON,GM,AMD,AVGO,F,QCOM,LRCX,AMAT,NXPI,TSLA,GS,KLAC,ADBE,ENPH,META,CRM,ADI,ANET",20,479,129242.69484877586,-2.944489096989855e-11
B3_short_term_reversal,2023-08-18,2023-08-21,on,1.0,"TSLA,CVS,DE,SCHW,BAC,EL,INTC,META,ISRG,C,GILD,GS,BKNG,FTNT,ADI,NFLX,ON,CAT,QCOM,BA",20,479,162199.14854789525,-1.3869794202037156e-11
B3_short_term_reversal,2023-08-25,2023-08-28,on,1.0,"TGT,NKE,ENPH,OXY,AMD,DIS,WFC,JNJ,FSLR,C,HUM,SCHW,ABBV,EL,BAC,AMGN,TMUS,MS,UNH,COST",20,480,185846.8708885759,9.094947017729282e-12
B3_short_term_reversal,2023-09-01,2023-09-05,on,1.0,"DG,HUM,JNJ,UNH,COR,CVS,DIS,KO,PFE,PEP,ABT,NEE,UNP,MCD,UPS,MRK,JPM,BMY,KVUE,BA",20,480,188581.38757313788,-5.275069270282984e-11
B3_short_term_reversal,2023-09-08,2023-09-11,on,1.0,"DG,NVDA,KVUE,QCOM,AVGO,TMO,DHR,BA,LMT,AAPL,UPS,MRNA,LRCX,ISRG,VZ,EL,UNP,TSLA,CMCSA,NKE",20,480,174130.89357616007,7.457856554538012e-11
B3_short_term_reversal,2023-09-15,2023-09-18,on,1.0,"NFLX,ORCL,RTX,DG,KLAC,ETN,DXCM,LRCX,AMAT,ADBE,ON,LOW,CRM,AMD,ACN,NVDA,PANW,NOW,BMY,USB",20,480,195676.7787952423,1.2732925824820995e-11
B3_short_term_reversal,2023-09-22,2023-09-25,on,1.0,"TSLA,PYPL,INTC,DXCM,TGT,AMZN,DE,ABNB,DG,AXP,DVN,MS,NKE,RTX,INTU,SCHW,NVDA,AMD,GOOGL,GOOG",20,480,166155.95923285186,1.6370904631912708e-11
B3_short_term_reversal,2023-09-29,2023-10-02,on,1.0,"NEE,IBM,OKE,PG,BX,PEP,MCD,MRK,BA,JNJ,ORCL,ACN,KO,BRK.B,UNP,HON,VZ,ELV,SBUX,AXP",20,480,212198.85110973567,0.0
B3_short_term_reversal,2023-10-06,2023-10-09,on,1.0,"NEE,DXCM,VLO,XOM,MDLZ,DVN,ABNB,SCHW,MCD,PEP,MPC,OXY,KO,TGT,BAC,SLB,LOW,CVX,COP,GS",20,479,178448.88540249318,-3.8198777474462986e-11
B3_short_term_reversal,2023-10-13,2023-10-16,on,1.0,"DXCM,ISRG,NFLX,FDX,ABT,MDT,BSX,TSLA,PYPL,DHR,BKNG,MS,TMO,PFE,ACN,MDLZ,TXN,IBM,AMD,QCOM",20,479,202588.79058825225,1.8189894035458565e-12
B3_short_term_reversal,2023-10-20,2023-10-23,on,1.0,"ENPH,TSLA,NVDA,LRCX,BKNG,CAT,AXP,PANW,ABNB,MS,ORCL,AAL,AMAT,INTU,NEE,PFE,PYPL,C,LLY,TMO",20,480,157724.92047104985,-6.821210263296962e-11
B3_short_term_reversal,2023-10-27,2023-10-30,off,0.0,,0,0,107673.61908196658,107565.9454628725
B3_short_term_reversal,2023-11-03,2023-11-06,on,1.0,"ON,HUM,ENPH,NOC,NEM,MRK,CAT,UNH,OXY,LLY,COP,ABBV,ELV,PG,PANW,XOM,WMT,LMT,CVX,GE",20,480,107458.48697587848,-2.3646862246096134e-11
B3_short_term_reversal,2023-11-10,2023-11-13,on,1.0,"NEM,GM,NEE,GILD,F,CI,PFE,BMY,XOM,ABNB,CVS,ENPH,DXCM,COP,OXY,CVX,CMCSA,JNJ,ANET,BAC",20,480,151093.23763899505,-1.4409806681214832e-11
B3_short_term_reversal,2023-11-17,2023-11-20,on,1.0,"CSCO,WMT,VRTX,CI,TJX,RTX,PANW,AMAT,UNH,LLY,COP,PG,ABBV,NKE,PEP,LMT,OXY,COST,AMGN,TMUS",20,481,187962.74647084624,-2.7284841053187847e-11
B3_short_term_reversal,2023-11-24,2023-11-27,on,1.0,"SBUX,NVDA,AMAT,DE,BMY,PYPL,LOW,AMGN,MS,PG,QCOM,BKNG,GOOG,CAT,NXPI,RTX,ON,OXY,GOOGL,MRK",20,481,167183.98332741112,-1.4551915228366852e-11
B3_short_term_reversal,2023-12-01,2023-12-04,on,1.0,"CI,PFE,AVGO,HUM,META,DIS,GOOG,GOOGL,SBUX,NFLX,LLY,OXY,NVDA,FTNT,BRK.B,XOM,MU,KLAC,ADBE,WMT",20,481,169983.46830851585,3.2741809263825417e-11
B3_short_term_reversal,2023-12-08,2023-12-11,on,1.0,"NEM,PG,OXY,CRM,CI,XOM,AXP,ORCL,HUM,COP,DHR,KLAC,LRCX,SBUX,NFLX,AMAT,LIN,JNJ,INTC,BDX",20,481,148514.25989251584,-9.663381206337363e-12
B3_short_term_reversal,2023-12-15,2023-12-18,on,1.0,"ORCL,PFE,LLY,HUM,ADBE,UNH,T,VZ,GOOG,ELV,GOOGL,LMT,RTX,MSFT,CVS,PG,TMUS,NOW,KO,SBUX",20,481,188571.18161588162,-1.6370904631912708e-11
B3_short_term_reversal,2023-12-22,2023-12-26,on,1.0,"FDX,NKE,SNPS,ABNB,SCHW,PANW,UPS,NEE,DIS,WFC,UNH,BLK,AAPL,ADI,HUM,HD,SBUX,BA,PLD,VRTX",20,482,200340.60412768275,2.7284841053187847e-11
B3_short_term_reversal,2023-12-29,2024-01-02,on,1.0,"NKE,SNPS,ABNB,CCL,TSLA,DIS,XOM,CRM,PANW,ENPH,AMZN,F,OXY,AAPL,PYPL,CVX,AVGO,NFLX,GM,HD",20,482,152552.58196537942,3.637978807091713e-12
B3_short_term_reversal,2024-01-05,2024-01-08,on,1.0,"ENPH,UBER,AMAT,BX,LRCX,CCL,INTC,AMD,ADI,AVGO,AAPL,SNPS,QCOM,INTU,TSLA,NKE,CRM,AMZN,ADBE,PYPL",20,482,115360.15634250641,-3.001332515850663e-11
B3_short_term_reversal,2024-01-12,2024-01-16,on,1.0,"BA,TSLA,CVS,WFC,BAC,MRNA,ENPH,HUM,COP,T,MS,AXP,SLB,BMY,F,C,SCHW,UNH,ON,CI",20,482,208257.19303891063,-2.1827872842550278e-11
B3_short_term_reversal,2024-01-19,2024-01-22,on,1.0,"HUM,ENPH,UNH,MRNA,TSLA,CVS,AAL,MS,NEE,F,NKE,ELV,BA,COP,BAC,SCHW,CVX,DE,NFLX,WFC",20,482,81434.05097029358,-7.105427357601002e-12
B3_short_term_reversal,2024-01-26,2024-01-29,on,1.0,"TSLA,HUM,INTC,GILD,CCL,PYPL,TXN,BA,LOW,ON,MCD,BKNG,ABT,KLAC,HD,TMUS,PFE,JNJ,LULU,COST",20,482,198302.20549291372,-7.457856554538012e-11
B3_short_term_reversal,2024-02-02,2024-02-05,on,1.0,"UPS,SLB,GOOG,GOOGL,QCOM,AAL,CSCO,FDX,AAPL,LULU,GILD,HON,CMCSA,INTC,OXY,TXN,ABNB,BMY,NKE,PFE",20,482,173361.39152758569,2.8194335754960775e-11
B3_short_term_reversal,2024-02-09,2024-02-12,on,1.0,"AMGN,CHTR,CMCSA,VZ,PYPL,T,GILD,SPGI,SLB,AMD,C,NEE,MCD,HUM,WFC,PEP,KO,RTX,MS,META",20,482,198980.61172425747,1.0913936421275139e-11
B3_short_term_reversal,2024-02-16,2024-02-20,on,1.0,"ADBE,ANET,MU,NOW,GOOGL,GOOG,DE,ORCL,LULU,SBUX,SNPS,MSFT,ADI,AAPL,CSCO,SPGI,AVGO,GILD,AMZN,PANW",20,482,209497.2662351057,9.038103598868474e-12
B3_short_term_reversal,2024-02-23,2024-02-26,on,1.0,"PANW,ENPH,BKNG,ADBE,ON,TSLA,DIS,UBER,ABNB,F,INTC,BA,T,NFLX,RTX,NOW,PYPL,NEE,ORCL,AAPL",20,482,180492.2348229587,-3.092281986027956e-11
B3_short_term_reversal,2024-03-01,2024-03-04,on,1.0,"UNH,GOOG,GOOGL,CVS,PFE,CI,NKE,AMGN,HUM,KO,SBUX,BRK.B,MDT,PEP,CHTR,MRK,SPGI,NEE,MCD,GILD",20,482,230713.2564479336,5.4569682106375694e-12
B3_short_term_reversal,2024-03-08,2024-03-11,on,1.0,"ALB,TSLA,PANW,AVGO,ANET,AAPL,ZTS,CRM,GM,SNPS,ADBE,CHTR,COST,UBER,MRK,ON,NKE,TJX,KLAC,LLY",20,483,206715.03260207176,5.4569682106375694e-12
B3_short_term_reversal,2024-03-15,2024-03-18,on,1.0,"ADBE,BA,AMD,TSLA,NXPI,AVGO,ZTS,LRCX,MCD,ABT,MU,META,INTU,SNPS,CRM,AMAT,UBER,TGT,INTC,UNP",20,483,159680.2363243997,-2.4783730623312294e-11
B3_short_term_reversal,2024-03-22,2024-03-25,on,1.0,"LULU,ACN,SMCI,AMD,EQIX,NKE,ABT,ZTS,PFE,JNJ,SPGI,ADI,BMY,TMUS,WFC,CVX,ISRG,T,NEM,AAPL",20,483,211084.0700700581,1.5717205315013416e-11
B3_short_term_reversal,2024-03-28,2024-04-01,on,1.0,"LULU,NKE,SNPS,ANET,META,UPS,UBER,V,HD,ORCL,NFLX,LOW,CRM,AMAT,WMT,KLAC,MSFT,ABNB,AVGO,MMM",20,484,226206.88929909468,-6.002665031701326e-11
B3_short_term_reversal,2024-04-05,2024-04-08,on,1.0,"ULTA,INTC,HUM,LULU,UNH,CCL,HD,ABBV,CVS,TSLA,SMCI,LOW,FDX,AMD,NKE,MCD,PANW,BA,AMGN,SBUX",20,482,201238.48169706017,5.093170329928398e-11
B3_short_term_reversal,2024-04-12,2024-04-15,on,1.0,"ZTS,ANET,CVS,INTC,DECK,JPM,BA,MS,BMY,LULU,VLO,SMCI,F,CCL,ACN,T,MPC,GS,UPS,HD",20,482,160572.52713852376,2.1827872842550278e-11
B3_short_term_reversal,2024-04-19,2024-04-22,on,1.0,"SMCI,TSLA,NVDA,MU,NFLX,AVGO,AMD,ANET,LRCX,AMAT,SNPS,CRM,UBER,QCOM,KLAC,NOW,AAPL,AMZN,META,MSFT",20,482,216068.05795729905,-8.003553375601768e-11
B3_short_term_reversal,2024-04-26,2024-04-29,on,1.0,"BMY,IBM,META,HUM,INTC,CMCSA,ABBV,CVS,CAT,PGR,ACN,PFE,VZ,XOM,BA,JNJ,UNH,CSCO,BRK.B,WFC",20,482,240012.49940840155,1.6370904631912708e-11
B3_short_term_reversal,2024-05-03,2024-05-06,on,1.0,"SBUX,CVS,SMCI,COP,AVGO,NEM,LIN,AMD,MA,CVX,INTC,F,MRK,GOOGL,GOOG,LULU,NOC,UAL,V,GM",20,482,228217.93211931735,-6.002665031701326e-11
B3_short_term_reversal,2024-05-10,2024-05-13,on,1.0,"ABNB,TSLA,DIS,PYPL,UBER,INTC,F,ABBV,NKE,ABT,ADBE,BA,LULU,GE,AMGN,TMUS,CVS,AAPL,COP,SCHW",20,485,191166.9777115956,-5.093170329928398e-11
B3_short_term_reversal,2024-05-17,2024-05-20,on,1.0,"LULU,PGR,GEV,CI,DE,BKNG,DIS,GE,BMY,UBER,AMZN,RTX,WFC,MCD,CVX,META,ACN,CEG,VZ,CMG",20,485,205561.75874676555,-5.275069270282984e-11
B3_short_term_reversal,2024-05-24,2024-05-28,on,1.0,"LULU,TGT,SCHW,INTU,BMY,BA,ABBV,DE,HD,KVUE,MCD,XOM,FCX,CRM,MMM,PYPL,JNJ,ANET,AON,CVS",20,485,204478.0058035329,-7.457856554538012e-11
B3_short_term_reversal,2024-05-31,2024-06-03,on,1.0,"CRM,NOW,MRNA,INTU,ADBE,ACN,SMCI,ORCL,PANW,AVGO,MRK,UNH,PEP,CAT,TMO,MSFT,LRCX,AMZN,IBM,JNJ",20,485,217057.545713827,-4.3655745685100555e-11
B3_short_term_reversal,2024-06-07,2024-06-10,on,1.0,"VST,CEG,GEV,FCX,TGT,ETN,NEE,MCHP,SHW,COP,XOM,CVX,AXP,CAT,CMCSA,WFC,HD,DIS,LOW,UNP",20,485,244127.61636945605,5.093170329928398e-11
B3_short_term_reversal,2024-06-14,2024-06-17,on,1.0,"PYPL,MNST,MRNA,BA,AMD,PEP,CRM,C,CMCSA,GE,LULU,PFE,ABT,MDT,RTX,AXP,TGT,NKE,XOM,DHR",20,485,205442.29249472916,-4.928324415232055e-11
B3_short_term_reversal,2024-06-21,2024-06-24,on,1.0,"FSLR,MRNA,AAPL,UNH,ETN,MU,QCOM,NVDA,BA,VRTX,META,CMG,KLAC,PYPL,VST,TMO,MCHP,ADI,AVGO,UBER",20,485,222302.27305897325,-5.820766091346741e-11
B3_short_term_reversal,2024-06-28,2024-07-01,on,1.0,"NKE,FSLR,SMCI,CEG,QCOM,MU,MRK,RTX,V,PYPL,LULU,CVS,LOW,KKR,HD,GE,MA,GILD,DIS,AVGO",20,486,194191.6951995045,-2.1827872842550278e-11
B3_short_term_reversal,2024-07-05,2024-07-08,on,1.0,"NKE,FSLR,SMCI,DHR,DIS,DE,SBUX,LULU,APD,GILD,BMY,CVS,MCD,LOW,MRK,NEE,HD,BKNG,TMO,MNST",20,486,130412.23990948498,-2.3646862246096134e-11
B3_short_term_reversal,2024-07-12,2024-07-15,on,1.0,"CMG,META,NFLX,NOW,WFC,COST,CRWD,INTU,ABNB,CRM,ADBE,MSFT,GOOGL,AMZN,GOOG,NKE,LULU,MA,V,LRCX",20,486,236746.79236157984,-5.4569682106375694e-12
B3_short_term_reversal,2024-07-19,2024-07-22,on,1.0,"CRWD,SCHW,AMD,VST,MU,LRCX,AMAT,CEG,SMCI,KLAC,LLY,NVDA,ANET,QCOM,AVGO,FSLR,CMG,UBER,ELV,AMZN",20,486,207485.77429959923,7.457856554538012e-11
B3_short_term_reversal,2024-07-26,2024-07-29,on,1.0,"F,CRWD,UPS,SMCI,LULU,GM,TSLA,AMD,CDNS,CEG,VST,CMG,BKNG,SBUX,LLY,DIS,GOOGL,GOOG,NXPI,HON",20,487,161367.84603632241,-9.947598300641403e-12
B3_short_term_reversal,2024-08-02,2024-08-05,on,1.0,"INTC,MU,CRWD,LRCX,MCHP,SMCI,AMAT,WFC,KLAC,QCOM,F,BKNG,C,BAC,BA,DE,ABNB,CAT,UBER,ADI",20,487,179722.63588169217,5.4569682106375694e-12
B3_short_term_reversal,2024-08-09,2024-08-12,on,1.0,"SMCI,ABNB,INTC,PFE,UNH,BMY,DIS,TSLA,DXCM,AMGN,PEP,MCD,TMO,DHR,HON,CSCO,CVX,V,NVDA,ABT",20,487,201080.04545396566,5.093170329928398e-11
B3_short_term_reversal,2024-08-16,2024-08-19,on,1.0,"CMG,PG,PFE,T,MRK,JNJ,GOOGL,GOOG,VZ,PEP,XOM,CEG,AMGN,DHR,HON,KO,PANW,ABNB,TMUS,IBM",20,487,173405.59497506171,-4.18367562815547e-11
B3_short_term_reversal,2024-08-23,2024-08-26,on,1.0,"INTU,MU,BA,LRCX,BMY,CDNS,SMCI,AMAT,SNPS,INTC,XOM,SBUX,DXCM,NXPI,OXY,MA,MSFT,KLAC,AXP,UPS",20,487,234701.1046571806,-3.728928277269006e-11
B3_short_term_reversal,2024-08-30,2024-09-03,on,1.0,"SMCI,NVDA,ULTA,MU,CRM,AMD,SNPS,LULU,LRCX,TGT,TSLA,AMAT,AVGO,TJX,CDNS,PEP,UBER,GOOG,GOOGL,HD",20,487,172232.9542446658,-1.2732925824820995e-11
B3_short_term_reversal,2024-09-06,2024-09-09,on,1.0,"SMCI,AVGO,NVDA,KLAC,SNPS,MU,AMAT,CRWD,MCK,OXY,NXPI,BA,LRCX,AMD,COP,GE,ADI,GOOG,GOOGL,TXN",20,487,118800.86073894799,-1.2732925824820995e-11
B3_short_term_reversal,2024-09-13,2024-09-16,on,1.0,"ADBE,JPM,BRK.B,C,COP,WFC,NKE,GM,MRK,OXY,XOM,SCHW,PG,BA,UNH,BAC,UPS,UNP,CMCSA,PM",20,487,204812.1296696514,-2.000888343900442e-11
B3_short_term_reversal,2024-09-20,2024-09-23,on,1.0,"PM,ACN,PEP,UNH,ADBE,NVDA,SBUX,NEE,BA,MCK,PANW,WMT,TMUS,INTU,TJX,LULU,UNP,COST,V,JNJ",20,487,184185.37015488,3.637978807091713e-12
B3_short_term_reversal,2024-09-27,2024-09-30,on,1.0,"REGN,SMCI,NOW,GM,LLY,COP,CRWD,AMGN,INTU,MCK,V,PGR,MRK,COST,BAC,AMZN,JNJ,MSFT,ISRG,ADBE",20,488,171482.19783124328,-2.3646862246096134e-11
B3_short_term_reversal,2024-10-04,2024-10-07,on,1.0,"HUM,NKE,INTC,MU,NXPI,TSLA,MRK,TXN,REGN,MSFT,PG,TMO,FDX,LIN,KO,UNP,DHR,UBER,SMCI,PFE",20,487,195059.51070591807,-1.2732925824820995e-11
B3_short_term_reversal,2024-10-11,2024-10-14,on,1.0,"TSLA,VST,CEG,COP,BMY,BA,GOOG,NEE,ADBE,GOOGL,OXY,AMD,SLB,T,VZ,DIS,SBUX,WMT,FCX,META",20,487,237701.17208902538,-4.547473508864641e-11
B3_short_term_reversal,2024-10-18,2024-10-21,on,1.0,"KLAC,ELV,LRCX,CVS,AMAT,UBER,AMD,SLB,OXY,FANG,UNH,C,COP,ANET,FCX,INTC,TXN,CRWD,XOM,REGN",20,487,189104.6068493724,5.4569682106375694e-12
B3_short_term_reversal,2024-10-25,2024-10-28,on,1.0,"DHR,LMT,TMO,MCD,IBM,GE,HON,VZ,REGN,VST,CVS,KO,NKE,LOW,MRK,ABT,ACN,HD,AVGO,BSX",20,487,221495.20996352285,6.366462912410498e-11
B3_short_term_reversal,2024-11-01,2024-11-04,on,1.0,"SMCI,MPWR,REGN,AMD,LLY,MU,TSLA,PLTR,UBER,PYPL,NEE,NVDA,ACN,MSFT,GE,XOM,LRCX,AAPL,VST,PEP",20,487,193196.06513231993,-7.003109203651547e-11
B3_short_term_reversal,2024-11-08,2024-11-11,on,1.0,"CEG,SMCI,FSLR,PFE,PM,JNJ,NKE,VZ,ABBV,BA,REGN,ABT,KO,UBER,ABNB,SBUX,TMO,DHR,NEE,CVS",20,488,209167.80663081259,-2.3646862246096134e-11
B3_short_term_reversal,2024-11-15,2024-11-18,on,1.0,"MPWR,SMCI,ABBV,MU,AMGN,AMAT,KLAC,LRCX,AVGO,LLY,NEM,AMD,TXN,REGN,GILD,BA,PFE,INTC,TMO,ANET",20,488,175590.3289963007,1.6370904631912708e-11
B3_short_term_reversal,2024-11-22,2024-11-25,on,1.0,"TGT,INTU,GOOGL,GOOG,AMZN,REGN,UBER,QCOM,FSLR,PLTR,LOW,TXN,PANW,MCD,COP,AVGO,UNH,MA,NVDA,TMO",20,488,214636.34389666468,1.8189894035458565e-12
B3_short_term_reversal,2024-11-29,2024-12-02,on,1.0,"DELL,NVDA,INTU,MU,VST,ORCL,XOM,CRWD,COP,MS,PANW,AMGN,LMT,CRM,GEV,INTC,ISRG,NFLX,AVGO,MPWR",20,489,201131.21271391213,-4.18367562815547e-11
B3_short_term_reversal,2024-12-06,2024-12-09,on,1.0,"TPL,INTC,UNH,UBER,CVS,ELV,COP,DE,VZ,NEE,CVX,DHR,TXN,XOM,GM,ABBV,JNJ,AMGN,GE,DELL",20,489,205304.40276070684,1.233502189279534e-11
B3_short_term_reversal,2024-12-13,2024-12-16,on,1.0,"SMCI,ADBE,CVS,TPL,ORCL,VST,UBER,AMD,CMCSA,REGN,NVDA,GE,SHW,WFC,UNH,TMUS,LLY,GEV,ETN,LOW",20,489,197085.21273391694,-3.092281986027956e-11
B3_short_term_reversal,2024-12-20,2024-12-23,on,1.0,"VRTX,SMCI,MU,CVS,SBUX,BX,CVX,AMD,LRCX,HD,COP,META,VZ,TPL,ETN,TMUS,PANW,PGR,XOM,PYPL",20,489,177601.97917090356,-5.638867150992155e-11
B3_short_term_reversal,2024-12-27,2024-12-30,on,1.0,"ACN,WMT,PANW,COST,MSFT,TSLA,NKE,AXON,IBM,SNPS,WDAY,VZ,KO,PYPL,ORCL,DIS,MRK,PG,AMZN,INTU",20,489,213867.62091253698,0.0
B3_short_term_reversal,2025-01-03,2025-01-06,on,1.0,"TSLA,WDAY,AAPL,BA,AVGO,NKE,NFLX,ADBE,COST,BKNG,AXON,TJX,MSFT,BLK,ORCL,APO,PG,PANW,AJG,MA",20,489,139255.87135057896,1.645616976020392e-11
B3_short_term_reversal,2025-01-10,2025-01-13,on,1.0,"PLTR,ADBE,ORCL,APO,BLK,NEE,NFLX,MDLZ,INTC,BX,PEP,PG,AXON,VZ,PANW,CRM,AMD,T,BKNG,TMUS",20,489,133940.05704815686,9.094947017729282e-12
B3_short_term_reversal,2025-01-17,2025-01-21,on,1.0,"LLY,TGT,LULU,SMCI,DELL,INTU,AAPL,REGN,UNH,PFE,DIS,MRK,WMT,ABBV,BA,NKE,META,MCD,WDAY,CMCSA",20,489,253854.70495980233,-6.548361852765083e-11
B3_short_term_reversal,2025-01-24,2025-01-27,on,1.0,"MRK,COP,REGN,AAPL,XOM,CVX,AJG,BKNG,ABBV,TSLA,INTU,UAL,TXN,JNJ,KO,HON,BAC,UBER,ISRG,BRK.B",20,489,194391.5756635964,2.000888343900442e-11
B3_short_term_reversal,2025-01-31,2025-02-03,on,1.0,"NVDA,SMCI,UPS,CEG,VST,MU,ETN,GEV,ANET,CMCSA,AVGO,NOW,DHR,DELL,CAT,ORCL,LMT,INTC,MSFT,AMD",20,489,256210.1184795946,2.7284841053187847e-11
B3_short_term_reversal,2025-02-07,2025-02-10,on,1.0,"PYPL,MRK,NKE,TSLA,GOOGL,GOOG,F,HON,BLK,AMD,DHR,TGT,CRM,NEE,TMO,ETN,PEP,LMT,INTU,AMZN",20,489,220343.37956681848,1.6370904631912708e-11
B3_short_term_reversal,2025-02-14,2025-02-18,on,1.0,"ANET,TMO,AMAT,KKR,MRK,LMT,UAL,LLY,SCHW,PG,CAT,GEV,VRTX,NOW,BLK,TGT,AXP,TSLA,HON,COP",20,489,176989.99017572403,-2.000888343900442e-11
B3_short_term_reversal,2025-02-21,2025-02-24,on,1.0,"PLTR,UNH,GEV,ANET,CRWD,RCL,WMT,VST,CEG,AVGO,HD,ACN,AMAT,META,CRM,AMZN,PANW,NOW,TSLA,BA",20,489,202602.8503637612,1.2732925824820995e-11
B3_short_term_reversal,2025-02-28,2025-03-03,on,1.0,"SMCI,PLTR,TSLA,DELL,CEG,VST,LRCX,AMD,NXPI,AVGO,AMAT,NVDA,KLAC,ANET,MU,GOOGL,PYPL,GOOG,QCOM,ABNB",20,489,172205.47891032696,1.3869794202037156e-11
B3_short_term_reversal,2025-03-07,2025-03-10,on,1.0,"CEG,KKR,VST,CRWD,GEV,COF,INTC,C,BA,UAL,DELL,ANET,MS,TSLA,GS,NVDA,BAC,ISRG,WFC,AXP",20,489,172182.7181173265,-3.183231456205249e-11
B3_short_term_reversal,2025-03-14,2025-03-17,off,0.0,,0,0,123482.61156889796,123359.12895734473
B3_short_term_reversal,2025-03-21,2025-03-24,off,0.0,,0,0,0.0,123359.12895734473
B3_short_term_reversal,2025-03-28,2025-03-31,off,0.0,,0,0,0.0,123359.12895734473
B3_short_term_reversal,2025-04-04,2025-04-07,off,0.0,,0,0,0.0,123359.12895734473
B3_short_term_reversal,2025-04-11,2025-04-14,off,0.0,,0,0,0.0,123359.12895734473
B3_short_term_reversal,2025-04-17,2025-04-21,off,0.0,,0,0,0.0,123359.12895734473
B3_short_term_reversal,2025-04-25,2025-04-28,off,0.0,,0,0,0.0,123359.12895734473
B3_short_term_reversal,2025-05-02,2025-05-05,off,0.0,,0,0,0.0,123359.12895734473
B3_short_term_reversal,2025-05-09,2025-05-12,off,0.0,,0,0,0.0,123359.12895734473
B3_short_term_reversal,2025-05-16,2025-05-19,on,1.0,"UNH,NEM,CVS,JNJ,TMUS,T,ELV,ABBV,BRK.B,MRK,PM,PGR,BMY,VZ,INTC,LIN,ABT,PEP,WMT,MCD",20,489,123235.89306414127,1.8189894035458565e-12
B3_short_term_reversal,2025-05-23,2025-05-27,on,1.0,"SMCI,FSLR,NEE,ABNB,AAPL,INTC,ADI,COP,TXN,CRM,DHR,COF,AMD,LLY,TJX,ANET,NKE,AXP,PLTR,XOM",20,490,232778.20071054995,-7.821654435247183e-11
B3_short_term_reversal,2025-05-30,2025-06-02,on,1.0,"REGN,COIN,ANET,CRM,INTC,UBER,SMCI,AMAT,LRCX,TJX,QCOM,KLAC,MRK,NKE,TGT,COP,XOM,F,CSCO,NOW",20,490,148171.96548484266,2.7284841053187847e-11
B3_short_term_reversal,2025-06-06,2025-06-09,on,1.0,"LULU,TSLA,PG,PLTR,BSX,COST,CEG,BRK.B,PGR,MCD,WMT,F,KO,MCK,CRWD,PFE,TMO,JNJ,ABT,PEP",20,490,241413.6781295389,-7.09405867382884e-11
B3_short_term_reversal,2025-06-13,2025-06-16,on,1.0,"LULU,ISRG,GE,TMUS,ADBE,CRM,BKNG,WFC,ANET,BA,AXP,MA,V,PGR,NOW,DELL,AAPL,ABNB,NKE,TJX",20,490,232159.42666260898,-3.637978807091713e-12
B3_short_term_reversal,2025-06-20,2025-06-23,on,1.0,"FSLR,ACN,ANET,MA,ADBE,V,LULU,LLY,GOOG,MCD,GOOGL,ABNB,SNPS,NKE,QCOM,UNH,JNJ,DHR,TMO,KO",20,490,166596.67868250608,2.6147972675971687e-11
B3_short_term_reversal,2025-06-27,2025-06-30,on,1.0,"PLTR,COP,XOM,AMGN,CVX,LMT,NEM,ABBV,RTX,SBUX,NEE,PM,AAPL,MRK,BRK.B,CME,TSLA,MDT,PG,COST",20,490,265201.8307027966,-1.3278622645884752e-10
B3_short_term_reversal,2025-07-03,2025-07-07,on,1.0,"PLTR,COIN,AMD,CEG,TSLA,MU,LLY,GE,ADBE,SMCI,META,NFLX,DASH,PANW,BSX,PM,INTC,BRK.B,IBM,PGR",20,490,218113.91601361334,-4.445155354915187e-11
B3_short_term_reversal,2025-07-11,2025-07-14,on,1.0,"FSLR,DDOG,NOW,ACN,PANW,CRWD,PYPL,PGR,ISRG,TMUS,CRM,NKE,LULU,BAC,CCL,ADBE,INTU,WMT,NFLX,T",20,491,220686.28873047233,-5.638867150992155e-11
B3_short_term_reversal,2025-07-18,2025-07-21,on,1.0,"ELV,MU,DHR,UNH,XOM,ABT,F,UBER,TMO,PFE,MRK,AMAT,AXP,CVX,HD,NFLX,LULU,LLY,WFC,TXN",20,492,250229.36534292996,-2.7284841053187847e-11
B3_short_term_reversal,2025-07-25,2025-07-28,on,1.0,"TXN,CMG,INTC,PM,LMT,IBM,COIN,ADI,NEE,HON,ISRG,TSLA,LRCX,KLAC,MU,AMAT,COF,NFLX,CRWD,COST",20,493,228289.80392237008,-4.2518877307884395e-11
B3_short_term_reversal,2025-08-01,2025-08-04,on,1.0,"COIN,UNH,PANW,CHTR,PYPL,RCL,FCX,ACN,DDOG,CMG,XYZ,SBUX,WFC,AMZN,CRM,INTC,QCOM,MRK,LLY,ADBE",20,493,233448.78418938816,-1.8189894035458565e-11
B3_short_term_reversal,2025-08-08,2025-08-11,on,1.0,"TTD,SMCI,VRTX,LLY,WBD,ACN,CRWD,NOW,ETN,CRM,DIS,INTU,DDOG,PANW,CHTR,VST,CAT,ISRG,XOM,CMG",20,494,177951.16497972608,1.8189894035458565e-12
B3_short_term_reversal,2025-08-15,2025-08-18,on,1.0,"AMAT,CSCO,PLTR,KLAC,DASH,INTU,GEV,CEG,TTD,WMT,ETN,DDOG,GE,VST,PM,LRCX,CAT,ABT,ANET,NVDA",20,494,193355.68195708096,-9.094947017729282e-13
B3_short_term_reversal,2025-08-22,2025-08-25,on,1.0,"PLTR,INTU,AMD,ORCL,CSX,AVGO,META,TGT,CEG,VST,SMCI,WMT,GILD,ANET,NFLX,MU,SBUX,GEV,MSFT,BA",20,494,177934.5686325431,-3.0382807381101884e-11
B3_short_term_reversal,2025-08-29,2025-09-02,on,1.0,"DELL,CSX,SMCI,NEE,COIN,ORCL,PFE,CAT,MRK,DE,CMG,TGT,UBER,AMD,PM,LOW,NVDA,META,BKNG,SHW",20,495,184807.42557409406,-2.4556356947869062e-11
B3_short_term_reversal,2025-09-05,2025-09-08,on,1.0,"LULU,AMD,GEV,SMCI,TXN,NVDA,DELL,TTD,CRWD,SCHW,UBER,NKE,VST,TGT,DE,WFC,CSCO,XOM,CVX,DDOG",20,495,172106.2809740454,9.094947017729282e-12
B3_short_term_reversal,2025-09-12,2025-09-15,on,1.0,"SNPS,TTD,ACN,BA,CMG,LULU,NFLX,TMUS,BSX,SBUX,PFE,INTU,ISRG,TGT,WDAY,SHW,CRM,MCD,TXN,TMO",20,495,216984.8993064165,-1.9099388737231493e-11
B3_short_term_reversal,2025-09-19,2025-09-22,on,1.0,"BSX,CMCSA,AVGO,UNH,NKE,LOW,ISRG,TGT,PM,DIS,T,TXN,COST,HD,TTD,TMUS,PEP,PG,WMT,VZ",20,495,190043.2737058252,5.4569682106375694e-12
B3_short_term_reversal,2025-09-26,2025-09-29,on,1.0,"FCX,COIN,ORCL,AMZN,ANET,META,CRWD,DHR,SPGI,COST,LLY,MRK,MU,MA,GOOGL,TMO,GOOG,GEV,AVGO,PANW",20,495,242294.75266708434,1.6370904631912708e-11
B3_short_term_reversal,2025-10-03,2025-10-06,on,1.0,"PM,C,WFC,NFLX,META,T,WDAY,CVX,SNPS,ADBE,HD,XOM,AXP,TMUS,BAC,WBD,INTU,PLTR,NOW,VST",20,495,271164.75870633125,-4.18367562815547e-11
B3_short_term_reversal,2025-10-10,2025-10-13,on,1.0,"APP,STX,WDC,KLAC,WBD,F,LRCX,PFE,NKE,QCOM,VZ,HOOD,SNPS,COIN,DHR,INTU,ISRG,AAPL,HD,UNP",20,495,224497.13227319717,-2.2737367544323206e-11
B3_short_term_reversal,2025-10-17,2025-10-20,on,1.0,"ANET,HOOD,PGR,COIN,LLY,PYPL,SPGI,ABT,BKNG,CRWD,GS,NFLX,AMZN,PM,MRK,SMCI,ADBE,UBER,DASH,JPM",20,495,258125.6964467764,2.000888343900442e-11
B3_short_term_reversal,2025-10-24,2025-10-27,on,1.0,"NFLX,NEM,SMCI,TMUS,T,VZ,TXN,PGR,ORCL,GEV,BLK,ADI,GILD,JNJ,WMT,PEP,HD,ABT,TSLA,LIN",20,495,236437.86049444973,-1.2732925824820995e-11
B3_short_term_reversal,2025-10-31,2025-11-03,on,1.0,"CMG,META,BA,PM,ORCL,NKE,VST,LIN,SBUX,PGR,UNH,F,BLK,WMT,ABBV,MA,ADBE,TXN,PEP,NEE",20,495,188603.06133200228,-1.793409865058493e-11
B3_short_term_reversal,2025-11-07,2025-11-10,on,1.0,"SMCI,DASH,ANET,SNPS,PLTR,HOOD,COIN,DELL,ORCL,AMD,CRM,NVDA,NOW,TSLA,QCOM,AVGO,NKE,UNH,CEG,UBER",20,493,243158.69270025194,4.9965365178650245e-11
B3_short_term_reversal,2025-11-14,2025-11-17,on,1.0,"APP,DELL,VST,SMCI,COIN,STX,LRCX,ORCL,INTC,HOOD,TSLA,ETN,CEG,PYPL,KLAC,DIS,AMZN,APH,JPM,PANW",20,494,180286.79988789558,-7.275957614183426e-12
B3_short_term_reversal,2025-11-21,2025-11-24,on,1.0,"AMD,MU,COIN,DDOG,HOOD,WDC,SMCI,PLTR,PANW,ORCL,ANET,CRWD,UBER,DELL,DASH,STX,BA,MSFT,CRM,APP",20,494,157525.16808936,-1.8189894035458565e-12
B3_short_term_reversal,2025-11-28,2025-12-01,on,1.0,"ORCL,NVDA,XOM,ABBV,INTU,TMUS,PG,CMCSA,DDOG,LIN,CVX,GILD,VZ,PM,NOW,CRWD,DIS,PEP,NFLX,T",20,495,231282.86074322462,-5.4569682106375694e-12
B3_short_term_reversal,2025-12-05,2025-12-08,on,1.0,"REGN,NFLX,PM,LLY,LEN,DDOG,MRK,GE,AMGN,BSX,GILD,NEE,KO,PG,AVGO,TMO,ABT,T,JNJ,ETN",20,496,192691.72723592818,3.092281986027956e-11
B3_short_term_reversal,2025-12-12,2025-12-15,on,1.0,"ORCL,SNDK,HOOD,INTC,AVGO,APH,TMUS,SMCI,UBER,DELL,ISRG,BSX,NFLX,META,NVDA,AMGN,GOOGL,LEN,PANW,GOOG",20,498,204274.59665742517,3.8198777474462986e-11
B3_short_term_reversal,2025-12-19,2025-12-22,on,1.0,"NKE,NOW,LEN,COIN,WBD,UBER,AVGO,CRWD,ETN,UNH,HD,ARES,CAT,COST,PYPL,DE,DELL,IBM,INTC,VZ",20,498,206072.7857669145,0.0
B3_short_term_reversal,2025-12-26,2025-12-29,on,1.0,"NKE,CVNA,PEP,LEN,LULU,MCD,WMT,CMCSA,STX,TSLA,HD,BRK.B,COIN,KO,ADBE,NEE,PG,JNJ,INTC,META",20,498,203729.84782880545,-1.8189894035458565e-12
B3_short_term_reversal,2026-01-02,2026-01-05,on,1.0,"APP,PLTR,TSLA,CVNA,INTU,ADBE,DASH,CRWD,CRM,HOOD,IBM,PANW,ACN,NOW,NEM,GILD,MCD,PYPL,MSFT,NFLX",20,498,218123.1294052601,-4.1040948417503387e-11
B3_short_term_reversal,2026-01-09,2026-01-12,on,1.0,"AMD,GEV,ANET,CEG,AAPL,ABBV,NOW,LULU,CSCO,T,NVDA,DASH,NFLX,PEP,LLY,JNJ,SCHW,ETN,PYPL,AVGO",20,498,220516.06155103445,4.18367562815547e-11
B3_short_term_reversal,2026-01-16,2026-01-20,on,1.0,"INTU,CRM,APP,ADBE,QCOM,NOW,CEG,BSX,ISRG,WFC,TMUS,BKNG,CRH,MA,V,HOOD,BAC,JPM,META,DASH",20,499,235190.72047780454,-1.8189894035458565e-12
B3_short_term_reversal,2026-01-23,2026-01-26,on,1.0,"CEG,APP,ABT,VST,COIN,COF,GE,INTC,AVGO,ORCL,MS,GS,PLTR,PANW,AAPL,JPM,QCOM,MA,C,ISRG",20,499,196032.9034423679,3.3651303965598345e-11
B3_short_term_reversal,2026-01-30,2026-02-02,on,1.0,"UNH,CVNA,PLTR,NOW,INTU,COIN,APP,NEM,AMD,SMCI,MSFT,TMO,BA,SNPS,ORCL,HOOD,CRM,DHR,ACN,SBUX",20,499,222213.94920000434,-1.2732925824820995e-11
B3_short_term_reversal,2026-02-06,2026-02-09,on,1.0,"PYPL,BSX,SPGI,HOOD,COIN,APP,NOW,ORCL,AMZN,AMD,INTU,BKNG,CRWD,PANW,CRM,QCOM,ACN,ADBE,SNPS,META",20,499,137109.19156444073,-1.000444171950221e-11
B3_short_term_reversal,2026-02-13,2026-02-17,on,1.0,"CVNA,IBM,SMCI,SCHW,INTU,C,CSCO,HOOD,AAPL,INTC,WFC,BKNG,BAC,TMO,COF,ACN,SPGI,NFLX,UBER,JPM",20,500,193327.77533246577,-4.18367562815547e-11
B3_short_term_reversal,2026-02-20,2026-02-23,on,1.0,"PANW,WMT,CRWD,ORCL,INTC,STX,INTU,ETN,BA,ACN,PFE,T,AMD,LLY,DHR,CVNA,HD,BKNG,XOM,ANET",20,500,191052.42188368738,0.0
B3_short_term_reversal,2026-02-27,2026-03-02,on,1.0,"AXP,WFC,GS,NVDA,IBM,BX,COF,BAC,SNPS,MS,C,DE,LRCX,CRWD,AVGO,MU,TXN,JPM,APH,ACN",20,500,226924.19788844883,-2.000888343900442e-11
B3_short_term_reversal,2026-03-06,2026-03-09,on,1.0,"GLW,SNDK,CIEN,TER,LRCX,F,STX,FCX,AMAT,WDC,KLAC,ADI,NEM,MU,APH,GEV,TXN,CAT,PG,ETN",20,500,201868.6671922952,-5.911715561524034e-11
B3_short_term_reversal,2026-03-13,2026-03-16,on,1.0,"ADBE,DASH,BA,APP,NOW,INTU,ACN,WFC,TMO,GE,BKNG,SPGI,NEM,SNPS,CVNA,NKE,CEG,FCX,IBM,META",20,500,244322.94030545652,-1.255102688446641e-10
B3_short_term_reversal,2026-03-20,2026-03-23,off,0.0,,0,0,132094.84660364687,131962.75175703136
B3_short_term_reversal,2026-03-27,2026-03-30,off,0.0,,0,0,0.0,131962.75175703136
B3_short_term_reversal,2026-04-02,2026-04-06,off,0.0,,0,0,0.0,131962.75175703136
B3_short_term_reversal,2026-04-10,2026-04-13,on,1.0,"NOW,INTU,PLTR,CRM,ACN,OXY,ADBE,IBM,COP,T,VZ,ORCL,CVX,XOM,CRWD,PFE,PANW,NKE,DVN,TSLA",20,500,131830.92083632946,-5.4569682106375694e-12
B3_short_term_reversal,2026-04-17,2026-04-20,on,1.0,"OXY,VLO,NFLX,COP,WFC,GLW,XOM,NEM,LMT,ABT,SCHW,CVX,KO,LIN,MRK,JNJ,GE,LLY,BRK.B,AMAT",20,500,229250.4215054363,-5.547917680814862e-11
B3_short_term_reversal,2026-04-24,2026-04-27,on,1.0,"FCX,RTX,TMO,ACN,DHR,HON,IBM,COF,NOW,HOOD,GE,BKNG,TSLA,APP,MRK,ABT,BX,AXP,NFLX,LLY",20,500,210542.0029349029,-1.2732925824820995e-11
B3_short_term_reversal,2026-05-01,2026-05-04,on,1.0,"TER,HOOD,KLAC,GLW,NEM,META,BSX,GEV,FCX,AMAT,CVNA,BKNG,ISRG,APH,NVDA,AMGN,COIN,MCD,LRCX,HD",20,500,238337.6739794463,-5.638867150992155e-11
B3_short_term_reversal,2026-05-08,2026-05-11,on,1.0,"ANET,APH,COP,WFC,ABT,ETN,XOM,NFLX,LITE,CVX,BSX,PLTR,MCD,T,BAC,JPM,LIN,SCHW,V,JNJ",20,501,245371.39134208858,-5.093170329928398e-11
B3_short_term_reversal,2026-05-15,2026-05-18,on,1.0,"CVNA,INTC,SMCI,CEG,SNDK,QCOM,BKNG,BA,DELL,AMD,ISRG,ACN,HD,TER,TMO,DHR,MCHP,GE,DIS,CRM",20,501,285543.4920719564,-1.6370904631912708e-11
B3_short_term_reversal,2026-05-22,2026-05-26,on,1.0,"INTU,VRT,WMT,PWR,COIN,NEE,ADI,HOOD,NVDA,UBER,APP,GOOG,GOOGL,AVGO,LITE,AKAM,ETN,COST,XOM,COP",20,502,306169.2437765002,8.185452315956354e-11
B3_short_term_reversal,2026-05-29,2026-06-01,on,1.0,"BSX,AZO,LITE,COST,GEV,XOM,GLW,WMT,CVX,COHR,UBER,NVDA,NFLX,ISRG,SCHW,LIN,INTC,MCK,PEP,NEE",20,502,203698.90509457886,-3.399236447876319e-11
B3_short_term_reversal,2026-06-05,2026-06-08,on,1.0,"COIN,CIEN,F,AVGO,QCOM,INTC,PLTR,HOOD,CEG,MU,INTU,TSLA,HON,SMCI,AMD,NOW,APP,AMZN,T,CRWD",20,501,296451.9363861829,4.547473508864641e-11
B3_short_term_reversal,2026-06-12,2026-06-15,on,1.0,"SMCI,ADBE,ORCL,APP,CRM,NOW,CIEN,INTU,MSFT,PLTR,AAPL,IBM,META,BSX,ABT,AMZN,GILD,UBER,ISRG,SNPS",20,501,215070.50701460242,2.1827872842550278e-11
B3_short_term_reversal,2026-06-18,2026-06-22,on,1.0,"ACN,ADBE,IBM,CRM,NOW,CVX,CME,XOM,LLY,MRK,DDOG,NFLX,AMGN,LITE,F,T,JNJ,SMCI,BSX,CIEN",20,501,200037.7030879408,0.0
B3_short_term_reversal,2026-06-26,2026-06-29,on,1.0,"ON,WDC,ORCL,QCOM,MPWR,STX,MRVL,PLTR,MCHP,TXN,NXPI,AVGO,ADI,ECHO,CME,GOOG,HOOD,VRT,COIN,NVDA",20,502,298950.6343912184,-1.0913936421275139e-11
