block,start_date,end_date,return_pct
B0_momentum_12_1,2015-01-02,2016-01-04,-0.6934084570547339
B0_momentum_12_1,2015-01-05,2016-01-05,0.5424417646048729
B0_momentum_12_1,2015-01-06,2016-01-06,1.7816419814443485
B0_momentum_12_1,2015-01-07,2016-01-07,0.1280275185616908
B0_momentum_12_1,2015-01-08,2016-01-08,-2.170211214358775
B0_momentum_12_1,2015-01-09,2016-01-11,-1.6182080731811266
B0_momentum_12_1,2015-01-12,2016-01-12,-0.29628616139564246
B0_momentum_12_1,2015-01-13,2016-01-13,-0.12676523473235113
B0_momentum_12_1,2015-01-14,2016-01-14,0.22035231142716327
B0_momentum_12_1,2015-01-15,2016-01-15,1.1317836132923143
B0_momentum_12_1,2015-01-16,2016-01-19,-0.2677905032434702
B0_momentum_12_1,2015-01-20,2016-01-20,-1.244947846153055
B0_momentum_12_1,2015-01-21,2016-01-21,-1.8722886214094348
B0_momentum_12_1,2015-01-22,2016-01-22,-3.7897106910189438
B0_momentum_12_1,2015-01-23,2016-01-25,-3.7863437757568175
B0_momentum_12_1,2015-01-26,2016-01-26,-4.086947723657797
B0_momentum_12_1,2015-01-27,2016-01-27,-2.7185820794076276
B0_momentum_12_1,2015-01-28,2016-01-28,-2.591075389677988
B0_momentum_12_1,2015-01-29,2016-01-29,-3.224412976045221
B0_momentum_12_1,2015-01-30,2016-02-01,-0.8212056086952857
B0_momentum_12_1,2015-02-02,2016-02-02,-0.7696144143397365
B0_momentum_12_1,2015-02-03,2016-02-03,-1.3817924056161113
B0_momentum_12_1,2015-02-04,2016-02-04,-2.280381318838065
B0_momentum_12_1,2015-02-05,2016-02-05,-2.7819526825547225
B0_momentum_12_1,2015-02-06,2016-02-08,-2.0492286916746982
B0_momentum_12_1,2015-02-09,2016-02-09,-0.5755457487099047
B0_momentum_12_1,2015-02-10,2016-02-10,-3.1412754853195723
B0_momentum_12_1,2015-02-11,2016-02-11,-3.453377287236059
B0_momentum_12_1,2015-02-12,2016-02-12,-4.284626880348452
B0_momentum_12_1,2015-02-13,2016-02-16,-4.035500892297062
B0_momentum_12_1,2015-02-17,2016-02-17,-4.327846717112893
B0_momentum_12_1,2015-02-18,2016-02-18,-4.801532430988109
B0_momentum_12_1,2015-02-19,2016-02-19,-4.9413453532048734
B0_momentum_12_1,2015-02-20,2016-02-22,-5.438429741812079
B0_momentum_12_1,2015-02-23,2016-02-23,-5.6797654395621455
B0_momentum_12_1,2015-02-24,2016-02-24,-5.825169973000777
B0_momentum_12_1,2015-02-25,2016-02-25,-5.257148722875538
B0_momentum_12_1,2015-02-26,2016-02-26,-5.842202830041899
B0_momentum_12_1,2015-02-27,2016-02-29,-5.986972723725792
B0_momentum_12_1,2015-03-02,2016-03-01,-6.888700180690954
B0_momentum_12_1,2015-03-03,2016-03-02,-6.541649876891864
B0_momentum_12_1,2015-03-04,2016-03-03,-6.045308415885186
B0_momentum_12_1,2015-03-05,2016-03-04,-6.984877174002035
B0_momentum_12_1,2015-03-06,2016-03-07,-5.32510195403434
B0_momentum_12_1,2015-03-09,2016-03-08,-6.25903940337178
B0_momentum_12_1,2015-03-10,2016-03-09,-5.046611211935326
B0_momentum_12_1,2015-03-11,2016-03-10,-4.781112374684926
B0_momentum_12_1,2015-03-12,2016-03-11,-6.24534158463077
B0_momentum_12_1,2015-03-13,2016-03-14,-5.943131550700942
B0_momentum_12_1,2015-03-16,2016-03-15,-7.8662227206085955
B0_momentum_12_1,2015-03-17,2016-03-16,-7.218817779276499
B0_momentum_12_1,2015-03-18,2016-03-17,-8.00141552745437
B0_momentum_12_1,2015-03-19,2016-03-18,-8.717199135321396
B0_momentum_12_1,2015-03-20,2016-03-21,-8.786058251525253
B0_momentum_12_1,2015-03-23,2016-03-22,-8.28591384285624
B0_momentum_12_1,2015-03-24,2016-03-23,-7.813462888130185
B0_momentum_12_1,2015-03-25,2016-03-24,-5.20559649318566
B0_momentum_12_1,2015-03-27,2016-03-28,-6.219354416079748
B0_momentum_12_1,2015-03-30,2016-03-29,-7.269795495325293
B0_momentum_12_1,2015-03-31,2016-03-30,-6.033708446396213
B0_momentum_12_1,2015-04-01,2016-03-31,-4.981163631928265
B0_momentum_12_1,2015-04-02,2016-04-01,-4.003466528287247
B0_momentum_12_1,2015-04-02,2016-04-04,-4.541448738975862
B0_momentum_12_1,2015-04-06,2016-04-05,-5.685864411412844
B0_momentum_12_1,2015-04-07,2016-04-06,-4.586008307532885
B0_momentum_12_1,2015-04-08,2016-04-07,-6.349523087882214
B0_momentum_12_1,2015-04-09,2016-04-08,-6.396660676014054
B0_momentum_12_1,2015-04-10,2016-04-11,-7.442406713405303
B0_momentum_12_1,2015-04-13,2016-04-12,-6.4206232948144315
B0_momentum_12_1,2015-04-14,2016-04-13,-5.781449969427177
B0_momentum_12_1,2015-04-15,2016-04-14,-6.016267799404806
B0_momentum_12_1,2015-04-16,2016-04-15,-5.301105589584354
B0_momentum_12_1,2015-04-17,2016-04-18,-3.4450845167390054
B0_momentum_12_1,2015-04-20,2016-04-19,-5.772297116325142
B0_momentum_12_1,2015-04-21,2016-04-20,-7.283228126897812
B0_momentum_12_1,2015-04-22,2016-04-21,-8.812220604290289
B0_momentum_12_1,2015-04-23,2016-04-22,-9.769893296416631
B0_momentum_12_1,2015-04-24,2016-04-25,-8.998395576643837
B0_momentum_12_1,2015-04-27,2016-04-26,-8.256517978932399
B0_momentum_12_1,2015-04-28,2016-04-27,-7.772584149135875
B0_momentum_12_1,2015-04-29,2016-04-28,-7.360612432787139
B0_momentum_12_1,2015-04-30,2016-04-29,-5.9800499013094255
B0_momentum_12_1,2015-05-01,2016-05-02,-6.618017868735803
B0_momentum_12_1,2015-05-04,2016-05-03,-7.272679625001821
B0_momentum_12_1,2015-05-05,2016-05-04,-5.148834218917065
B0_momentum_12_1,2015-05-06,2016-05-05,-5.442348954859977
B0_momentum_12_1,2015-05-07,2016-05-06,-5.7555795488196555
B0_momentum_12_1,2015-05-08,2016-05-09,-6.0203522022676985
B0_momentum_12_1,2015-05-11,2016-05-10,-5.0935678483123965
B0_momentum_12_1,2015-05-12,2016-05-11,-6.078291414724479
B0_momentum_12_1,2015-05-13,2016-05-12,-4.926600886989785
B0_momentum_12_1,2015-05-14,2016-05-13,-6.582810181357724
B0_momentum_12_1,2015-05-15,2016-05-16,-6.514941272414743
B0_momentum_12_1,2015-05-18,2016-05-17,-9.207607712608002
B0_momentum_12_1,2015-05-19,2016-05-18,-9.895607470807233
B0_momentum_12_1,2015-05-20,2016-05-19,-9.160584886255762
B0_momentum_12_1,2015-05-21,2016-05-20,-9.076685321755685
B0_momentum_12_1,2015-05-22,2016-05-23,-9.08639158066653
B0_momentum_12_1,2015-05-22,2016-05-24,-7.650235966259988
B0_momentum_12_1,2015-05-26,2016-05-25,-6.672665997964444
B0_momentum_12_1,2015-05-27,2016-05-26,-8.25684144746851
B0_momentum_12_1,2015-05-28,2016-05-27,-7.67908222432363
B0_momentum_12_1,2015-06-01,2016-05-31,-9.362476847510981
B0_momentum_12_1,2015-06-02,2016-06-01,-8.681492273099822
B0_momentum_12_1,2015-06-03,2016-06-02,-8.892837004639487
B0_momentum_12_1,2015-06-04,2016-06-03,-8.377326949858055
B0_momentum_12_1,2015-06-05,2016-06-06,-8.992536872921232
B0_momentum_12_1,2015-06-08,2016-06-07,-7.613901302581283
B0_momentum_12_1,2015-06-09,2016-06-08,-7.071314513056537
B0_momentum_12_1,2015-06-10,2016-06-09,-7.611673100047356
B0_momentum_12_1,2015-06-11,2016-06-10,-8.342767336673662
B0_momentum_12_1,2015-06-12,2016-06-13,-8.499389601364992
B0_momentum_12_1,2015-06-15,2016-06-14,-8.32365712305403
B0_momentum_12_1,2015-06-16,2016-06-15,-9.507867678297643
B0_momentum_12_1,2015-06-17,2016-06-16,-9.36158259993718
B0_momentum_12_1,2015-06-18,2016-06-17,-11.106914379817045
B0_momentum_12_1,2015-06-19,2016-06-20,-10.462000863747999
B0_momentum_12_1,2015-06-22,2016-06-21,-10.380274411780421
B0_momentum_12_1,2015-06-23,2016-06-22,-10.81484175134485
B0_momentum_12_1,2015-06-24,2016-06-23,-9.288481371266988
B0_momentum_12_1,2015-06-25,2016-06-24,-12.260932913399447
B0_momentum_12_1,2015-06-26,2016-06-27,-12.469334642417406
B0_momentum_12_1,2015-06-29,2016-06-28,-8.807652397770882
B0_momentum_12_1,2015-06-30,2016-06-29,-8.081247200640107
B0_momentum_12_1,2015-07-01,2016-06-30,-6.553248870191009
B0_momentum_12_1,2015-07-02,2016-07-01,-6.316330058109887
B0_momentum_12_1,2015-07-06,2016-07-05,-6.0017344047913035
B0_momentum_12_1,2015-07-07,2016-07-06,-5.723478960758421
B0_momentum_12_1,2015-07-08,2016-07-07,-4.4989991956476345
B0_momentum_12_1,2015-07-09,2016-07-08,-3.4872671538995648
B0_momentum_12_1,2015-07-10,2016-07-11,-5.091249933867492
B0_momentum_12_1,2015-07-13,2016-07-12,-6.032084384918967
B0_momentum_12_1,2015-07-14,2016-07-13,-6.088278432476368
B0_momentum_12_1,2015-07-15,2016-07-14,-5.995509093554075
B0_momentum_12_1,2015-07-16,2016-07-15,-7.047852330965732
B0_momentum_12_1,2015-07-17,2016-07-18,-6.701261208000542
B0_momentum_12_1,2015-07-20,2016-07-19,-6.958025755760156
B0_momentum_12_1,2015-07-21,2016-07-20,-6.813295752563531
B0_momentum_12_1,2015-07-22,2016-07-21,-7.230667018844949
B0_momentum_12_1,2015-07-23,2016-07-22,-6.449680661956214
B0_momentum_12_1,2015-07-24,2016-07-25,-5.193661991656806
B0_momentum_12_1,2015-07-27,2016-07-26,-4.263580598931249
B0_momentum_12_1,2015-07-28,2016-07-27,-5.090482259005935
B0_momentum_12_1,2015-07-29,2016-07-28,-4.587743515206544
B0_momentum_12_1,2015-07-30,2016-07-29,-4.313541208710358
B0_momentum_12_1,2015-07-31,2016-08-01,-4.395227339180574
B0_momentum_12_1,2015-08-03,2016-08-02,-4.502773019110295
B0_momentum_12_1,2015-08-04,2016-08-03,-5.589501539397778
B0_momentum_12_1,2015-08-05,2016-08-04,-6.772936795741657
B0_momentum_12_1,2015-08-06,2016-08-05,-5.594583002849484
B0_momentum_12_1,2015-08-07,2016-08-08,-6.054855429706318
B0_momentum_12_1,2015-08-10,2016-08-09,-6.448490804440121
B0_momentum_12_1,2015-08-11,2016-08-10,-6.181909259292862
B0_momentum_12_1,2015-08-12,2016-08-11,-6.135553924192405
B0_momentum_12_1,2015-08-13,2016-08-12,-6.327104831875796
B0_momentum_12_1,2015-08-14,2016-08-15,-6.872198558955612
B0_momentum_12_1,2015-08-17,2016-08-16,-8.802017277449348
B0_momentum_12_1,2015-08-18,2016-08-17,-8.066586168039736
B0_momentum_12_1,2015-08-19,2016-08-18,-6.849782006403926
B0_momentum_12_1,2015-08-20,2016-08-19,-3.7030756549648047
B0_momentum_12_1,2015-08-21,2016-08-22,0.2546716769605606
B0_momentum_12_1,2015-08-24,2016-08-23,3.478004016967784
B0_momentum_12_1,2015-08-25,2016-08-24,3.0339546382564198
B0_momentum_12_1,2015-08-26,2016-08-25,-0.5122126454196518
B0_momentum_12_1,2015-08-27,2016-08-26,-3.833691751902246
B0_momentum_12_1,2015-08-28,2016-08-29,-2.737087226868473
B0_momentum_12_1,2015-08-31,2016-08-30,-2.7528041898769784
B0_momentum_12_1,2015-09-01,2016-08-31,-0.48477851705708286
B0_momentum_12_1,2015-09-02,2016-09-01,-0.20534348394294355
B0_momentum_12_1,2015-09-03,2016-09-02,0.5064768743392678
B0_momentum_12_1,2015-09-04,2016-09-06,1.5389191699056282
B0_momentum_12_1,2015-09-08,2016-09-07,1.424345213661904
B0_momentum_12_1,2015-09-09,2016-09-08,0.6488298909256063
B0_momentum_12_1,2015-09-10,2016-09-09,-2.958060668343221
B0_momentum_12_1,2015-09-11,2016-09-12,-1.410635990917164
B0_momentum_12_1,2015-09-14,2016-09-13,-3.093986911047786
B0_momentum_12_1,2015-09-15,2016-09-14,-3.1362709153097468
B0_momentum_12_1,2015-09-16,2016-09-15,-2.0671282696200777
B0_momentum_12_1,2015-09-17,2016-09-16,-2.151959269093251
B0_momentum_12_1,2015-09-18,2016-09-19,-1.4461152784105646
B0_momentum_12_1,2015-09-21,2016-09-20,-1.4816712641787966
B0_momentum_12_1,2015-09-22,2016-09-21,0.5562891386089452
B0_momentum_12_1,2015-09-23,2016-09-22,1.3453768033811153
B0_momentum_12_1,2015-09-24,2016-09-23,0.7174491757592882
B0_momentum_12_1,2015-09-25,2016-09-26,0.4105701189982325
B0_momentum_12_1,2015-09-28,2016-09-27,0.9285256469045988
B0_momentum_12_1,2015-09-29,2016-09-28,1.5788290613737876
B0_momentum_12_1,2015-09-30,2016-09-29,0.3604898004503587
B0_momentum_12_1,2015-10-01,2016-09-30,0.786310783107802
B0_momentum_12_1,2015-10-02,2016-10-03,0.09828758745735744
B0_momentum_12_1,2015-10-05,2016-10-04,-1.5281492825583776
B0_momentum_12_1,2015-10-06,2016-10-05,-1.2195305234681153
B0_momentum_12_1,2015-10-07,2016-10-06,-1.066148831574254
B0_momentum_12_1,2015-10-08,2016-10-07,-2.074956894210356
B0_momentum_12_1,2015-10-09,2016-10-10,-1.572821433468441
B0_momentum_12_1,2015-10-12,2016-10-11,-3.1695115051762035
B0_momentum_12_1,2015-10-13,2016-10-12,-2.7288344468894388
B0_momentum_12_1,2015-10-14,2016-10-13,-2.519219371254089
B0_momentum_12_1,2015-10-15,2016-10-14,-2.600259097673352
B0_momentum_12_1,2015-10-16,2016-10-17,-3.024434094867412
B0_momentum_12_1,2015-10-19,2016-10-18,-2.2118274187905573
B0_momentum_12_1,2015-10-20,2016-10-19,-1.9729568459130653
B0_momentum_12_1,2015-10-21,2016-10-20,-1.8707237830848933
B0_momentum_12_1,2015-10-22,2016-10-21,-2.223969487510191
B0_momentum_12_1,2015-10-23,2016-10-24,-1.5221501130884718
B0_momentum_12_1,2015-10-26,2016-10-25,-2.526375453704155
B0_momentum_12_1,2015-10-27,2016-10-26,-3.895202958070987
B0_momentum_12_1,2015-10-28,2016-10-27,-4.941572617733336
B0_momentum_12_1,2015-10-29,2016-10-28,-4.622813879038901
B0_momentum_12_1,2015-10-30,2016-10-31,-3.9849153500275403
B0_momentum_12_1,2015-11-02,2016-11-01,-4.77191670413013
B0_momentum_12_1,2015-11-03,2016-11-02,-5.072195834238869
B0_momentum_12_1,2015-11-04,2016-11-03,-6.202068913984304
B0_momentum_12_1,2015-11-05,2016-11-04,-6.983623149370388
B0_momentum_12_1,2015-11-06,2016-11-07,-5.733369082589346
B0_momentum_12_1,2015-11-09,2016-11-08,-4.310213806393525
B0_momentum_12_1,2015-11-10,2016-11-09,-4.51644652769766
B0_momentum_12_1,2015-11-11,2016-11-10,-5.387641086225658
B0_momentum_12_1,2015-11-12,2016-11-11,-4.400574278306458
B0_momentum_12_1,2015-11-13,2016-11-14,-2.445546503659357
B0_momentum_12_1,2015-11-16,2016-11-15,-1.978244634188553
B0_momentum_12_1,2015-11-17,2016-11-16,-2.154142325378672
B0_momentum_12_1,2015-11-18,2016-11-17,-3.826668957415391
B0_momentum_12_1,2015-11-19,2016-11-18,-3.98804830193894
B0_momentum_12_1,2015-11-20,2016-11-21,-4.832965759495645
B0_momentum_12_1,2015-11-23,2016-11-22,-4.560484406051679
B0_momentum_12_1,2015-11-24,2016-11-23,-3.896693034852794
B0_momentum_12_1,2015-11-25,2016-11-25,-4.382195287817425
B0_momentum_12_1,2015-11-27,2016-11-28,-5.36564001630394
B0_momentum_12_1,2015-11-30,2016-11-29,-3.8721869640904516
B0_momentum_12_1,2015-12-01,2016-11-30,-4.497488475758726
B0_momentum_12_1,2015-12-02,2016-12-01,-5.779673255968431
B0_momentum_12_1,2015-12-03,2016-12-02,-2.996743928181611
B0_momentum_12_1,2015-12-04,2016-12-05,-4.010968260475289
B0_momentum_12_1,2015-12-07,2016-12-06,-3.1902783558439007
B0_momentum_12_1,2015-12-08,2016-12-07,-2.3349435778340033
B0_momentum_12_1,2015-12-09,2016-12-08,-0.4751176975957505
B0_momentum_12_1,2015-12-10,2016-12-09,-1.2322878473551402
B0_momentum_12_1,2015-12-11,2016-12-12,0.48704580660532404
B0_momentum_12_1,2015-12-14,2016-12-13,0.12801321757152095
B0_momentum_12_1,2015-12-15,2016-12-14,-1.854975775263712
B0_momentum_12_1,2015-12-16,2016-12-15,-3.5197144191730145
B0_momentum_12_1,2015-12-17,2016-12-16,-2.6140830818960348
B0_momentum_12_1,2015-12-18,2016-12-19,-1.0051940232169598
B0_momentum_12_1,2015-12-21,2016-12-20,-1.4628554775920843
B0_momentum_12_1,2015-12-22,2016-12-21,-2.1429406141424634
B0_momentum_12_1,2015-12-23,2016-12-22,-3.222187353609174
B0_momentum_12_1,2015-12-24,2016-12-23,-2.804236749253275
B0_momentum_12_1,2015-12-28,2016-12-27,-2.8536711439480333
B0_momentum_12_1,2015-12-29,2016-12-28,-4.9886646796394984
B0_momentum_12_1,2015-12-30,2016-12-29,-3.671684658797836
B0_momentum_12_1,2015-12-31,2016-12-30,-3.3653330330228104
B0_momentum_12_1,2016-01-04,2017-01-03,-0.4840726784135052
B0_momentum_12_1,2016-01-05,2017-01-04,0.8620481106044187
B0_momentum_12_1,2016-01-06,2017-01-05,0.8792826776253593
B0_momentum_12_1,2016-01-07,2017-01-06,0.7652039787383602
B0_momentum_12_1,2016-01-08,2017-01-09,-0.11522374867717344
B0_momentum_12_1,2016-01-11,2017-01-10,0.8031849080487596
B0_momentum_12_1,2016-01-12,2017-01-11,1.475929904400175
B0_momentum_12_1,2016-01-13,2017-01-12,0.766058331520858
B0_momentum_12_1,2016-01-14,2017-01-13,0.9258732587842378
B0_momentum_12_1,2016-01-15,2017-01-17,0.5941152389116189
B0_momentum_12_1,2016-01-19,2017-01-18,1.1139265285197153
B0_momentum_12_1,2016-01-20,2017-01-19,0.6162550512571308
B0_momentum_12_1,2016-01-21,2017-01-20,1.1118652363243386
B0_momentum_12_1,2016-01-22,2017-01-23,0.7745894346179893
B0_momentum_12_1,2016-01-25,2017-01-24,3.076035186439463
B0_momentum_12_1,2016-01-26,2017-01-25,3.1119769629528227
B0_momentum_12_1,2016-01-27,2017-01-26,2.627100591117526
B0_momentum_12_1,2016-01-28,2017-01-27,2.7481693588226053
B0_momentum_12_1,2016-01-29,2017-01-30,1.4542991295481311
B0_momentum_12_1,2016-02-01,2017-01-31,1.9176297802938835
B0_momentum_12_1,2016-02-02,2017-02-01,1.68745326970956
B0_momentum_12_1,2016-02-03,2017-02-02,1.6593905566698153
B0_momentum_12_1,2016-02-04,2017-02-03,2.9127130369599463
B0_momentum_12_1,2016-02-05,2017-02-06,2.500265983325489
B0_momentum_12_1,2016-02-08,2017-02-07,1.5547314121866274
B0_momentum_12_1,2016-02-09,2017-02-08,1.0013559766850033
B0_momentum_12_1,2016-02-10,2017-02-09,2.136478370624939
B0_momentum_12_1,2016-02-11,2017-02-10,2.683058887528378
B0_momentum_12_1,2016-02-12,2017-02-13,3.1841499540070872
B0_momentum_12_1,2016-02-12,2017-02-14,3.6332233699759797
B0_momentum_12_1,2016-02-16,2017-02-15,3.3016701875877574
B0_momentum_12_1,2016-02-17,2017-02-16,2.6411407428944322
B0_momentum_12_1,2016-02-18,2017-02-17,2.163751241086387
B0_momentum_12_1,2016-02-22,2017-02-21,3.146192055382313
B0_momentum_12_1,2016-02-23,2017-02-22,1.9364144236079905
B0_momentum_12_1,2016-02-24,2017-02-23,1.3708820498386842
B0_momentum_12_1,2016-02-25,2017-02-24,0.5478665501583713
B0_momentum_12_1,2016-02-26,2017-02-27,1.0934760745714422
B0_momentum_12_1,2016-02-29,2017-02-28,0.9706680475429108
B0_momentum_12_1,2016-03-01,2017-03-01,3.7798043240844237
B0_momentum_12_1,2016-03-02,2017-03-02,1.80483135584657
B0_momentum_12_1,2016-03-03,2017-03-03,2.6827417727447456
B0_momentum_12_1,2016-03-04,2017-03-06,2.39232613383793
B0_momentum_12_1,2016-03-07,2017-03-07,1.7407000913391757
B0_momentum_12_1,2016-03-08,2017-03-08,0.6228575676537451
B0_momentum_12_1,2016-03-09,2017-03-09,0.32759960919832576
B0_momentum_12_1,2016-03-10,2017-03-10,0.41806611206052224
B0_momentum_12_1,2016-03-11,2017-03-13,0.7716801133516471
B0_momentum_12_1,2016-03-14,2017-03-14,-0.24635324267922032
B0_momentum_12_1,2016-03-15,2017-03-15,0.8568764224112568
B0_momentum_12_1,2016-03-16,2017-03-16,0.6998247028943805
B0_momentum_12_1,2016-03-17,2017-03-17,-0.0011074947444678074
B0_momentum_12_1,2016-03-18,2017-03-20,-0.30745328999250976
B0_momentum_12_1,2016-03-21,2017-03-21,-3.4722651550556205
B0_momentum_12_1,2016-03-22,2017-03-22,-3.032195935249038
B0_momentum_12_1,2016-03-23,2017-03-23,-2.7293444891254404
B0_momentum_12_1,2016-03-24,2017-03-24,-2.1572231682503884
B0_momentum_12_1,2016-03-24,2017-03-27,-2.8306505286587624
B0_momentum_12_1,2016-03-28,2017-03-28,-1.5524684719173343
B0_momentum_12_1,2016-03-29,2017-03-29,-0.9033893735618359
B0_momentum_12_1,2016-03-30,2017-03-30,0.36928606331929625
B0_momentum_12_1,2016-03-31,2017-03-31,0.09981377889729526
B0_momentum_12_1,2016-04-01,2017-04-03,-1.1923616620662214
B0_momentum_12_1,2016-04-04,2017-04-04,-0.6240615278528039
B0_momentum_12_1,2016-04-05,2017-04-05,-0.7040347373456601
B0_momentum_12_1,2016-04-06,2017-04-06,-0.8681432669219835
B0_momentum_12_1,2016-04-07,2017-04-07,0.035952863831267834
B0_momentum_12_1,2016-04-08,2017-04-10,-0.6753420924475173
B0_momentum_12_1,2016-04-11,2017-04-11,-0.4191224324329501
B0_momentum_12_1,2016-04-12,2017-04-12,-2.221129322276183
B0_momentum_12_1,2016-04-13,2017-04-13,-3.2962757682759247
B0_momentum_12_1,2016-04-15,2017-04-17,-2.6442860158770953
B0_momentum_12_1,2016-04-18,2017-04-18,-3.7692100727809374
B0_momentum_12_1,2016-04-19,2017-04-19,-2.1247691829910265
B0_momentum_12_1,2016-04-20,2017-04-20,-0.2955312322826198
B0_momentum_12_1,2016-04-21,2017-04-21,0.24384740356222512
B0_momentum_12_1,2016-04-22,2017-04-24,2.8447985074655735
B0_momentum_12_1,2016-04-25,2017-04-25,3.3148456302038998
B0_momentum_12_1,2016-04-26,2017-04-26,3.5026288958136975
B0_momentum_12_1,2016-04-27,2017-04-27,3.406841241336611
B0_momentum_12_1,2016-04-28,2017-04-28,4.048105903380161
B0_momentum_12_1,2016-04-29,2017-05-01,4.904626830377512
B0_momentum_12_1,2016-05-02,2017-05-02,1.9001236920874742
B0_momentum_12_1,2016-05-03,2017-05-03,2.4342343834269586
B0_momentum_12_1,2016-05-04,2017-05-04,1.670574041705697
B0_momentum_12_1,2016-05-05,2017-05-05,2.4259551274223856
B0_momentum_12_1,2016-05-06,2017-05-08,0.9739004144559305
B0_momentum_12_1,2016-05-09,2017-05-09,0.22015649630120482
B0_momentum_12_1,2016-05-10,2017-05-10,0.35548892671100063
B0_momentum_12_1,2016-05-11,2017-05-11,1.0502205933054398
B0_momentum_12_1,2016-05-12,2017-05-12,0.27458417451622363
B0_momentum_12_1,2016-05-13,2017-05-15,1.8557421003675634
B0_momentum_12_1,2016-05-16,2017-05-16,1.8423991926086236
B0_momentum_12_1,2016-05-17,2017-05-17,-0.10408352033842716
B0_momentum_12_1,2016-05-18,2017-05-18,1.7854224683450104
B0_momentum_12_1,2016-05-19,2017-05-19,3.2424460264434796
B0_momentum_12_1,2016-05-20,2017-05-22,3.562422612134486
B0_momentum_12_1,2016-05-23,2017-05-23,4.230062860708794
B0_momentum_12_1,2016-05-24,2017-05-24,2.9476045146749286
B0_momentum_12_1,2016-05-25,2017-05-25,3.710055464938411
B0_momentum_12_1,2016-05-26,2017-05-26,3.2901897258097668
B0_momentum_12_1,2016-05-27,2017-05-30,2.694110423212348
B0_momentum_12_1,2016-05-31,2017-05-31,2.6624148932623326
B0_momentum_12_1,2016-06-01,2017-06-01,2.805964014610307
B0_momentum_12_1,2016-06-02,2017-06-02,2.977873100106332
B0_momentum_12_1,2016-06-03,2017-06-05,2.3164100460898895
B0_momentum_12_1,2016-06-06,2017-06-06,2.8109966536140396
B0_momentum_12_1,2016-06-07,2017-06-07,3.329600167392943
B0_momentum_12_1,2016-06-08,2017-06-08,3.48431093793915
B0_momentum_12_1,2016-06-09,2017-06-09,1.284197780708185
B0_momentum_12_1,2016-06-10,2017-06-12,1.601709106249416
B0_momentum_12_1,2016-06-13,2017-06-13,3.140053673724341
B0_momentum_12_1,2016-06-14,2017-06-14,1.5813854855904363
B0_momentum_12_1,2016-06-15,2017-06-15,1.1926589521291664
B0_momentum_12_1,2016-06-16,2017-06-16,0.1668038255142612
B0_momentum_12_1,2016-06-17,2017-06-19,2.6294766011922377
B0_momentum_12_1,2016-06-20,2017-06-20,1.2973443801282514
B0_momentum_12_1,2016-06-21,2017-06-21,1.7751725817735542
B0_momentum_12_1,2016-06-22,2017-06-22,2.226817573652018
B0_momentum_12_1,2016-06-23,2017-06-23,1.606662557756544
B0_momentum_12_1,2016-06-24,2017-06-26,3.737153988801989
B0_momentum_12_1,2016-06-27,2017-06-27,2.9674905991442513
B0_momentum_12_1,2016-06-28,2017-06-28,3.0569406200613214
B0_momentum_12_1,2016-06-29,2017-06-29,0.5444954515977596
B0_momentum_12_1,2016-06-30,2017-06-30,-2.0869905222915985
B0_momentum_12_1,2016-07-01,2017-07-03,-2.4675816345179347
B0_momentum_12_1,2016-07-05,2017-07-05,-1.2482558320741521
B0_momentum_12_1,2016-07-06,2017-07-06,-2.592587851894401
B0_momentum_12_1,2016-07-07,2017-07-07,-0.36471776793983723
B0_momentum_12_1,2016-07-08,2017-07-10,-1.5076342292544065
B0_momentum_12_1,2016-07-11,2017-07-11,-1.5297897762579837
B0_momentum_12_1,2016-07-12,2017-07-12,-0.19632677783621988
B0_momentum_12_1,2016-07-13,2017-07-13,-0.8465007191925666
B0_momentum_12_1,2016-07-14,2017-07-14,0.11932905060434429
B0_momentum_12_1,2016-07-15,2017-07-17,0.3663363274232223
B0_momentum_12_1,2016-07-18,2017-07-18,0.5507818225464423
B0_momentum_12_1,2016-07-19,2017-07-19,0.6386596611779982
B0_momentum_12_1,2016-07-20,2017-07-20,0.42576128769409305
B0_momentum_12_1,2016-07-21,2017-07-21,0.7000639943238074
B0_momentum_12_1,2016-07-22,2017-07-24,-0.09774582805192056
B0_momentum_12_1,2016-07-25,2017-07-25,-1.049987089702198
B0_momentum_12_1,2016-07-26,2017-07-26,-0.6451304917651002
B0_momentum_12_1,2016-07-27,2017-07-27,-2.158374919854711
B0_momentum_12_1,2016-07-28,2017-07-28,-2.8242512796345154
B0_momentum_12_1,2016-07-29,2017-07-31,-3.852922964315386
B0_momentum_12_1,2016-08-01,2017-08-01,-3.6616936227303554
B0_momentum_12_1,2016-08-02,2017-08-02,-3.9085346238752483
B0_momentum_12_1,2016-08-03,2017-08-03,-3.176462483863174
B0_momentum_12_1,2016-08-04,2017-08-04,-2.9479178254642413
B0_momentum_12_1,2016-08-05,2017-08-07,-1.6635191181303077
B0_momentum_12_1,2016-08-08,2017-08-08,-1.6845856236361922
B0_momentum_12_1,2016-08-09,2017-08-09,-2.112415809043511
B0_momentum_12_1,2016-08-10,2017-08-10,-4.586609141873465
B0_momentum_12_1,2016-08-11,2017-08-11,-3.948681875143256
B0_momentum_12_1,2016-08-12,2017-08-14,-2.4491113000427167
B0_momentum_12_1,2016-08-15,2017-08-15,-1.6717805022299137
B0_momentum_12_1,2016-08-16,2017-08-16,-0.22952993265087374
B0_momentum_12_1,2016-08-17,2017-08-17,-3.5344697691927496
B0_momentum_12_1,2016-08-18,2017-08-18,-4.162850946520269
B0_momentum_12_1,2016-08-19,2017-08-21,-4.851144889428127
B0_momentum_12_1,2016-08-22,2017-08-22,-3.3612964909819243
B0_momentum_12_1,2016-08-23,2017-08-23,-3.181318490574203
B0_momentum_12_1,2016-08-24,2017-08-24,-2.446505282100786
B0_momentum_12_1,2016-08-25,2017-08-25,-2.2564065523727694
B0_momentum_12_1,2016-08-26,2017-08-28,-1.3535523323594645
B0_momentum_12_1,2016-08-29,2017-08-29,-3.0405893279301432
B0_momentum_12_1,2016-08-30,2017-08-30,-0.9875210292894732
B0_momentum_12_1,2016-08-31,2017-08-31,-0.7402602050176621
B0_momentum_12_1,2016-09-01,2017-09-01,-0.568197744432497
B0_momentum_12_1,2016-09-02,2017-09-05,-2.544770440672639
B0_momentum_12_1,2016-09-06,2017-09-06,-3.3947329393600567
B0_momentum_12_1,2016-09-07,2017-09-07,-3.027160334080048
B0_momentum_12_1,2016-09-08,2017-09-08,-2.958978956916991
B0_momentum_12_1,2016-09-09,2017-09-11,2.065094249967525
B0_momentum_12_1,2016-09-12,2017-09-12,1.0148810146503928
B0_momentum_12_1,2016-09-13,2017-09-13,2.738652047751766
B0_momentum_12_1,2016-09-14,2017-09-14,2.619624724171832
B0_momentum_12_1,2016-09-15,2017-09-15,1.7627791805089554
B0_momentum_12_1,2016-09-16,2017-09-18,2.8283949513983053
B0_momentum_12_1,2016-09-19,2017-09-19,2.182205970132012
B0_momentum_12_1,2016-09-20,2017-09-20,2.203951380167757
B0_momentum_12_1,2016-09-21,2017-09-21,0.08530577495931002
B0_momentum_12_1,2016-09-22,2017-09-22,-0.755750201350569
B0_momentum_12_1,2016-09-23,2017-09-25,-1.9445611134510599
B0_momentum_12_1,2016-09-26,2017-09-26,-1.588609170817079
B0_momentum_12_1,2016-09-27,2017-09-27,-0.2044178112958872
B0_momentum_12_1,2016-09-28,2017-09-28,-0.5332179396018932
B0_momentum_12_1,2016-09-29,2017-09-29,1.7485256385625814
B0_momentum_12_1,2016-09-30,2017-10-02,1.1032774951061475
B0_momentum_12_1,2016-10-03,2017-10-03,2.3740279615399817
B0_momentum_12_1,2016-10-04,2017-10-04,4.129571332276272
B0_momentum_12_1,2016-10-05,2017-10-05,4.643764367825964
B0_momentum_12_1,2016-10-06,2017-10-06,4.961688860553304
B0_momentum_12_1,2016-10-07,2017-10-09,6.607455420013952
B0_momentum_12_1,2016-10-10,2017-10-10,6.29607631664113
B0_momentum_12_1,2016-10-11,2017-10-11,8.607292441607605
B0_momentum_12_1,2016-10-12,2017-10-12,8.679346716687952
B0_momentum_12_1,2016-10-13,2017-10-13,9.072278123594234
B0_momentum_12_1,2016-10-14,2017-10-16,9.752104337344303
B0_momentum_12_1,2016-10-17,2017-10-17,9.809529343912748
B0_momentum_12_1,2016-10-18,2017-10-18,9.051748271813809
B0_momentum_12_1,2016-10-19,2017-10-19,8.49826213121041
B0_momentum_12_1,2016-10-20,2017-10-20,9.420038232897854
B0_momentum_12_1,2016-10-21,2017-10-23,9.526694980981487
B0_momentum_12_1,2016-10-24,2017-10-24,9.38970638930694
B0_momentum_12_1,2016-10-25,2017-10-25,8.53043246637255
B0_momentum_12_1,2016-10-26,2017-10-26,10.587554650698362
B0_momentum_12_1,2016-10-27,2017-10-27,13.493971924843361
B0_momentum_12_1,2016-10-28,2017-10-30,12.153563526400223
B0_momentum_12_1,2016-10-31,2017-10-31,12.20935596612489
B0_momentum_12_1,2016-11-01,2017-11-01,12.647726600208653
B0_momentum_12_1,2016-11-02,2017-11-02,14.426377361425647
B0_momentum_12_1,2016-11-03,2017-11-03,17.01763980440345
B0_momentum_12_1,2016-11-04,2017-11-06,17.959083373125438
B0_momentum_12_1,2016-11-07,2017-11-07,16.304792020373714
B0_momentum_12_1,2016-11-08,2017-11-08,15.79351835785754
B0_momentum_12_1,2016-11-09,2017-11-09,14.293052350479506
B0_momentum_12_1,2016-11-10,2017-11-10,16.242675502958658
B0_momentum_12_1,2016-11-11,2017-11-13,17.283491020706766
B0_momentum_12_1,2016-11-14,2017-11-14,16.850882012743607
B0_momentum_12_1,2016-11-15,2017-11-15,13.845700890530278
B0_momentum_12_1,2016-11-16,2017-11-16,15.252371979537905
B0_momentum_12_1,2016-11-17,2017-11-17,14.897116510996478
B0_momentum_12_1,2016-11-18,2017-11-20,16.05294950103118
B0_momentum_12_1,2016-11-21,2017-11-21,16.786379970642052
B0_momentum_12_1,2016-11-22,2017-11-22,15.779224127576242
B0_momentum_12_1,2016-11-23,2017-11-24,15.66006093357557
B0_momentum_12_1,2016-11-25,2017-11-27,15.093480256197878
B0_momentum_12_1,2016-11-28,2017-11-28,16.427780644493794
B0_momentum_12_1,2016-11-29,2017-11-29,13.713738686312315
B0_momentum_12_1,2016-11-30,2017-11-30,14.313996937393725
B0_momentum_12_1,2016-12-01,2017-12-01,15.17833255937413
B0_momentum_12_1,2016-12-02,2017-12-04,11.089858626994985
B0_momentum_12_1,2016-12-05,2017-12-05,9.892959083845998
B0_momentum_12_1,2016-12-06,2017-12-06,10.408478045502733
B0_momentum_12_1,2016-12-07,2017-12-07,10.479189149978406
B0_momentum_12_1,2016-12-08,2017-12-08,10.509357342093374
B0_momentum_12_1,2016-12-09,2017-12-11,10.982465659618201
B0_momentum_12_1,2016-12-12,2017-12-12,10.839208534261502
B0_momentum_12_1,2016-12-13,2017-12-13,10.365115146643777
B0_momentum_12_1,2016-12-14,2017-12-14,11.420473121548813
B0_momentum_12_1,2016-12-15,2017-12-15,12.530378820997012
B0_momentum_12_1,2016-12-16,2017-12-18,13.993317166959041
B0_momentum_12_1,2016-12-19,2017-12-19,13.399952059581132
B0_momentum_12_1,2016-12-20,2017-12-20,13.093528995442739
B0_momentum_12_1,2016-12-21,2017-12-21,12.367152957358552
B0_momentum_12_1,2016-12-22,2017-12-22,13.233221189324173
B0_momentum_12_1,2016-12-23,2017-12-26,12.44323548314885
B0_momentum_12_1,2016-12-27,2017-12-27,12.483419440240052
B0_momentum_12_1,2016-12-28,2017-12-28,14.177740877456646
B0_momentum_12_1,2016-12-29,2017-12-29,12.490489542703664
B0_momentum_12_1,2016-12-30,2018-01-02,14.902457258542135
B0_momentum_12_1,2017-01-03,2018-01-03,15.627504709288576
B0_momentum_12_1,2017-01-04,2018-01-04,14.33084891198122
B0_momentum_12_1,2017-01-05,2018-01-05,15.617830744179928
B0_momentum_12_1,2017-01-06,2018-01-08,16.61513947709956
B0_momentum_12_1,2017-01-09,2018-01-09,18.069876176564836
B0_momentum_12_1,2017-01-10,2018-01-10,16.45449640320471
B0_momentum_12_1,2017-01-11,2018-01-11,16.065295753297715
B0_momentum_12_1,2017-01-12,2018-01-12,17.665199256364737
B0_momentum_12_1,2017-01-13,2018-01-16,17.07773119913081
B0_momentum_12_1,2017-01-17,2018-01-17,20.09582762166575
B0_momentum_12_1,2017-01-18,2018-01-18,18.82024612743185
B0_momentum_12_1,2017-01-19,2018-01-19,20.06160258311327
B0_momentum_12_1,2017-01-20,2018-01-22,20.656514625449663
B0_momentum_12_1,2017-01-23,2018-01-23,21.81667070388691
B0_momentum_12_1,2017-01-24,2018-01-24,18.767904671849745
B0_momentum_12_1,2017-01-25,2018-01-25,18.69808563026154
B0_momentum_12_1,2017-01-26,2018-01-26,19.586819067669058
B0_momentum_12_1,2017-01-27,2018-01-29,16.952438557287586
B0_momentum_12_1,2017-01-30,2018-01-30,17.140731961026567
B0_momentum_12_1,2017-01-31,2018-01-31,16.963477091984448
B0_momentum_12_1,2017-02-01,2018-02-01,16.578322190272708
B0_momentum_12_1,2017-02-02,2018-02-02,13.693227334784464
B0_momentum_12_1,2017-02-03,2018-02-05,7.807205582234156
B0_momentum_12_1,2017-02-06,2018-02-06,10.384008716276405
B0_momentum_12_1,2017-02-07,2018-02-07,11.014160852540765
B0_momentum_12_1,2017-02-08,2018-02-08,6.833277102679758
B0_momentum_12_1,2017-02-09,2018-02-09,7.330829663332272
B0_momentum_12_1,2017-02-10,2018-02-12,8.533615212731238
B0_momentum_12_1,2017-02-13,2018-02-13,8.245836160501874
B0_momentum_12_1,2017-02-14,2018-02-14,10.145078161468856
B0_momentum_12_1,2017-02-15,2018-02-15,11.462155705459786
B0_momentum_12_1,2017-02-16,2018-02-16,11.959537694219847
B0_momentum_12_1,2017-02-17,2018-02-20,12.874021168466697
B0_momentum_12_1,2017-02-21,2018-02-21,10.950057680008584
B0_momentum_12_1,2017-02-22,2018-02-22,12.548251660356158
B0_momentum_12_1,2017-02-23,2018-02-23,15.429806977520165
B0_momentum_12_1,2017-02-24,2018-02-26,17.485836806185407
B0_momentum_12_1,2017-02-27,2018-02-27,15.541101525172007
B0_momentum_12_1,2017-02-28,2018-02-28,14.558497528446491
B0_momentum_12_1,2017-03-01,2018-03-01,9.445188161504369
B0_momentum_12_1,2017-03-02,2018-03-02,12.7673785147147
B0_momentum_12_1,2017-03-03,2018-03-05,13.219039276245347
B0_momentum_12_1,2017-03-06,2018-03-06,14.580989342720274
B0_momentum_12_1,2017-03-07,2018-03-07,15.197540399831254
B0_momentum_12_1,2017-03-08,2018-03-08,17.0896918269994
B0_momentum_12_1,2017-03-09,2018-03-09,19.960512005765096
B0_momentum_12_1,2017-03-10,2018-03-12,19.983529996483163
B0_momentum_12_1,2017-03-13,2018-03-13,18.84112296895175
B0_momentum_12_1,2017-03-14,2018-03-14,19.783252912157657
B0_momentum_12_1,2017-03-15,2018-03-15,17.96966899895327
B0_momentum_12_1,2017-03-16,2018-03-16,18.671234186693695
B0_momentum_12_1,2017-03-17,2018-03-19,17.770981531887564
B0_momentum_12_1,2017-03-20,2018-03-20,19.79135912119623
B0_momentum_12_1,2017-03-21,2018-03-21,23.05712770117596
B0_momentum_12_1,2017-03-22,2018-03-22,18.337327722523145
B0_momentum_12_1,2017-03-23,2018-03-23,15.19511931715989
B0_momentum_12_1,2017-03-24,2018-03-26,18.39193761783342
B0_momentum_12_1,2017-03-27,2018-03-27,15.265935750456382
B0_momentum_12_1,2017-03-28,2018-03-28,12.828158397505751
B0_momentum_12_1,2017-03-29,2018-03-29,14.584348857892525
B0_momentum_12_1,2017-03-31,2018-04-02,10.043526732839636
B0_momentum_12_1,2017-04-03,2018-04-03,11.315158230987276
B0_momentum_12_1,2017-04-04,2018-04-04,12.79331781221944
B0_momentum_12_1,2017-04-05,2018-04-05,14.89209552890074
B0_momentum_12_1,2017-04-06,2018-04-06,10.58068824181888
B0_momentum_12_1,2017-04-07,2018-04-09,11.27522668369474
B0_momentum_12_1,2017-04-10,2018-04-10,14.879027477898
B0_momentum_12_1,2017-04-11,2018-04-11,14.702151824629993
B0_momentum_12_1,2017-04-12,2018-04-12,17.82775429314305
B0_momentum_12_1,2017-04-13,2018-04-13,17.986778814444083
B0_momentum_12_1,2017-04-13,2018-04-16,18.305918941908317
B0_momentum_12_1,2017-04-17,2018-04-17,19.983986130209065
B0_momentum_12_1,2017-04-18,2018-04-18,21.859030382265487
B0_momentum_12_1,2017-04-19,2018-04-19,19.456698309179068
B0_momentum_12_1,2017-04-20,2018-04-20,16.244211676108634
B0_momentum_12_1,2017-04-21,2018-04-23,16.77485998489521
B0_momentum_12_1,2017-04-24,2018-04-24,12.06617587028087
B0_momentum_12_1,2017-04-25,2018-04-25,11.491730017487223
B0_momentum_12_1,2017-04-26,2018-04-26,14.517770167544942
B0_momentum_12_1,2017-04-27,2018-04-27,14.753763595506797
B0_momentum_12_1,2017-04-28,2018-04-30,14.29991121498777
B0_momentum_12_1,2017-05-01,2018-05-01,14.037159461108818
B0_momentum_12_1,2017-05-02,2018-05-02,14.324481015357637
B0_momentum_12_1,2017-05-03,2018-05-03,15.007303600347521
B0_momentum_12_1,2017-05-04,2018-05-04,16.789168367755703
B0_momentum_12_1,2017-05-05,2018-05-07,17.208068205373618
B0_momentum_12_1,2017-05-08,2018-05-08,18.052334101421085
B0_momentum_12_1,2017-05-09,2018-05-09,20.244209390896216
B0_momentum_12_1,2017-05-10,2018-05-10,20.365991479116218
B0_momentum_12_1,2017-05-11,2018-05-11,20.86097482353113
B0_momentum_12_1,2017-05-12,2018-05-14,20.949630164794897
B0_momentum_12_1,2017-05-15,2018-05-15,19.46948370204491
B0_momentum_12_1,2017-05-16,2018-05-16,20.063706573528094
B0_momentum_12_1,2017-05-17,2018-05-17,24.09731417877068
B0_momentum_12_1,2017-05-18,2018-05-18,23.425572125494874
B0_momentum_12_1,2017-05-19,2018-05-21,23.681710042211623
B0_momentum_12_1,2017-05-22,2018-05-22,21.880166410362477
B0_momentum_12_1,2017-05-23,2018-05-23,22.591711891466247
B0_momentum_12_1,2017-05-24,2018-05-24,23.259864606797166
B0_momentum_12_1,2017-05-25,2018-05-25,22.1073025754158
B0_momentum_12_1,2017-05-26,2018-05-29,21.796648126115148
B0_momentum_12_1,2017-05-30,2018-05-30,22.944159502418017
B0_momentum_12_1,2017-05-31,2018-05-31,21.838867675490636
B0_momentum_12_1,2017-06-01,2018-06-01,23.694182250180027
B0_momentum_12_1,2017-06-02,2018-06-04,22.044080794523534
B0_momentum_12_1,2017-06-05,2018-06-05,24.06536720086525
B0_momentum_12_1,2017-06-06,2018-06-06,24.965857651334346
B0_momentum_12_1,2017-06-07,2018-06-07,22.617168791301513
B0_momentum_12_1,2017-06-08,2018-06-08,22.72218672517703
B0_momentum_12_1,2017-06-09,2018-06-11,25.058857809528412
B0_momentum_12_1,2017-06-12,2018-06-12,26.283145021986254
B0_momentum_12_1,2017-06-13,2018-06-13,24.830950415225715
B0_momentum_12_1,2017-06-14,2018-06-14,26.96603326816598
B0_momentum_12_1,2017-06-15,2018-06-15,27.950433977149846
B0_momentum_12_1,2017-06-16,2018-06-18,28.546616310691817
B0_momentum_12_1,2017-06-19,2018-06-19,25.389241684884322
B0_momentum_12_1,2017-06-20,2018-06-20,26.875690439218268
B0_momentum_12_1,2017-06-21,2018-06-21,24.25689381236793
B0_momentum_12_1,2017-06-22,2018-06-22,22.08529892719646
B0_momentum_12_1,2017-06-23,2018-06-25,18.55779117967915
B0_momentum_12_1,2017-06-26,2018-06-26,19.63397069401591
B0_momentum_12_1,2017-06-27,2018-06-27,19.247496870891247
B0_momentum_12_1,2017-06-28,2018-06-28,18.305108490903322
B0_momentum_12_1,2017-06-29,2018-06-29,20.037537587970956
B0_momentum_12_1,2017-06-30,2018-07-02,20.996349267754553
B0_momentum_12_1,2017-07-03,2018-07-03,20.013742654927903
B0_momentum_12_1,2017-07-05,2018-07-05,18.763261806950226
B0_momentum_12_1,2017-07-06,2018-07-06,20.52204845386838
B0_momentum_12_1,2017-07-07,2018-07-09,19.76650843032326
B0_momentum_12_1,2017-07-10,2018-07-10,20.15830208861571
B0_momentum_12_1,2017-07-11,2018-07-11,18.308312086449163
B0_momentum_12_1,2017-07-12,2018-07-12,18.264777986551085
B0_momentum_12_1,2017-07-13,2018-07-13,18.89184052044044
B0_momentum_12_1,2017-07-14,2018-07-16,18.089787189826968
B0_momentum_12_1,2017-07-17,2018-07-17,19.003867694561947
B0_momentum_12_1,2017-07-18,2018-07-18,19.42536515361446
B0_momentum_12_1,2017-07-19,2018-07-19,19.148925328433464
B0_momentum_12_1,2017-07-20,2018-07-20,18.976780541393534
B0_momentum_12_1,2017-07-21,2018-07-23,19.220675471950454
B0_momentum_12_1,2017-07-24,2018-07-24,17.627917460249943
B0_momentum_12_1,2017-07-25,2018-07-25,21.35988956113586
B0_momentum_12_1,2017-07-26,2018-07-26,20.44500575264381
B0_momentum_12_1,2017-07-27,2018-07-27,20.29616880102505
B0_momentum_12_1,2017-07-28,2018-07-30,18.600752409763
B0_momentum_12_1,2017-07-31,2018-07-31,18.909511159524328
B0_momentum_12_1,2017-08-01,2018-08-01,17.994688202443456
B0_momentum_12_1,2017-08-02,2018-08-02,21.343629376949448
B0_momentum_12_1,2017-08-03,2018-08-03,21.203829153462394
B0_momentum_12_1,2017-08-04,2018-08-06,21.84177874966835
B0_momentum_12_1,2017-08-07,2018-08-07,21.589422805168248
B0_momentum_12_1,2017-08-08,2018-08-08,22.961868631327988
B0_momentum_12_1,2017-08-09,2018-08-09,23.70406835068206
B0_momentum_12_1,2017-08-10,2018-08-10,26.778091776879975
B0_momentum_12_1,2017-08-11,2018-08-13,25.111183239730227
B0_momentum_12_1,2017-08-14,2018-08-14,24.601431329743395
B0_momentum_12_1,2017-08-15,2018-08-15,20.191426931743408
B0_momentum_12_1,2017-08-16,2018-08-16,19.96185285962271
B0_momentum_12_1,2017-08-17,2018-08-17,23.972784412284696
B0_momentum_12_1,2017-08-18,2018-08-20,25.966386083068336
B0_momentum_12_1,2017-08-21,2018-08-21,27.73457036143916
B0_momentum_12_1,2017-08-22,2018-08-22,26.063717866196367
B0_momentum_12_1,2017-08-23,2018-08-23,26.972488002332273
B0_momentum_12_1,2017-08-24,2018-08-24,28.131718222977998
B0_momentum_12_1,2017-08-25,2018-08-27,28.71675745948359
B0_momentum_12_1,2017-08-28,2018-08-28,28.975877295665665
B0_momentum_12_1,2017-08-29,2018-08-29,30.61845496313431
B0_momentum_12_1,2017-08-30,2018-08-30,28.798673610433955
B0_momentum_12_1,2017-08-31,2018-08-31,28.75205222644819
B0_momentum_12_1,2017-09-01,2018-09-04,28.23489483881234
B0_momentum_12_1,2017-09-05,2018-09-05,27.018129608560002
B0_momentum_12_1,2017-09-06,2018-09-06,25.927887202392586
B0_momentum_12_1,2017-09-07,2018-09-07,25.166209887726087
B0_momentum_12_1,2017-09-08,2018-09-10,27.08402455487342
B0_momentum_12_1,2017-09-11,2018-09-11,25.86388300296665
B0_momentum_12_1,2017-09-12,2018-09-12,25.006572998135823
B0_momentum_12_1,2017-09-13,2018-09-13,24.947036905699417
B0_momentum_12_1,2017-09-14,2018-09-14,25.187676068300966
B0_momentum_12_1,2017-09-15,2018-09-17,22.84346662102752
B0_momentum_12_1,2017-09-18,2018-09-18,23.249329782329763
B0_momentum_12_1,2017-09-19,2018-09-19,21.24676560813523
B0_momentum_12_1,2017-09-20,2018-09-20,21.956849608576
B0_momentum_12_1,2017-09-21,2018-09-21,21.605248189935367
B0_momentum_12_1,2017-09-22,2018-09-24,22.04941617661791
B0_momentum_12_1,2017-09-25,2018-09-25,24.84662244201674
B0_momentum_12_1,2017-09-26,2018-09-26,24.81961755928779
B0_momentum_12_1,2017-09-27,2018-09-27,22.463036917667132
B0_momentum_12_1,2017-09-28,2018-09-28,22.370115526739486
B0_momentum_12_1,2017-09-29,2018-10-01,21.27614829686031
B0_momentum_12_1,2017-10-02,2018-10-02,19.22482249995987
B0_momentum_12_1,2017-10-03,2018-10-03,18.67179362817646
B0_momentum_12_1,2017-10-04,2018-10-04,15.937746054571743
B0_momentum_12_1,2017-10-05,2018-10-05,14.156801552994658
B0_momentum_12_1,2017-10-06,2018-10-08,11.856069185589856
B0_momentum_12_1,2017-10-09,2018-10-09,11.050261141893625
B0_momentum_12_1,2017-10-10,2018-10-10,5.711241163393166
B0_momentum_12_1,2017-10-11,2018-10-11,3.836971850184212
B0_momentum_12_1,2017-10-12,2018-10-12,6.512009866371615
B0_momentum_12_1,2017-10-13,2018-10-15,4.360391490164606
B0_momentum_12_1,2017-10-16,2018-10-16,6.645855077288743
B0_momentum_12_1,2017-10-17,2018-10-17,6.446518106978427
B0_momentum_12_1,2017-10-18,2018-10-18,4.587846153268127
B0_momentum_12_1,2017-10-19,2018-10-19,2.3941125948981012
B0_momentum_12_1,2017-10-20,2018-10-22,1.8353991142523896
B0_momentum_12_1,2017-10-23,2018-10-23,1.2709226454512779
B0_momentum_12_1,2017-10-24,2018-10-24,-4.307483957030045
B0_momentum_12_1,2017-10-25,2018-10-25,-1.5166153355926637
B0_momentum_12_1,2017-10-26,2018-10-26,-4.618164420911763
B0_momentum_12_1,2017-10-27,2018-10-29,-6.9114496058563235
B0_momentum_12_1,2017-10-30,2018-10-30,-3.769919351980977
B0_momentum_12_1,2017-10-31,2018-10-31,-3.1148577820603096
B0_momentum_12_1,2017-11-01,2018-11-01,-2.7676717344492507
B0_momentum_12_1,2017-11-02,2018-11-02,-3.310100570813801
B0_momentum_12_1,2017-11-03,2018-11-05,-4.453011711852239
B0_momentum_12_1,2017-11-06,2018-11-06,-5.267726400109218
B0_momentum_12_1,2017-11-07,2018-11-07,-5.874545372123585
B0_momentum_12_1,2017-11-08,2018-11-08,-5.70731525736835
B0_momentum_12_1,2017-11-09,2018-11-09,-4.501095656869792
B0_momentum_12_1,2017-11-10,2018-11-12,-5.207564685207878
B0_momentum_12_1,2017-11-13,2018-11-13,-5.6065420906156955
B0_momentum_12_1,2017-11-14,2018-11-14,-5.390102133276042
B0_momentum_12_1,2017-11-15,2018-11-15,-4.784848287351073
B0_momentum_12_1,2017-11-16,2018-11-16,-6.04323909202048
B0_momentum_12_1,2017-11-17,2018-11-19,-5.867177899617326
B0_momentum_12_1,2017-11-20,2018-11-20,-6.590377708792728
B0_momentum_12_1,2017-11-21,2018-11-21,-7.576153928762164
B0_momentum_12_1,2017-11-22,2018-11-23,-7.139538156194747
B0_momentum_12_1,2017-11-24,2018-11-26,-7.458469701330683
B0_momentum_12_1,2017-11-27,2018-11-27,-7.206625291714264
B0_momentum_12_1,2017-11-28,2018-11-28,-7.592577598101268
B0_momentum_12_1,2017-11-29,2018-11-29,-5.733879173417289
B0_momentum_12_1,2017-11-30,2018-11-30,-6.499021405573247
B0_momentum_12_1,2017-12-01,2018-12-03,-5.460375653605443
B0_momentum_12_1,2017-12-04,2018-12-04,-5.854467905677807
B0_momentum_12_1,2017-12-06,2018-12-06,-5.811743577494022
B0_momentum_12_1,2017-12-07,2018-12-07,-10.277313810267763
B0_momentum_12_1,2017-12-08,2018-12-10,-10.118386042537185
B0_momentum_12_1,2017-12-11,2018-12-11,-10.261767513568342
B0_momentum_12_1,2017-12-12,2018-12-12,-9.709214434958191
B0_momentum_12_1,2017-12-13,2018-12-13,-11.256607717159861
B0_momentum_12_1,2017-12-14,2018-12-14,-12.405337979931508
B0_momentum_12_1,2017-12-15,2018-12-17,-16.069542855604546
B0_momentum_12_1,2017-12-18,2018-12-18,-15.741939343703159
B0_momentum_12_1,2017-12-19,2018-12-19,-17.241162516532384
B0_momentum_12_1,2017-12-20,2018-12-20,-19.271067732796567
B0_momentum_12_1,2017-12-21,2018-12-21,-20.483353980262663
B0_momentum_12_1,2017-12-22,2018-12-24,-22.274934565259276
B0_momentum_12_1,2017-12-26,2018-12-26,-17.510961042134088
B0_momentum_12_1,2017-12-27,2018-12-27,-17.141871784941287
B0_momentum_12_1,2017-12-28,2018-12-28,-17.413806007379627
B0_momentum_12_1,2017-12-29,2018-12-31,-15.617722945323209
B0_momentum_12_1,2018-01-02,2019-01-02,-18.225428767088957
B0_momentum_12_1,2018-01-03,2019-01-03,-19.5856717541766
B0_momentum_12_1,2018-01-04,2019-01-04,-19.759066000092773
B0_momentum_12_1,2018-01-05,2019-01-07,-20.665811473637486
B0_momentum_12_1,2018-01-08,2019-01-08,-21.255240366259365
B0_momentum_12_1,2018-01-09,2019-01-09,-21.539914473056044
B0_momentum_12_1,2018-01-10,2019-01-10,-21.176326579326986
B0_momentum_12_1,2018-01-11,2019-01-11,-21.43632979261043
B0_momentum_12_1,2018-01-12,2019-01-14,-21.958630687127133
B0_momentum_12_1,2018-01-12,2019-01-15,-21.958630687127133
B0_momentum_12_1,2018-01-16,2019-01-16,-21.69123542725324
B0_momentum_12_1,2018-01-17,2019-01-17,-23.407421297856125
B0_momentum_12_1,2018-01-18,2019-01-18,-22.98314805973226
B0_momentum_12_1,2018-01-22,2019-01-22,-24.153719425659492
B0_momentum_12_1,2018-01-23,2019-01-23,-24.624635949657648
B0_momentum_12_1,2018-01-24,2019-01-24,-24.41591040911415
B0_momentum_12_1,2018-01-25,2019-01-25,-24.397813189274665
B0_momentum_12_1,2018-01-26,2019-01-28,-24.605127248828673
B0_momentum_12_1,2018-01-29,2019-01-29,-22.997679762503374
B0_momentum_12_1,2018-01-30,2019-01-30,-22.141004264794752
B0_momentum_12_1,2018-01-31,2019-01-31,-22.377504559031458
B0_momentum_12_1,2018-02-01,2019-02-01,-21.94476874064125
B0_momentum_12_1,2018-02-02,2019-02-04,-19.941934892858615
B0_momentum_12_1,2018-02-05,2019-02-05,-16.599170602576084
B0_momentum_12_1,2018-02-06,2019-02-06,-18.21831924275068
B0_momentum_12_1,2018-02-07,2019-02-07,-17.925424777449837
B0_momentum_12_1,2018-02-08,2019-02-08,-14.246188709833218
B0_momentum_12_1,2018-02-09,2019-02-11,-15.59234786913195
B0_momentum_12_1,2018-02-12,2019-02-12,-16.972087492665988
B0_momentum_12_1,2018-02-13,2019-02-13,-17.155630734922443
B0_momentum_12_1,2018-02-14,2019-02-14,-18.9369231069624
B0_momentum_12_1,2018-02-15,2019-02-15,-19.637691355072295
B0_momentum_12_1,2018-02-16,2019-02-19,-19.47984179927168
B0_momentum_12_1,2018-02-20,2019-02-20,-19.75899528082393
B0_momentum_12_1,2018-02-21,2019-02-21,-19.145079507733787
B0_momentum_12_1,2018-02-22,2019-02-22,-19.347268628387503
B0_momentum_12_1,2018-02-23,2019-02-25,-20.921942747541998
B0_momentum_12_1,2018-02-26,2019-02-26,-21.669876462931914
B0_momentum_12_1,2018-02-27,2019-02-27,-20.781328945682166
B0_momentum_12_1,2018-02-28,2019-02-28,-20.004667602701065
B0_momentum_12_1,2018-03-01,2019-03-01,-18.619189632668565
B0_momentum_12_1,2018-03-02,2019-03-04,-20.12965316021428
B0_momentum_12_1,2018-03-05,2019-03-05,-20.99734205533146
B0_momentum_12_1,2018-03-06,2019-03-06,-22.593242014458216
B0_momentum_12_1,2018-03-07,2019-03-07,-22.86410018555822
B0_momentum_12_1,2018-03-08,2019-03-08,-23.594522734113067
B0_momentum_12_1,2018-03-09,2019-03-11,-24.381801985751096
B0_momentum_12_1,2018-03-12,2019-03-12,-23.953210156219196
B0_momentum_12_1,2018-03-13,2019-03-13,-23.14420778150644
B0_momentum_12_1,2018-03-14,2019-03-14,-23.17604994371072
B0_momentum_12_1,2018-03-15,2019-03-15,-22.45394729452197
B0_momentum_12_1,2018-03-16,2019-03-18,-22.69951506816096
B0_momentum_12_1,2018-03-19,2019-03-19,-21.025113486109426
B0_momentum_12_1,2018-03-20,2019-03-20,-22.008181739620557
B0_momentum_12_1,2018-03-21,2019-03-21,-19.800204576280088
B0_momentum_12_1,2018-03-22,2019-03-22,-18.267190654710575
B0_momentum_12_1,2018-03-23,2019-03-25,-15.712759205117433
B0_momentum_12_1,2018-03-26,2019-03-26,-18.09060902710078
B0_momentum_12_1,2018-03-27,2019-03-27,-15.999891017541113
B0_momentum_12_1,2018-03-28,2019-03-28,-14.775938391903443
B0_momentum_12_1,2018-03-29,2019-03-29,-16.09606473984525
B0_momentum_12_1,2018-03-29,2019-04-01,-15.51871405578712
B0_momentum_12_1,2018-04-02,2019-04-02,-12.80426477353206
B0_momentum_12_1,2018-04-03,2019-04-03,-13.12340906316366
B0_momentum_12_1,2018-04-04,2019-04-04,-15.005358104771815
B0_momentum_12_1,2018-04-05,2019-04-05,-15.154121942765443
B0_momentum_12_1,2018-04-06,2019-04-08,-12.466805534823811
B0_momentum_12_1,2018-04-09,2019-04-09,-13.631069556580666
B0_momentum_12_1,2018-04-10,2019-04-10,-15.062305173038348
B0_momentum_12_1,2018-04-11,2019-04-11,-14.725329561029499
B0_momentum_12_1,2018-04-12,2019-04-12,-15.875547583287265
B0_momentum_12_1,2018-04-13,2019-04-15,-15.046269713175997
B0_momentum_12_1,2018-04-16,2019-04-16,-16.4248790598163
B0_momentum_12_1,2018-04-17,2019-04-17,-19.736252033983583
B0_momentum_12_1,2018-04-18,2019-04-18,-20.26462254905146
B0_momentum_12_1,2018-04-20,2019-04-22,-17.805422680529016
B0_momentum_12_1,2018-04-23,2019-04-23,-16.28817796707812
B0_momentum_12_1,2018-04-24,2019-04-24,-13.920190988204306
B0_momentum_12_1,2018-04-25,2019-04-25,-14.566543921774254
B0_momentum_12_1,2018-04-26,2019-04-26,-16.323224440624973
B0_momentum_12_1,2018-04-27,2019-04-29,-16.855519497847315
B0_momentum_12_1,2018-04-30,2019-04-30,-15.908395216707538
B0_momentum_12_1,2018-05-01,2019-05-01,-17.545664443065046
B0_momentum_12_1,2018-05-02,2019-05-02,-15.485373451386774
B0_momentum_12_1,2018-05-03,2019-05-03,-16.130602143733153
B0_momentum_12_1,2018-05-04,2019-05-06,-17.397497136013406
B0_momentum_12_1,2018-05-07,2019-05-07,-19.991745422376738
B0_momentum_12_1,2018-05-08,2019-05-08,-20.334889943574563
B0_momentum_12_1,2018-05-09,2019-05-09,-21.672550574614547
B0_momentum_12_1,2018-05-10,2019-05-10,-22.056037164444366
B0_momentum_12_1,2018-05-11,2019-05-13,-23.648708105950313
B0_momentum_12_1,2018-05-14,2019-05-14,-22.970137627159882
B0_momentum_12_1,2018-05-15,2019-05-15,-22.36736049859287
B0_momentum_12_1,2018-05-16,2019-05-16,-22.476442300479505
B0_momentum_12_1,2018-05-17,2019-05-17,-22.51985282878257
B0_momentum_12_1,2018-05-18,2019-05-20,-23.81296345351023
B0_momentum_12_1,2018-05-21,2019-05-21,-23.865623398284185
B0_momentum_12_1,2018-05-22,2019-05-22,-22.809778686624615
B0_momentum_12_1,2018-05-23,2019-05-23,-24.51488737439249
B0_momentum_12_1,2018-05-24,2019-05-24,-25.167779059325955
B0_momentum_12_1,2018-05-25,2019-05-28,-25.08797891029173
B0_momentum_12_1,2018-05-29,2019-05-29,-25.550934946765157
B0_momentum_12_1,2018-05-30,2019-05-30,-25.019214629923336
B0_momentum_12_1,2018-05-31,2019-05-31,-24.864318648673024
B0_momentum_12_1,2018-06-01,2019-06-03,-26.151701726444376
B0_momentum_12_1,2018-06-04,2019-06-04,-25.376516402384986
B0_momentum_12_1,2018-06-05,2019-06-05,-26.188191358867762
B0_momentum_12_1,2018-06-06,2019-06-06,-26.85435628701798
B0_momentum_12_1,2018-06-07,2019-06-07,-26.045805280842828
B0_momentum_12_1,2018-06-08,2019-06-10,-26.582216166100782
B0_momentum_12_1,2018-06-11,2019-06-11,-26.691516140314107
B0_momentum_12_1,2018-06-12,2019-06-12,-27.12954114872288
B0_momentum_12_1,2018-06-13,2019-06-13,-26.843698599639065
B0_momentum_12_1,2018-06-14,2019-06-14,-27.07214208640325
B0_momentum_12_1,2018-06-15,2019-06-17,-27.101662639566882
B0_momentum_12_1,2018-06-18,2019-06-18,-27.282530747253418
B0_momentum_12_1,2018-06-19,2019-06-19,-26.706586421746803
B0_momentum_12_1,2018-06-20,2019-06-20,-27.029658388753
B0_momentum_12_1,2018-06-21,2019-06-21,-26.174137346400762
B0_momentum_12_1,2018-06-22,2019-06-24,-24.95973979682995
B0_momentum_12_1,2018-06-25,2019-06-25,-22.968819727058943
B0_momentum_12_1,2018-06-26,2019-06-26,-23.736917847842033
B0_momentum_12_1,2018-06-27,2019-06-27,-22.25184062314616
B0_momentum_12_1,2018-06-28,2019-06-28,-22.800045813287806
B0_momentum_12_1,2018-06-29,2019-07-01,-23.21655632084808
B0_momentum_12_1,2018-07-02,2019-07-02,-22.676829013731393
B0_momentum_12_1,2018-07-03,2019-07-03,-20.596190596160735
B0_momentum_12_1,2018-07-05,2019-07-05,-21.36505331145342
B0_momentum_12_1,2018-07-06,2019-07-08,-21.951419317286923
B0_momentum_12_1,2018-07-09,2019-07-09,-22.339076068740805
B0_momentum_12_1,2018-07-10,2019-07-10,-22.457157765722258
B0_momentum_12_1,2018-07-11,2019-07-11,-21.784395928412735
B0_momentum_12_1,2018-07-12,2019-07-12,-22.40881339204268
B0_momentum_12_1,2018-07-13,2019-07-15,-22.15373033952126
B0_momentum_12_1,2018-07-16,2019-07-16,-22.52554249142361
B0_momentum_12_1,2018-07-17,2019-07-17,-23.31373231435553
B0_momentum_12_1,2018-07-18,2019-07-18,-23.516616071958286
B0_momentum_12_1,2018-07-19,2019-07-19,-24.511137213640723
B0_momentum_12_1,2018-07-20,2019-07-22,-24.10409556260631
B0_momentum_12_1,2018-07-23,2019-07-23,-24.091737739002706
B0_momentum_12_1,2018-07-24,2019-07-24,-23.0280618952598
B0_momentum_12_1,2018-07-25,2019-07-25,-24.61537549629188
B0_momentum_12_1,2018-07-26,2019-07-26,-23.483115835260193
B0_momentum_12_1,2018-07-27,2019-07-29,-22.57379479010663
B0_momentum_12_1,2018-07-30,2019-07-30,-21.464916504401575
B0_momentum_12_1,2018-07-31,2019-07-31,-22.072432274704045
B0_momentum_12_1,2018-08-01,2019-08-01,-22.05750647304989
B0_momentum_12_1,2018-08-02,2019-08-02,-24.5216924347737
B0_momentum_12_1,2018-08-03,2019-08-05,-26.737915988446183
B0_momentum_12_1,2018-08-06,2019-08-06,-26.008553181771887
B0_momentum_12_1,2018-08-07,2019-08-07,-26.238635408809184
B0_momentum_12_1,2018-08-08,2019-08-08,-24.666866551012724
B0_momentum_12_1,2018-08-09,2019-08-09,-25.24710721027359
B0_momentum_12_1,2018-08-10,2019-08-12,-26.190082733748852
B0_momentum_12_1,2018-08-13,2019-08-13,-24.64072666487298
B0_momentum_12_1,2018-08-14,2019-08-14,-28.245430792359272
B0_momentum_12_1,2018-08-15,2019-08-15,-25.10950398725903
B0_momentum_12_1,2018-08-16,2019-08-16,-24.30898810517601
B0_momentum_12_1,2018-08-17,2019-08-19,-24.128113547286013
B0_momentum_12_1,2018-08-20,2019-08-20,-25.73304496423393
B0_momentum_12_1,2018-08-21,2019-08-21,-25.508505076934853
B0_momentum_12_1,2018-08-22,2019-08-22,-25.32291087000228
B0_momentum_12_1,2018-08-23,2019-08-23,-27.66632993471242
B0_momentum_12_1,2018-08-24,2019-08-26,-27.183903095266682
B0_momentum_12_1,2018-08-27,2019-08-27,-27.622751102344434
B0_momentum_12_1,2018-08-28,2019-08-28,-27.285280499344566
B0_momentum_12_1,2018-08-29,2019-08-29,-26.877285465968082
B0_momentum_12_1,2018-08-30,2019-08-30,-26.62035013317111
B0_momentum_12_1,2018-08-31,2019-09-03,-27.069602796444205
B0_momentum_12_1,2018-09-04,2019-09-04,-26.70554197684173
B0_momentum_12_1,2018-09-05,2019-09-05,-24.623966460884727
B0_momentum_12_1,2018-09-06,2019-09-06,-24.155753956059733
B0_momentum_12_1,2018-09-07,2019-09-09,-25.79207435944697
B0_momentum_12_1,2018-09-10,2019-09-10,-27.70984490717462
B0_momentum_12_1,2018-09-11,2019-09-11,-27.924188182101673
B0_momentum_12_1,2018-09-12,2019-09-12,-27.293202108120994
B0_momentum_12_1,2018-09-13,2019-09-13,-27.908082679051404
B0_momentum_12_1,2018-09-14,2019-09-16,-28.318843799893013
B0_momentum_12_1,2018-09-17,2019-09-17,-25.677261917960138
B0_momentum_12_1,2018-09-18,2019-09-18,-26.580895863984633
B0_momentum_12_1,2018-09-19,2019-09-19,-25.39269955085153
B0_momentum_12_1,2018-09-20,2019-09-20,-25.859503581484923
B0_momentum_12_1,2018-09-21,2019-09-23,-25.310181071474304
B0_momentum_12_1,2018-09-24,2019-09-24,-25.867868444241637
B0_momentum_12_1,2018-09-25,2019-09-25,-26.49914044123285
B0_momentum_12_1,2018-09-26,2019-09-26,-26.342736651769506
B0_momentum_12_1,2018-09-27,2019-09-27,-27.03846594245728
B0_momentum_12_1,2018-09-28,2019-09-30,-26.48619498931807
B0_momentum_12_1,2018-10-01,2019-10-01,-27.392455444974996
B0_momentum_12_1,2018-10-02,2019-10-02,-26.950487522169308
B0_momentum_12_1,2018-10-03,2019-10-03,-26.15171180792788
B0_momentum_12_1,2018-10-04,2019-10-04,-23.390383515616364
B0_momentum_12_1,2018-10-05,2019-10-07,-23.199727628696976
B0_momentum_12_1,2018-10-08,2019-10-08,-22.8179121483283
B0_momentum_12_1,2018-10-09,2019-10-09,-21.86709930236459
B0_momentum_12_1,2018-10-10,2019-10-10,-17.8487464406374
B0_momentum_12_1,2018-10-11,2019-10-11,-16.823917092799924
B0_momentum_12_1,2018-10-12,2019-10-14,-19.465637306101925
B0_momentum_12_1,2018-10-15,2019-10-15,-18.343972337176428
B0_momentum_12_1,2018-10-16,2019-10-16,-21.104688910853632
B0_momentum_12_1,2018-10-17,2019-10-17,-20.176197191319222
B0_momentum_12_1,2018-10-18,2019-10-18,-18.393129790903707
B0_momentum_12_1,2018-10-19,2019-10-21,-15.843514566584638
B0_momentum_12_1,2018-10-22,2019-10-22,-17.154748302272903
B0_momentum_12_1,2018-10-23,2019-10-23,-16.774094962037267
B0_momentum_12_1,2018-10-24,2019-10-24,-11.797447431123931
B0_momentum_12_1,2018-10-25,2019-10-25,-13.653991675215549
B0_momentum_12_1,2018-10-26,2019-10-28,-11.221332288359031
B0_momentum_12_1,2018-10-29,2019-10-29,-10.155216124206468
B0_momentum_12_1,2018-10-30,2019-10-30,-11.638330789514995
B0_momentum_12_1,2018-10-31,2019-10-31,-12.935225873764855
B0_momentum_12_1,2018-11-01,2019-11-01,-12.384130869425602
B0_momentum_12_1,2018-11-02,2019-11-04,-12.997518327713664
B0_momentum_12_1,2018-11-05,2019-11-05,-13.691458361609365
B0_momentum_12_1,2018-11-06,2019-11-06,-13.378765352517396
B0_momentum_12_1,2018-11-07,2019-11-07,-13.442319089738664
B0_momentum_12_1,2018-11-08,2019-11-08,-13.344496788052462
B0_momentum_12_1,2018-11-09,2019-11-11,-12.803223733701763
B0_momentum_12_1,2018-11-12,2019-11-12,-12.4805744056406
B0_momentum_12_1,2018-11-13,2019-11-13,-11.691566994642354
B0_momentum_12_1,2018-11-14,2019-11-14,-11.104221649157642
B0_momentum_12_1,2018-11-15,2019-11-15,-10.168207663771833
B0_momentum_12_1,2018-11-16,2019-11-18,-9.636373451203283
B0_momentum_12_1,2018-11-19,2019-11-19,-9.133946509258905
B0_momentum_12_1,2018-11-20,2019-11-20,-9.335410678843347
B0_momentum_12_1,2018-11-21,2019-11-21,-10.602051108703181
B0_momentum_12_1,2018-11-21,2019-11-22,-11.120900571995184
B0_momentum_12_1,2018-11-23,2019-11-25,-9.755869276681405
B0_momentum_12_1,2018-11-26,2019-11-26,-9.41656727143181
B0_momentum_12_1,2018-11-27,2019-11-27,-8.880930660727293
B0_momentum_12_1,2018-11-29,2019-11-29,-9.466478863902916
B0_momentum_12_1,2018-11-30,2019-12-02,-11.077276274525605
B0_momentum_12_1,2018-12-03,2019-12-03,-11.748954577723048
B0_momentum_12_1,2018-12-04,2019-12-04,-8.063589686747052
B0_momentum_12_1,2018-12-04,2019-12-05,-8.138982541925788
B0_momentum_12_1,2018-12-06,2019-12-06,-8.186577950844342
B0_momentum_12_1,2018-12-07,2019-12-09,-5.650858023673766
B0_momentum_12_1,2018-12-10,2019-12-10,-6.181084171073159
B0_momentum_12_1,2018-12-11,2019-12-11,-4.884014678732662
B0_momentum_12_1,2018-12-12,2019-12-12,-4.054109105247228
B0_momentum_12_1,2018-12-13,2019-12-13,-2.489188288972144
B0_momentum_12_1,2018-12-14,2019-12-16,-0.3653262147722214
B0_momentum_12_1,2018-12-17,2019-12-17,3.506539301811684
B0_momentum_12_1,2018-12-18,2019-12-18,1.9757933707471365
B0_momentum_12_1,2018-12-19,2019-12-19,4.999902637756248
B0_momentum_12_1,2018-12-20,2019-12-20,8.32923791242024
B0_momentum_12_1,2018-12-21,2019-12-23,10.548206701095243
B0_momentum_12_1,2018-12-24,2019-12-24,13.164278805602315
B0_momentum_12_1,2018-12-26,2019-12-26,7.2224070291242
B0_momentum_12_1,2018-12-27,2019-12-27,6.484143294251554
B0_momentum_12_1,2018-12-28,2019-12-30,6.02057112836667
B0_momentum_12_1,2018-12-31,2019-12-31,4.570436600718963
B0_momentum_12_1,2019-01-02,2020-01-02,7.6297177423540585
B0_momentum_12_1,2019-01-03,2020-01-03,6.810943491495225
B0_momentum_12_1,2019-01-04,2020-01-06,6.183402137118055
B0_momentum_12_1,2019-01-07,2020-01-07,6.321909232714051
B0_momentum_12_1,2019-01-08,2020-01-08,6.368411749226377
B0_momentum_12_1,2019-01-09,2020-01-09,7.288724854411677
B0_momentum_12_1,2019-01-10,2020-01-10,6.871234495381806
B0_momentum_12_1,2019-01-11,2020-01-13,7.9818378323287975
B0_momentum_12_1,2019-01-14,2020-01-14,7.809158503294755
B0_momentum_12_1,2019-01-15,2020-01-15,7.844055089204516
B0_momentum_12_1,2019-01-16,2020-01-16,9.112074037841044
B0_momentum_12_1,2019-01-17,2020-01-17,9.249192017844443
B0_momentum_12_1,2019-01-18,2020-01-21,8.667259925613969
B0_momentum_12_1,2019-01-22,2020-01-22,9.121392680971807
B0_momentum_12_1,2019-01-23,2020-01-23,9.597853085731556
B0_momentum_12_1,2019-01-24,2020-01-24,8.034475966910183
B0_momentum_12_1,2019-01-25,2020-01-27,5.897686459217999
B0_momentum_12_1,2019-01-28,2020-01-28,7.987100410781944
B0_momentum_12_1,2019-01-29,2020-01-29,7.094942845566732
B0_momentum_12_1,2019-01-30,2020-01-30,7.904699961105388
B0_momentum_12_1,2019-01-31,2020-01-31,4.96990878105128
B0_momentum_12_1,2019-02-01,2020-02-03,6.592452099238333
B0_momentum_12_1,2019-02-04,2020-02-04,8.71899242578098
B0_momentum_12_1,2019-02-05,2020-02-05,8.818054136175512
B0_momentum_12_1,2019-02-06,2020-02-06,8.435211799035546
B0_momentum_12_1,2019-02-07,2020-02-07,7.352199609609089
B0_momentum_12_1,2019-02-08,2020-02-10,8.900755542900995
B0_momentum_12_1,2019-02-11,2020-02-11,9.764172903752243
B0_momentum_12_1,2019-02-12,2020-02-12,10.620230778988793
B0_momentum_12_1,2019-02-13,2020-02-13,10.961801593090348
B0_momentum_12_1,2019-02-14,2020-02-14,11.251961751055116
B0_momentum_12_1,2019-02-15,2020-02-18,10.78232796892269
B0_momentum_12_1,2019-02-19,2020-02-19,12.071049594586182
B0_momentum_12_1,2019-02-20,2020-02-20,10.77238821362756
B0_momentum_12_1,2019-02-21,2020-02-21,7.939951589984906
B0_momentum_12_1,2019-02-22,2020-02-24,4.204074391669055
B0_momentum_12_1,2019-02-25,2020-02-25,0.7782967584128775
B0_momentum_12_1,2019-02-26,2020-02-26,0.6108867315948396
B0_momentum_12_1,2019-02-27,2020-02-27,-3.4033229859513403
B0_momentum_12_1,2019-02-28,2020-02-28,-2.6006204125365473
B0_momentum_12_1,2019-03-01,2020-03-02,-1.4992656959585404
B0_momentum_12_1,2019-03-04,2020-03-03,-0.7035883865408765
B0_momentum_12_1,2019-03-05,2020-03-04,-0.8683412122202694
B0_momentum_12_1,2019-03-06,2020-03-05,0.2564084256574173
B0_momentum_12_1,2019-03-07,2020-03-06,0.7109098795766933
B0_momentum_12_1,2019-03-08,2020-03-09,1.1419204245201264
B0_momentum_12_1,2019-03-11,2020-03-10,0.042823828640981
B0_momentum_12_1,2019-03-12,2020-03-11,-0.6296948029488325
B0_momentum_12_1,2019-03-13,2020-03-12,-1.078851938827774
B0_momentum_12_1,2019-03-14,2020-03-13,-0.8142046655922774
B0_momentum_12_1,2019-03-15,2020-03-16,-1.3185715733288195
B0_momentum_12_1,2019-03-18,2020-03-17,-1.4368429195923182
B0_momentum_12_1,2019-03-19,2020-03-18,-2.1077067117811987
B0_momentum_12_1,2019-03-20,2020-03-19,-2.2461727679655152
B0_momentum_12_1,2019-03-21,2020-03-20,-4.426201159437904
B0_momentum_12_1,2019-03-22,2020-03-23,-2.9210092839473067
B0_momentum_12_1,2019-03-25,2020-03-24,-3.5964028332891584
B0_momentum_12_1,2019-03-26,2020-03-25,-4.040847626787347
B0_momentum_12_1,2019-03-27,2020-03-26,-3.2255140930974147
B0_momentum_12_1,2019-03-28,2020-03-27,-3.819630914279437
B0_momentum_12_1,2019-03-29,2020-03-30,-4.433745415771684
B0_momentum_12_1,2019-04-01,2020-03-31,-5.086851507143352
B0_momentum_12_1,2019-04-02,2020-04-01,-5.206625443545121
B0_momentum_12_1,2019-04-03,2020-04-02,-5.994867585409591
B0_momentum_12_1,2019-04-04,2020-04-03,-5.183545449569293
B0_momentum_12_1,2019-04-05,2020-04-06,-5.698121799900591
B0_momentum_12_1,2019-04-08,2020-04-07,-5.66196874199213
B0_momentum_12_1,2019-04-09,2020-04-08,-5.146404091961953
B0_momentum_12_1,2019-04-10,2020-04-09,-5.924831663794561
B0_momentum_12_1,2019-04-12,2020-04-13,-5.839774083633609
B0_momentum_12_1,2019-04-15,2020-04-14,-5.961870064711983
B0_momentum_12_1,2019-04-16,2020-04-15,-4.668528890893708
B0_momentum_12_1,2019-04-17,2020-04-16,-2.991364694540355
B0_momentum_12_1,2019-04-18,2020-04-17,-3.2342241734594213
B0_momentum_12_1,2019-04-18,2020-04-20,-3.2342241734594213
B0_momentum_12_1,2019-04-22,2020-04-21,-3.238956302998741
B0_momentum_12_1,2019-04-23,2020-04-22,-4.648001367641486
B0_momentum_12_1,2019-04-24,2020-04-23,-5.012720385847047
B0_momentum_12_1,2019-04-25,2020-04-24,-4.552649547279442
B0_momentum_12_1,2019-04-26,2020-04-27,-4.993131690087593
B0_momentum_12_1,2019-04-29,2020-04-28,-4.327117000091452
B0_momentum_12_1,2019-04-30,2020-04-29,-4.807805120723819
B0_momentum_12_1,2019-05-01,2020-04-30,-3.5755312569025643
B0_momentum_12_1,2019-05-02,2020-05-01,-4.688960604655379
B0_momentum_12_1,2019-05-03,2020-05-04,-4.604981962103083
B0_momentum_12_1,2019-05-06,2020-05-05,-4.228796438074445
B0_momentum_12_1,2019-05-07,2020-05-06,-2.3056273029859575
B0_momentum_12_1,2019-05-08,2020-05-07,-2.3021622723549573
B0_momentum_12_1,2019-05-09,2020-05-08,-2.498805625357392
B0_momentum_12_1,2019-05-10,2020-05-11,-3.1467509669666938
B0_momentum_12_1,2019-05-13,2020-05-12,-1.3163560201884361
B0_momentum_12_1,2019-05-14,2020-05-13,-2.1757737579360836
B0_momentum_12_1,2019-05-15,2020-05-14,-2.618674683131539
B0_momentum_12_1,2019-05-16,2020-05-15,-3.4818527565424473
B0_momentum_12_1,2019-05-17,2020-05-18,-2.8464082499797705
B0_momentum_12_1,2019-05-20,2020-05-19,-1.629114590554659
B0_momentum_12_1,2019-05-21,2020-05-20,-2.647116404182026
B0_momentum_12_1,2019-05-22,2020-05-21,-3.1081887168010525
B0_momentum_12_1,2019-05-23,2020-05-22,-2.019602252492081
B0_momentum_12_1,2019-05-24,2020-05-26,-2.0236731572950917
B0_momentum_12_1,2019-05-28,2020-05-27,-1.9031051130248389
B0_momentum_12_1,2019-05-29,2020-05-28,-0.9319265168579838
B0_momentum_12_1,2019-05-30,2020-05-29,-2.378812107462913
B0_momentum_12_1,2019-05-31,2020-06-01,-1.3145227144567895
B0_momentum_12_1,2019-06-03,2020-06-02,-1.243471849842015
B0_momentum_12_1,2019-06-04,2020-06-03,-1.3000925911202943
B0_momentum_12_1,2019-06-05,2020-06-04,-1.7720741977303778
B0_momentum_12_1,2019-06-06,2020-06-05,0.5443259645693255
B0_momentum_12_1,2019-06-07,2020-06-08,0.6292654658001995
B0_momentum_12_1,2019-06-10,2020-06-09,1.0950006979172366
B0_momentum_12_1,2019-06-11,2020-06-10,1.6967161406717057
B0_momentum_12_1,2019-06-12,2020-06-11,-3.8565402744461297
B0_momentum_12_1,2019-06-13,2020-06-12,-2.828243821154597
B0_momentum_12_1,2019-06-14,2020-06-15,-1.132347053587146
B0_momentum_12_1,2019-06-17,2020-06-16,-0.05695341308585844
B0_momentum_12_1,2019-06-18,2020-06-17,0.6859149830740208
B0_momentum_12_1,2019-06-19,2020-06-18,0.40771858163886066
B0_momentum_12_1,2019-06-20,2020-06-19,1.8180486970027276
B0_momentum_12_1,2019-06-21,2020-06-22,1.9817336273619812
B0_momentum_12_1,2019-06-24,2020-06-23,2.036782594185782
B0_momentum_12_1,2019-06-25,2020-06-24,-0.2883604983149324
B0_momentum_12_1,2019-06-26,2020-06-25,1.094543134855508
B0_momentum_12_1,2019-06-27,2020-06-26,-0.9858175251539203
B0_momentum_12_1,2019-06-28,2020-06-29,-0.04405728336918102
B0_momentum_12_1,2019-07-01,2020-06-30,2.8843138653311007
B0_momentum_12_1,2019-07-02,2020-07-01,1.4821350350371798
B0_momentum_12_1,2019-07-03,2020-07-02,0.917147279938324
B0_momentum_12_1,2019-07-05,2020-07-06,3.3380565820388286
B0_momentum_12_1,2019-07-08,2020-07-07,3.3582015171755852
B0_momentum_12_1,2019-07-09,2020-07-08,3.8842129767006517
B0_momentum_12_1,2019-07-10,2020-07-09,4.432739423351317
B0_momentum_12_1,2019-07-11,2020-07-10,4.1022679691647745
B0_momentum_12_1,2019-07-12,2020-07-13,0.6164525157184242
B0_momentum_12_1,2019-07-15,2020-07-14,2.4243076798644125
B0_momentum_12_1,2019-07-16,2020-07-15,2.9080444218761103
B0_momentum_12_1,2019-07-17,2020-07-16,2.89722979862328
B0_momentum_12_1,2019-07-18,2020-07-17,3.784698036208045
B0_momentum_12_1,2019-07-19,2020-07-20,7.3530296401913775
B0_momentum_12_1,2019-07-22,2020-07-21,6.66318526295997
B0_momentum_12_1,2019-07-23,2020-07-22,7.492482607561368
B0_momentum_12_1,2019-07-24,2020-07-23,5.586922194655064
B0_momentum_12_1,2019-07-25,2020-07-24,5.172793925738994
B0_momentum_12_1,2019-07-26,2020-07-27,6.087057455040368
B0_momentum_12_1,2019-07-29,2020-07-28,4.617790307660319
B0_momentum_12_1,2019-07-30,2020-07-29,6.9925173037010735
B0_momentum_12_1,2019-07-31,2020-07-30,9.648719126573102
B0_momentum_12_1,2019-08-01,2020-07-31,11.235555142194631
B0_momentum_12_1,2019-08-02,2020-08-03,13.508424549105946
B0_momentum_12_1,2019-08-05,2020-08-04,17.88375047101207
B0_momentum_12_1,2019-08-06,2020-08-05,16.020595835829177
B0_momentum_12_1,2019-08-07,2020-08-06,15.895083645801321
B0_momentum_12_1,2019-08-08,2020-08-07,10.980333691443578
B0_momentum_12_1,2019-08-09,2020-08-10,10.073458792319157
B0_momentum_12_1,2019-08-12,2020-08-11,9.587428331295932
B0_momentum_12_1,2019-08-13,2020-08-12,10.868944453872075
B0_momentum_12_1,2019-08-14,2020-08-13,15.39667945994565
B0_momentum_12_1,2019-08-15,2020-08-14,13.793058936530645
B0_momentum_12_1,2019-08-16,2020-08-17,14.644370629095826
B0_momentum_12_1,2019-08-19,2020-08-18,13.83552488153661
B0_momentum_12_1,2019-08-20,2020-08-19,14.064748161961393
B0_momentum_12_1,2019-08-21,2020-08-20,13.401169669117152
B0_momentum_12_1,2019-08-22,2020-08-21,12.568223308788728
B0_momentum_12_1,2019-08-23,2020-08-24,15.726851459371982
B0_momentum_12_1,2019-08-26,2020-08-25,15.060331082403877
B0_momentum_12_1,2019-08-27,2020-08-26,15.718040041232317
B0_momentum_12_1,2019-08-28,2020-08-27,13.948280956186254
B0_momentum_12_1,2019-08-29,2020-08-28,13.261970935283983
B0_momentum_12_1,2019-08-30,2020-08-31,14.820500715755426
B0_momentum_12_1,2019-08-30,2020-09-01,16.098837496243902
B0_momentum_12_1,2019-09-03,2020-09-02,18.460632254797172
B0_momentum_12_1,2019-09-04,2020-09-03,10.691509346421245
B0_momentum_12_1,2019-09-05,2020-09-04,7.682965594123248
B0_momentum_12_1,2019-09-09,2020-09-08,7.019726642306723
B0_momentum_12_1,2019-09-10,2020-09-09,12.476504836258906
B0_momentum_12_1,2019-09-11,2020-09-10,10.122486834421496
B0_momentum_12_1,2019-09-12,2020-09-11,8.458063485100853
B0_momentum_12_1,2019-09-13,2020-09-14,11.099632584409713
B0_momentum_12_1,2019-09-16,2020-09-15,13.616708793905286
B0_momentum_12_1,2019-09-17,2020-09-16,9.282912443125912
B0_momentum_12_1,2019-09-18,2020-09-17,8.197175117477617
B0_momentum_12_1,2019-09-19,2020-09-18,7.189538268267448
B0_momentum_12_1,2019-09-20,2020-09-21,8.349265294981144
B0_momentum_12_1,2019-09-23,2020-09-22,9.587440938177295
B0_momentum_12_1,2019-09-24,2020-09-23,7.057137626562704
B0_momentum_12_1,2019-09-25,2020-09-24,7.9835296720135895
B0_momentum_12_1,2019-09-26,2020-09-25,10.08697671443388
B0_momentum_12_1,2019-09-27,2020-09-28,12.841964301866259
B0_momentum_12_1,2019-09-30,2020-09-29,12.290444738565975
B0_momentum_12_1,2019-10-01,2020-09-30,13.671228832696558
B0_momentum_12_1,2019-10-02,2020-10-01,17.346638017409365
B0_momentum_12_1,2019-10-03,2020-10-02,13.276733939866237
B0_momentum_12_1,2019-10-04,2020-10-05,14.933953281802982
B0_momentum_12_1,2019-10-07,2020-10-06,13.306245558818809
B0_momentum_12_1,2019-10-08,2020-10-07,17.61465064961756
B0_momentum_12_1,2019-10-09,2020-10-08,16.365059177582573
B0_momentum_12_1,2019-10-10,2020-10-09,17.946729366906887
B0_momentum_12_1,2019-10-11,2020-10-12,19.487550124717036
B0_momentum_12_1,2019-10-14,2020-10-13,20.3822842797458
B0_momentum_12_1,2019-10-15,2020-10-14,19.355219969630653
B0_momentum_12_1,2019-10-16,2020-10-15,20.152892049827486
B0_momentum_12_1,2019-10-17,2020-10-16,19.09923204958566
B0_momentum_12_1,2019-10-18,2020-10-19,16.776642652664208
B0_momentum_12_1,2019-10-21,2020-10-20,16.18201611650065
B0_momentum_12_1,2019-10-22,2020-10-21,15.961500168408293
B0_momentum_12_1,2019-10-23,2020-10-22,15.810120029751573
B0_momentum_12_1,2019-10-24,2020-10-23,16.134457014712744
B0_momentum_12_1,2019-10-25,2020-10-26,15.797314939772345
B0_momentum_12_1,2019-10-28,2020-10-27,15.921210913758177
B0_momentum_12_1,2019-10-29,2020-10-28,11.020896876310427
B0_momentum_12_1,2019-10-30,2020-10-29,11.49290060938739
B0_momentum_12_1,2019-10-31,2020-10-30,8.304052265334484
B0_momentum_12_1,2019-11-01,2020-11-02,8.325119708238415
B0_momentum_12_1,2019-11-04,2020-11-03,11.02747415094385
B0_momentum_12_1,2019-11-05,2020-11-04,16.567309850413658
B0_momentum_12_1,2019-11-06,2020-11-05,20.29011143610815
B0_momentum_12_1,2019-11-07,2020-11-06,20.920151283390354
B0_momentum_12_1,2019-11-08,2020-11-09,14.707188315626851
B0_momentum_12_1,2019-11-11,2020-11-10,10.747673011135262
B0_momentum_12_1,2019-11-12,2020-11-11,14.076778807264834
B0_momentum_12_1,2019-11-13,2020-11-12,12.07463636557442
B0_momentum_12_1,2019-11-14,2020-11-13,11.64135718282302
B0_momentum_12_1,2019-11-15,2020-11-16,11.126906787515223
B0_momentum_12_1,2019-11-18,2020-11-17,10.233971082331461
B0_momentum_12_1,2019-11-19,2020-11-18,8.007650082457186
B0_momentum_12_1,2019-11-20,2020-11-19,9.488186891828999
B0_momentum_12_1,2019-11-21,2020-11-20,10.75228833584334
B0_momentum_12_1,2019-11-22,2020-11-23,11.296465372717579
B0_momentum_12_1,2019-11-25,2020-11-24,8.945075169905436
B0_momentum_12_1,2019-11-26,2020-11-25,9.282414099801283
B0_momentum_12_1,2019-11-27,2020-11-27,10.304127990879719
B0_momentum_12_1,2019-11-29,2020-11-30,11.964160202932227
B0_momentum_12_1,2019-12-02,2020-12-01,14.89183368268887
B0_momentum_12_1,2019-12-03,2020-12-02,15.215093237045597
B0_momentum_12_1,2019-12-04,2020-12-03,14.182615198476501
B0_momentum_12_1,2019-12-05,2020-12-04,15.166048905549601
B0_momentum_12_1,2019-12-06,2020-12-07,15.38221945987619
B0_momentum_12_1,2019-12-09,2020-12-08,16.365607918414305
B0_momentum_12_1,2019-12-10,2020-12-09,13.858237638381098
B0_momentum_12_1,2019-12-11,2020-12-10,13.610788712495413
B0_momentum_12_1,2019-12-12,2020-12-11,12.27754805014898
B0_momentum_12_1,2019-12-13,2020-12-14,13.067056348552075
B0_momentum_12_1,2019-12-16,2020-12-15,14.124196284669189
B0_momentum_12_1,2019-12-17,2020-12-16,14.852296649225538
B0_momentum_12_1,2019-12-18,2020-12-17,16.814961611930567
B0_momentum_12_1,2019-12-19,2020-12-18,16.406127834658115
B0_momentum_12_1,2019-12-20,2020-12-21,14.958949041498348
B0_momentum_12_1,2019-12-23,2020-12-22,16.429661205870083
B0_momentum_12_1,2019-12-24,2020-12-23,14.752046717799928
B0_momentum_12_1,2019-12-24,2020-12-24,15.118209418984385
B0_momentum_12_1,2019-12-27,2020-12-28,14.127196413617815
B0_momentum_12_1,2019-12-30,2020-12-29,14.442713221237868
B0_momentum_12_1,2019-12-31,2020-12-30,15.356955390183824
B0_momentum_12_1,2019-12-31,2020-12-31,15.77374106428049
B0_momentum_12_1,2020-01-03,2021-01-04,14.158698351666477
B0_momentum_12_1,2020-01-06,2021-01-05,16.807149653615472
B0_momentum_12_1,2020-01-07,2021-01-06,16.96890490021188
B0_momentum_12_1,2020-01-08,2021-01-07,20.68959966320807
B0_momentum_12_1,2020-01-09,2021-01-08,21.519271180600754
B0_momentum_12_1,2020-01-10,2021-01-11,20.76547796311359
B0_momentum_12_1,2020-01-13,2021-01-12,20.47171674489816
B0_momentum_12_1,2020-01-14,2021-01-13,20.213497494301592
B0_momentum_12_1,2020-01-15,2021-01-14,20.299800014856608
B0_momentum_12_1,2020-01-16,2021-01-15,17.41622179427944
B0_momentum_12_1,2020-01-17,2021-01-19,19.286588378123426
B0_momentum_12_1,2020-01-21,2021-01-20,20.68958409246797
B0_momentum_12_1,2020-01-22,2021-01-21,19.81315892539628
B0_momentum_12_1,2020-01-23,2021-01-22,18.950805364594615
B0_momentum_12_1,2020-01-24,2021-01-25,20.778767626092232
B0_momentum_12_1,2020-01-27,2021-01-26,21.669310059155645
B0_momentum_12_1,2020-01-28,2021-01-27,14.257457302737265
B0_momentum_12_1,2020-01-29,2021-01-28,17.043244154322835
B0_momentum_12_1,2020-01-30,2021-01-29,13.891300387860483
B0_momentum_12_1,2020-01-31,2021-02-01,20.294601953116988
B0_momentum_12_1,2020-02-03,2021-02-02,20.881165316050378
B0_momentum_12_1,2020-02-04,2021-02-03,17.277236136479466
B0_momentum_12_1,2020-02-05,2021-02-04,19.13576409872535
B0_momentum_12_1,2020-02-06,2021-02-05,20.67963969667037
B0_momentum_12_1,2020-02-07,2021-02-08,23.632261543189692
B0_momentum_12_1,2020-02-10,2021-02-09,21.810467603521367
B0_momentum_12_1,2020-02-11,2021-02-10,20.369010521672614
B0_momentum_12_1,2020-02-12,2021-02-11,20.657572295628057
B0_momentum_12_1,2020-02-13,2021-02-12,22.596975385519592
B0_momentum_12_1,2020-02-14,2021-02-16,21.959007852605737
B0_momentum_12_1,2020-02-18,2021-02-17,20.413221525721713
B0_momentum_12_1,2020-02-19,2021-02-18,17.15649082589339
B0_momentum_12_1,2020-02-20,2021-02-19,20.076374481097492
B0_momentum_12_1,2020-02-21,2021-02-22,18.822166360302184
B0_momentum_12_1,2020-02-24,2021-02-23,22.017562567258263
B0_momentum_12_1,2020-02-25,2021-02-24,28.883213451987654
B0_momentum_12_1,2020-02-26,2021-02-25,23.771988913950736
B0_momentum_12_1,2020-02-27,2021-02-26,30.97462666256967
B0_momentum_12_1,2020-02-28,2021-03-01,34.374763656426445
B0_momentum_12_1,2020-03-02,2021-03-02,29.496650797835898
B0_momentum_12_1,2020-03-03,2021-03-03,23.873424952972222
B0_momentum_12_1,2020-03-04,2021-03-04,18.437234748503982
B0_momentum_12_1,2020-03-05,2021-03-05,19.408715456904922
B0_momentum_12_1,2020-03-06,2021-03-08,13.734895095499965
B0_momentum_12_1,2020-03-09,2021-03-09,20.66293538003272
B0_momentum_12_1,2020-03-10,2021-03-10,20.54142455595269
B0_momentum_12_1,2020-03-11,2021-03-11,25.852550011130802
B0_momentum_12_1,2020-03-12,2021-03-12,24.643178546445444
B0_momentum_12_1,2020-03-13,2021-03-15,27.13308319206922
B0_momentum_12_1,2020-03-16,2021-03-16,25.645597454426074
B0_momentum_12_1,2020-03-17,2021-03-17,26.47516211197274
B0_momentum_12_1,2020-03-18,2021-03-18,21.726425675674534
B0_momentum_12_1,2020-03-19,2021-03-19,23.012835698204537
B0_momentum_12_1,2020-03-20,2021-03-22,25.267800364719406
B0_momentum_12_1,2020-03-23,2021-03-23,22.88485508125049
B0_momentum_12_1,2020-03-24,2021-03-24,19.910044286067908
B0_momentum_12_1,2020-03-25,2021-03-25,19.998585212577357
B0_momentum_12_1,2020-03-26,2021-03-26,23.462026852513283
B0_momentum_12_1,2020-03-27,2021-03-29,21.608564138415744
B0_momentum_12_1,2020-03-30,2021-03-30,22.188887803767866
B0_momentum_12_1,2020-03-31,2021-03-31,25.614565390600696
B0_momentum_12_1,2020-04-01,2021-04-01,27.86399573126492
B0_momentum_12_1,2020-04-03,2021-04-05,28.110745574848806
B0_momentum_12_1,2020-04-06,2021-04-06,29.463060046445012
B0_momentum_12_1,2020-04-07,2021-04-07,28.224537281754426
B0_momentum_12_1,2020-04-08,2021-04-08,29.847818125114124
B0_momentum_12_1,2020-04-09,2021-04-09,30.00538796072012
B0_momentum_12_1,2020-04-09,2021-04-12,29.466375183995307
B0_momentum_12_1,2020-04-13,2021-04-13,30.200116620540495
B0_momentum_12_1,2020-04-14,2021-04-14,30.786532524826747
B0_momentum_12_1,2020-04-15,2021-04-15,30.460283186487548
B0_momentum_12_1,2020-04-16,2021-04-16,30.76595853632236
B0_momentum_12_1,2020-04-17,2021-04-19,28.184466991646005
B0_momentum_12_1,2020-04-20,2021-04-20,25.037862154042067
B0_momentum_12_1,2020-04-21,2021-04-21,28.66303820475109
B0_momentum_12_1,2020-04-22,2021-04-22,27.89470439074695
B0_momentum_12_1,2020-04-23,2021-04-23,30.724410610019937
B0_momentum_12_1,2020-04-24,2021-04-26,32.22156427810447
B0_momentum_12_1,2020-04-27,2021-04-27,33.19857934042793
B0_momentum_12_1,2020-04-28,2021-04-28,33.528424843920355
B0_momentum_12_1,2020-04-29,2021-04-29,32.6141227419527
B0_momentum_12_1,2020-04-30,2021-04-30,30.805781940325993
B0_momentum_12_1,2020-05-01,2021-05-03,30.658424760240898
B0_momentum_12_1,2020-05-04,2021-05-04,28.90011057641364
B0_momentum_12_1,2020-05-05,2021-05-05,30.563491050138648
B0_momentum_12_1,2020-05-06,2021-05-06,28.871116696335687
B0_momentum_12_1,2020-05-07,2021-05-07,32.7052056396125
B0_momentum_12_1,2020-05-08,2021-05-10,29.008552494753538
B0_momentum_12_1,2020-05-11,2021-05-11,28.483200575850876
B0_momentum_12_1,2020-05-12,2021-05-12,22.8964751144211
B0_momentum_12_1,2020-05-13,2021-05-13,23.852513067229108
B0_momentum_12_1,2020-05-14,2021-05-14,27.693000073077357
B0_momentum_12_1,2020-05-15,2021-05-17,27.612252560678275
B0_momentum_12_1,2020-05-18,2021-05-18,26.60004914158216
B0_momentum_12_1,2020-05-19,2021-05-19,24.79593673983014
B0_momentum_12_1,2020-05-20,2021-05-20,26.76271469718168
B0_momentum_12_1,2020-05-21,2021-05-21,26.718078172193536
B0_momentum_12_1,2020-05-22,2021-05-24,28.382475847788015
B0_momentum_12_1,2020-05-22,2021-05-25,28.06186650394238
B0_momentum_12_1,2020-05-26,2021-05-26,29.83086356283442
B0_momentum_12_1,2020-05-27,2021-05-27,31.99475490635637
B0_momentum_12_1,2020-05-28,2021-05-28,31.723843407219434
B0_momentum_12_1,2020-06-01,2021-06-01,31.939092439153317
B0_momentum_12_1,2020-06-02,2021-06-02,30.641504762894712
B0_momentum_12_1,2020-06-03,2021-06-03,28.93460682296456
B0_momentum_12_1,2020-06-04,2021-06-04,30.43132538793989
B0_momentum_12_1,2020-06-05,2021-06-07,28.05025686972784
B0_momentum_12_1,2020-06-08,2021-06-08,28.946108312959453
B0_momentum_12_1,2020-06-09,2021-06-09,26.18345596331373
B0_momentum_12_1,2020-06-10,2021-06-10,25.488727759801755
B0_momentum_12_1,2020-06-11,2021-06-11,34.116950855039406
B0_momentum_12_1,2020-06-12,2021-06-14,30.97412777676989
B0_momentum_12_1,2020-06-15,2021-06-15,28.00053739682349
B0_momentum_12_1,2020-06-16,2021-06-16,26.528527013582103
B0_momentum_12_1,2020-06-17,2021-06-17,23.92333700606406
B0_momentum_12_1,2020-06-18,2021-06-18,22.50208645614329
B0_momentum_12_1,2020-06-19,2021-06-21,22.901815868952657
B0_momentum_12_1,2020-06-22,2021-06-22,23.66458864412715
B0_momentum_12_1,2020-06-23,2021-06-23,25.273172041407243
B0_momentum_12_1,2020-06-24,2021-06-24,29.55549545565288
B0_momentum_12_1,2020-06-25,2021-06-25,28.367462592117732
B0_momentum_12_1,2020-06-26,2021-06-28,31.64363090196578
B0_momentum_12_1,2020-06-29,2021-06-29,30.346012817037348
B0_momentum_12_1,2020-06-30,2021-06-30,28.265134152578362
B0_momentum_12_1,2020-07-01,2021-07-01,28.764241850708714
B0_momentum_12_1,2020-07-02,2021-07-02,27.220656452192472
B0_momentum_12_1,2020-07-06,2021-07-06,21.91431812403335
B0_momentum_12_1,2020-07-07,2021-07-07,20.555785822419125
B0_momentum_12_1,2020-07-08,2021-07-08,18.336367532397624
B0_momentum_12_1,2020-07-09,2021-07-09,20.972230968720428
B0_momentum_12_1,2020-07-10,2021-07-12,23.03780805496709
B0_momentum_12_1,2020-07-13,2021-07-13,24.63264200085009
B0_momentum_12_1,2020-07-14,2021-07-14,19.286459156381962
B0_momentum_12_1,2020-07-15,2021-07-15,17.73900712591745
B0_momentum_12_1,2020-07-16,2021-07-16,15.080486592958042
B0_momentum_12_1,2020-07-17,2021-07-19,11.200578173355446
B0_momentum_12_1,2020-07-20,2021-07-20,12.58239355879378
B0_momentum_12_1,2020-07-21,2021-07-21,16.136796110473163
B0_momentum_12_1,2020-07-22,2021-07-22,13.930349862638124
B0_momentum_12_1,2020-07-23,2021-07-23,15.322538948222842
B0_momentum_12_1,2020-07-24,2021-07-26,17.71868776327752
B0_momentum_12_1,2020-07-27,2021-07-27,13.844689419063805
B0_momentum_12_1,2020-07-28,2021-07-28,16.33714217544153
B0_momentum_12_1,2020-07-29,2021-07-29,15.489660970811524
B0_momentum_12_1,2020-07-30,2021-07-30,13.814765918877914
B0_momentum_12_1,2020-07-31,2021-08-02,11.595522399987201
B0_momentum_12_1,2020-08-03,2021-08-03,13.163146825133222
B0_momentum_12_1,2020-08-04,2021-08-04,10.471791295736942
B0_momentum_12_1,2020-08-05,2021-08-05,12.059637581522553
B0_momentum_12_1,2020-08-06,2021-08-06,12.771664198725041
B0_momentum_12_1,2020-08-07,2021-08-09,15.359879760944084
B0_momentum_12_1,2020-08-10,2021-08-10,18.16083371215904
B0_momentum_12_1,2020-08-11,2021-08-11,21.15295154449244
B0_momentum_12_1,2020-08-12,2021-08-12,18.489899408708222
B0_momentum_12_1,2020-08-13,2021-08-13,16.27003064631807
B0_momentum_12_1,2020-08-14,2021-08-16,14.490324370910802
B0_momentum_12_1,2020-08-17,2021-08-17,9.301811237884895
B0_momentum_12_1,2020-08-18,2021-08-18,9.027530768449822
B0_momentum_12_1,2020-08-19,2021-08-19,6.847885560415357
B0_momentum_12_1,2020-08-20,2021-08-20,7.356502345620619
B0_momentum_12_1,2020-08-21,2021-08-23,10.55313902091999
B0_momentum_12_1,2020-08-24,2021-08-24,12.556821827090946
B0_momentum_12_1,2020-08-25,2021-08-25,12.885819297243351
B0_momentum_12_1,2020-08-26,2021-08-26,10.833019384652175
B0_momentum_12_1,2020-08-27,2021-08-27,14.535980094149782
B0_momentum_12_1,2020-08-28,2021-08-30,12.69943853864448
B0_momentum_12_1,2020-08-31,2021-08-31,10.71679680047617
B0_momentum_12_1,2020-09-01,2021-09-01,8.635952381839985
B0_momentum_12_1,2020-09-02,2021-09-02,8.012194490787472
B0_momentum_12_1,2020-09-03,2021-09-03,14.926564615540116
B0_momentum_12_1,2020-09-04,2021-09-07,16.860318366663883
B0_momentum_12_1,2020-09-08,2021-09-08,18.70232375831875
B0_momentum_12_1,2020-09-09,2021-09-09,16.706464616229866
B0_momentum_12_1,2020-09-10,2021-09-10,18.24327267374175
B0_momentum_12_1,2020-09-11,2021-09-13,18.27424554543491
B0_momentum_12_1,2020-09-14,2021-09-14,15.493449682575623
B0_momentum_12_1,2020-09-15,2021-09-15,15.746355604230299
B0_momentum_12_1,2020-09-16,2021-09-16,17.971077257751954
B0_momentum_12_1,2020-09-17,2021-09-17,17.78068104014934
B0_momentum_12_1,2020-09-18,2021-09-20,14.648046435236871
B0_momentum_12_1,2020-09-21,2021-09-21,13.569521482294444
B0_momentum_12_1,2020-09-22,2021-09-22,14.481707243012165
B0_momentum_12_1,2020-09-23,2021-09-23,20.880744094805582
B0_momentum_12_1,2020-09-24,2021-09-24,19.647184554728202
B0_momentum_12_1,2020-09-25,2021-09-27,17.648482652105677
B0_momentum_12_1,2020-09-28,2021-09-28,13.01010531116975
B0_momentum_12_1,2020-09-29,2021-09-29,11.455724398965295
B0_momentum_12_1,2020-09-30,2021-09-30,9.640681209286917
B0_momentum_12_1,2020-10-01,2021-10-01,8.768954804036344
B0_momentum_12_1,2020-10-02,2021-10-04,10.817518462763553
B0_momentum_12_1,2020-10-05,2021-10-05,9.576102076342185
B0_momentum_12_1,2020-10-06,2021-10-06,10.328225921132606
B0_momentum_12_1,2020-10-07,2021-10-07,8.9579940040184
B0_momentum_12_1,2020-10-08,2021-10-08,8.958782150486467
B0_momentum_12_1,2020-10-09,2021-10-11,6.976303738883649
B0_momentum_12_1,2020-10-12,2021-10-12,6.044845527862064
B0_momentum_12_1,2020-10-13,2021-10-13,5.934557369531879
B0_momentum_12_1,2020-10-14,2021-10-14,9.175510309387214
B0_momentum_12_1,2020-10-15,2021-10-15,9.708336326467283
B0_momentum_12_1,2020-10-16,2021-10-18,11.56931153390266
B0_momentum_12_1,2020-10-19,2021-10-19,13.450940930211374
B0_momentum_12_1,2020-10-20,2021-10-20,13.886213378707634
B0_momentum_12_1,2020-10-21,2021-10-21,14.746499130264223
B0_momentum_12_1,2020-10-22,2021-10-22,15.785737292197787
B0_momentum_12_1,2020-10-23,2021-10-25,16.406061118922178
B0_momentum_12_1,2020-10-26,2021-10-26,17.90350026901106
B0_momentum_12_1,2020-10-27,2021-10-27,14.849765201315158
B0_momentum_12_1,2020-10-28,2021-10-28,22.12839293588673
B0_momentum_12_1,2020-10-29,2021-10-29,20.375799114522763
B0_momentum_12_1,2020-10-30,2021-11-01,25.496892206634868
B0_momentum_12_1,2020-11-02,2021-11-02,25.16897155354716
B0_momentum_12_1,2020-11-03,2021-11-03,23.3784376244381
B0_momentum_12_1,2020-11-04,2021-11-04,18.261976874152673
B0_momentum_12_1,2020-11-05,2021-11-05,15.01861375823168
B0_momentum_12_1,2020-11-06,2021-11-08,16.10054144639872
B0_momentum_12_1,2020-11-09,2021-11-09,21.653716352692754
B0_momentum_12_1,2020-11-10,2021-11-10,21.618046393252133
B0_momentum_12_1,2020-11-11,2021-11-11,18.88946055946066
B0_momentum_12_1,2020-11-12,2021-11-12,20.65765053443056
B0_momentum_12_1,2020-11-13,2021-11-15,20.159746809485224
B0_momentum_12_1,2020-11-16,2021-11-16,19.39211034692154
B0_momentum_12_1,2020-11-17,2021-11-17,17.991822823708283
B0_momentum_12_1,2020-11-18,2021-11-18,20.77059599406972
B0_momentum_12_1,2020-11-19,2021-11-19,16.32705303889983
B0_momentum_12_1,2020-11-20,2021-11-22,17.911851429854366
B0_momentum_12_1,2020-11-23,2021-11-23,20.215095105384016
B0_momentum_12_1,2020-11-24,2021-11-24,21.526268578263075
B0_momentum_12_1,2020-11-25,2021-11-26,16.775901166170783
B0_momentum_12_1,2020-11-27,2021-11-29,17.3464200390963
B0_momentum_12_1,2020-11-30,2021-11-30,12.601015384246539
B0_momentum_12_1,2020-12-01,2021-12-01,8.5867852017806
B0_momentum_12_1,2020-12-02,2021-12-02,11.419020448064888
B0_momentum_12_1,2020-12-03,2021-12-03,9.195351708081878
B0_momentum_12_1,2020-12-04,2021-12-06,7.906410760079718
B0_momentum_12_1,2020-12-07,2021-12-07,11.716619454004684
B0_momentum_12_1,2020-12-08,2021-12-08,11.267792332585369
B0_momentum_12_1,2020-12-09,2021-12-09,11.473544217967158
B0_momentum_12_1,2020-12-10,2021-12-10,12.21135352732301
B0_momentum_12_1,2020-12-11,2021-12-13,9.402261692449043
B0_momentum_12_1,2020-12-14,2021-12-14,7.465556715515564
B0_momentum_12_1,2020-12-15,2021-12-15,6.971723496320004
B0_momentum_12_1,2020-12-16,2021-12-16,5.0495853994166895
B0_momentum_12_1,2020-12-17,2021-12-17,3.123971713806095
B0_momentum_12_1,2020-12-18,2021-12-20,0.30372765897093146
B0_momentum_12_1,2020-12-21,2021-12-21,3.765712177552949
B0_momentum_12_1,2020-12-22,2021-12-22,4.220661626949829
B0_momentum_12_1,2020-12-23,2021-12-23,6.0648303365299805
B0_momentum_12_1,2020-12-24,2021-12-27,8.652257869802792
B0_momentum_12_1,2020-12-28,2021-12-28,8.20973001740477
B0_momentum_12_1,2020-12-29,2021-12-29,8.38214301049005
B0_momentum_12_1,2020-12-30,2021-12-30,6.695330606511707
B0_momentum_12_1,2020-12-31,2021-12-31,6.3946889663360595
B0_momentum_12_1,2020-12-31,2022-01-03,6.591030076662507
B0_momentum_12_1,2021-01-04,2022-01-04,9.937056261896803
B0_momentum_12_1,2021-01-05,2022-01-05,4.842902483631062
B0_momentum_12_1,2021-01-06,2022-01-06,5.699102167207548
B0_momentum_12_1,2021-01-07,2022-01-07,1.2604920796450703
B0_momentum_12_1,2021-01-08,2022-01-10,-0.3844456491074566
B0_momentum_12_1,2021-01-11,2022-01-11,2.2277913542111616
B0_momentum_12_1,2021-01-12,2022-01-12,2.168513358326196
B0_momentum_12_1,2021-01-13,2022-01-13,0.8022599129464236
B0_momentum_12_1,2021-01-14,2022-01-14,1.443524487371639
B0_momentum_12_1,2021-01-15,2022-01-18,0.23639221079703177
B0_momentum_12_1,2021-01-19,2022-01-19,-3.461623405251746
B0_momentum_12_1,2021-01-20,2022-01-20,-6.1106627631607235
B0_momentum_12_1,2021-01-21,2022-01-21,-8.691274502108703
B0_momentum_12_1,2021-01-22,2022-01-24,-6.937442199154753
B0_momentum_12_1,2021-01-25,2022-01-25,-6.914198644640601
B0_momentum_12_1,2021-01-26,2022-01-26,-6.003270873219657
B0_momentum_12_1,2021-01-27,2022-01-27,-2.1920107167389347
B0_momentum_12_1,2021-01-28,2022-01-28,-2.0103860440450982
B0_momentum_12_1,2021-01-29,2022-01-31,2.2448514912501993
B0_momentum_12_1,2021-02-01,2022-02-01,1.4136700476889974
B0_momentum_12_1,2021-02-02,2022-02-02,0.9839427580996762
B0_momentum_12_1,2021-02-03,2022-02-03,-0.4541874353576003
B0_momentum_12_1,2021-02-04,2022-02-04,-1.9895253264914703
B0_momentum_12_1,2021-02-05,2022-02-07,-2.9639227510845245
B0_momentum_12_1,2021-02-08,2022-02-08,-4.005077939309409
B0_momentum_12_1,2021-02-09,2022-02-09,-1.2993027805381696
B0_momentum_12_1,2021-02-10,2022-02-10,-2.1892718783117826
B0_momentum_12_1,2021-02-11,2022-02-11,-4.924497049406284
B0_momentum_12_1,2021-02-12,2022-02-14,-8.112459519881277
B0_momentum_12_1,2021-02-12,2022-02-15,-6.3749735127673235
B0_momentum_12_1,2021-02-16,2022-02-16,-5.604081010709539
B0_momentum_12_1,2021-02-17,2022-02-17,-5.8739151996482715
B0_momentum_12_1,2021-02-18,2022-02-18,-4.905908939110882
B0_momentum_12_1,2021-02-22,2022-02-22,-4.811684371609082
B0_momentum_12_1,2021-02-23,2022-02-23,-5.552277890806867
B0_momentum_12_1,2021-02-24,2022-02-24,-5.35477133260005
B0_momentum_12_1,2021-02-25,2022-02-25,1.203171971557282
B0_momentum_12_1,2021-02-26,2022-02-28,-1.0623993443866442
B0_momentum_12_1,2021-03-01,2022-03-01,-3.957438343932873
B0_momentum_12_1,2021-03-02,2022-03-02,-1.3504085849032843
B0_momentum_12_1,2021-03-03,2022-03-03,3.127783022709174
B0_momentum_12_1,2021-03-04,2022-03-04,7.8612795879323905
B0_momentum_12_1,2021-03-05,2022-03-07,6.983746051940765
B0_momentum_12_1,2021-03-08,2022-03-08,12.320776135620815
B0_momentum_12_1,2021-03-09,2022-03-09,5.871713219931651
B0_momentum_12_1,2021-03-10,2022-03-10,5.978436358201411
B0_momentum_12_1,2021-03-11,2022-03-11,1.5060218462011665
B0_momentum_12_1,2021-03-12,2022-03-14,2.490901145221791
B0_momentum_12_1,2021-03-15,2022-03-15,0.48361425743257414
B0_momentum_12_1,2021-03-16,2022-03-16,1.6732137826286797
B0_momentum_12_1,2021-03-17,2022-03-17,1.0063278631737393
B0_momentum_12_1,2021-03-18,2022-03-18,4.946741185573544
B0_momentum_12_1,2021-03-19,2022-03-21,3.84925783006258
B0_momentum_12_1,2021-03-22,2022-03-22,1.979851595030313
B0_momentum_12_1,2021-03-23,2022-03-23,3.9574134858471943
B0_momentum_12_1,2021-03-24,2022-03-24,6.536460451580739
B0_momentum_12_1,2021-03-25,2022-03-25,6.45785255050666
B0_momentum_12_1,2021-03-26,2022-03-28,3.471423696053755
B0_momentum_12_1,2021-03-29,2022-03-29,5.048454287229398
B0_momentum_12_1,2021-03-30,2022-03-30,4.549537363380751
B0_momentum_12_1,2021-03-31,2022-03-31,1.6983313289070212
B0_momentum_12_1,2021-04-01,2022-04-01,-0.0926365709849386
B0_momentum_12_1,2021-04-01,2022-04-04,0.7311315048697642
B0_momentum_12_1,2021-04-05,2022-04-05,-1.347795905521143
B0_momentum_12_1,2021-04-06,2022-04-06,-3.1099657528038227
B0_momentum_12_1,2021-04-07,2022-04-07,-0.7612042702925037
B0_momentum_12_1,2021-04-08,2022-04-08,-0.12241514942049614
B0_momentum_12_1,2021-04-09,2022-04-11,-2.8923089472905894
B0_momentum_12_1,2021-04-12,2022-04-12,-1.0002493945693303
B0_momentum_12_1,2021-04-13,2022-04-13,-0.18354259887708446
B0_momentum_12_1,2021-04-14,2022-04-14,-1.054186188871431
B0_momentum_12_1,2021-04-16,2022-04-18,0.14472908461735656
B0_momentum_12_1,2021-04-19,2022-04-19,2.398611509897064
B0_momentum_12_1,2021-04-20,2022-04-20,5.127807531665707
B0_momentum_12_1,2021-04-21,2022-04-21,-1.2362280085760902
B0_momentum_12_1,2021-04-22,2022-04-22,-4.215721554026763
B0_momentum_12_1,2021-04-23,2022-04-25,-7.906235368504633
B0_momentum_12_1,2021-04-26,2022-04-26,-10.276587118466395
B0_momentum_12_1,2021-04-27,2022-04-27,-10.440041212589291
B0_momentum_12_1,2021-04-28,2022-04-28,-8.263266186008956
B0_momentum_12_1,2021-04-29,2022-04-29,-10.804458729745381
B0_momentum_12_1,2021-04-30,2022-05-02,-10.215963893829727
B0_momentum_12_1,2021-05-03,2022-05-03,-10.114705039672101
B0_momentum_12_1,2021-05-04,2022-05-04,-8.888588255601926
B0_momentum_12_1,2021-05-05,2022-05-05,-10.049348756184385
B0_momentum_12_1,2021-05-06,2022-05-06,-8.86808968762509
B0_momentum_12_1,2021-05-07,2022-05-09,-11.50105233610822
B0_momentum_12_1,2021-05-10,2022-05-10,-8.965174622018369
B0_momentum_12_1,2021-05-11,2022-05-11,-8.592944478428066
B0_momentum_12_1,2021-05-12,2022-05-12,-4.437690033894636
B0_momentum_12_1,2021-05-13,2022-05-13,-5.175351248213378
B0_momentum_12_1,2021-05-14,2022-05-16,-8.027291692536465
B0_momentum_12_1,2021-05-17,2022-05-17,-7.969095341830224
B0_momentum_12_1,2021-05-18,2022-05-18,-7.233282070120284
B0_momentum_12_1,2021-05-19,2022-05-19,-5.89220005527843
B0_momentum_12_1,2021-05-20,2022-05-20,-7.352322986443793
B0_momentum_12_1,2021-05-21,2022-05-23,-7.319687782298012
B0_momentum_12_1,2021-05-24,2022-05-24,-8.521229466315717
B0_momentum_12_1,2021-05-25,2022-05-25,-8.292207748943614
B0_momentum_12_1,2021-05-26,2022-05-26,-9.541762826354672
B0_momentum_12_1,2021-05-27,2022-05-27,-11.024714148997571
B0_momentum_12_1,2021-05-28,2022-05-31,-10.841722008375655
B0_momentum_12_1,2021-06-01,2022-06-01,-11.05189026187433
B0_momentum_12_1,2021-06-02,2022-06-02,-10.406968156884567
B0_momentum_12_1,2021-06-03,2022-06-03,-9.168815936240925
B0_momentum_12_1,2021-06-04,2022-06-06,-9.779684765853991
B0_momentum_12_1,2021-06-07,2022-06-07,-10.21925597765897
B0_momentum_12_1,2021-06-08,2022-06-08,-10.918262497772545
B0_momentum_12_1,2021-06-09,2022-06-09,-9.387289079834439
B0_momentum_12_1,2021-06-10,2022-06-10,-9.424742925386697
B0_momentum_12_1,2021-06-11,2022-06-13,-10.35670658211576
B0_momentum_12_1,2021-06-14,2022-06-14,-9.177039459929981
B0_momentum_12_1,2021-06-15,2022-06-15,-8.661220581039641
B0_momentum_12_1,2021-06-16,2022-06-16,-8.592846483736915
B0_momentum_12_1,2021-06-17,2022-06-17,-7.359817811179403
B0_momentum_12_1,2021-06-21,2022-06-21,-7.628466876946116
B0_momentum_12_1,2021-06-22,2022-06-22,-8.345567336422032
B0_momentum_12_1,2021-06-23,2022-06-23,-9.571278498267743
B0_momentum_12_1,2021-06-24,2022-06-24,-10.521329119402445
B0_momentum_12_1,2021-06-25,2022-06-27,-10.928544213966196
B0_momentum_12_1,2021-06-28,2022-06-28,-11.320351519022754
B0_momentum_12_1,2021-06-29,2022-06-29,-11.28136512047757
B0_momentum_12_1,2021-06-30,2022-06-30,-12.033811085646152
B0_momentum_12_1,2021-07-01,2022-07-01,-12.050802843713226
B0_momentum_12_1,2021-07-02,2022-07-05,-11.693880112698196
B0_momentum_12_1,2021-07-06,2022-07-06,-9.804237879314503
B0_momentum_12_1,2021-07-07,2022-07-07,-8.852512863282403
B0_momentum_12_1,2021-07-08,2022-07-08,-7.944279665322062
B0_momentum_12_1,2021-07-09,2022-07-11,-10.834494900395363
B0_momentum_12_1,2021-07-12,2022-07-12,-11.722390184323729
B0_momentum_12_1,2021-07-13,2022-07-13,-10.311044480883226
B0_momentum_12_1,2021-07-14,2022-07-14,-8.458702727142564
B0_momentum_12_1,2021-07-15,2022-07-15,-7.514070506829695
B0_momentum_12_1,2021-07-16,2022-07-18,-5.021338807606568
B0_momentum_12_1,2021-07-19,2022-07-19,-3.087828641979995
B0_momentum_12_1,2021-07-20,2022-07-20,-6.230078174101273
B0_momentum_12_1,2021-07-21,2022-07-21,-8.673024545073705
B0_momentum_12_1,2021-07-22,2022-07-22,-7.723926199667719
B0_momentum_12_1,2021-07-23,2022-07-25,-7.502740852610756
B0_momentum_12_1,2021-07-26,2022-07-26,-8.889395288796075
B0_momentum_12_1,2021-07-27,2022-07-27,-7.728595946476813
B0_momentum_12_1,2021-07-28,2022-07-28,-8.191877212817877
B0_momentum_12_1,2021-07-29,2022-07-29,-9.476408362411448
B0_momentum_12_1,2021-07-30,2022-08-01,-9.201179205397302
B0_momentum_12_1,2021-08-02,2022-08-02,-8.200961249881667
B0_momentum_12_1,2021-08-03,2022-08-03,-10.214497754593522
B0_momentum_12_1,2021-08-04,2022-08-04,-8.61695218585512
B0_momentum_12_1,2021-08-05,2022-08-05,-10.096611495202467
B0_momentum_12_1,2021-08-06,2022-08-08,-10.833424110106016
B0_momentum_12_1,2021-08-09,2022-08-09,-11.587007573605456
B0_momentum_12_1,2021-08-10,2022-08-10,-12.657152006900441
B0_momentum_12_1,2021-08-11,2022-08-11,-12.971323287918713
B0_momentum_12_1,2021-08-12,2022-08-12,-13.299556644471423
B0_momentum_12_1,2021-08-13,2022-08-15,-12.190035345326567
B0_momentum_12_1,2021-08-16,2022-08-16,-10.499204599730072
B0_momentum_12_1,2021-08-17,2022-08-17,-8.13079459034135
B0_momentum_12_1,2021-08-18,2022-08-18,-7.907852839235286
B0_momentum_12_1,2021-08-19,2022-08-19,-5.737099994409755
B0_momentum_12_1,2021-08-20,2022-08-22,-6.7631229554501076
B0_momentum_12_1,2021-08-23,2022-08-23,-9.483945417012462
B0_momentum_12_1,2021-08-24,2022-08-24,-11.086134054148234
B0_momentum_12_1,2021-08-25,2022-08-25,-12.036511162084585
B0_momentum_12_1,2021-08-26,2022-08-26,-11.102952179235547
B0_momentum_12_1,2021-08-27,2022-08-29,-13.16694222959336
B0_momentum_12_1,2021-08-30,2022-08-30,-12.171097265129605
B0_momentum_12_1,2021-08-31,2022-08-31,-11.66728237820186
B0_momentum_12_1,2021-09-01,2022-09-01,-10.966572264860785
B0_momentum_12_1,2021-09-02,2022-09-02,-11.865122327784194
B0_momentum_12_1,2021-09-03,2022-09-06,-11.839237793043466
B0_momentum_12_1,2021-09-07,2022-09-07,-11.364486953974618
B0_momentum_12_1,2021-09-08,2022-09-08,-9.870440245108792
B0_momentum_12_1,2021-09-09,2022-09-09,-11.196701425858214
B0_momentum_12_1,2021-09-10,2022-09-12,-10.599448265938383
B0_momentum_12_1,2021-09-13,2022-09-13,-9.916613133341912
B0_momentum_12_1,2021-09-14,2022-09-14,-9.102293731442456
B0_momentum_12_1,2021-09-15,2022-09-15,-10.831325450146512
B0_momentum_12_1,2021-09-16,2022-09-16,-10.833646141369634
B0_momentum_12_1,2021-09-17,2022-09-19,-9.848863514402161
B0_momentum_12_1,2021-09-20,2022-09-20,-6.566964571832134
B0_momentum_12_1,2021-09-21,2022-09-21,-6.634623803939988
B0_momentum_12_1,2021-09-22,2022-09-22,-8.79264506494608
B0_momentum_12_1,2021-09-23,2022-09-23,-11.18306413440836
B0_momentum_12_1,2021-09-24,2022-09-26,-10.666488991980694
B0_momentum_12_1,2021-09-27,2022-09-27,-11.105575475511564
B0_momentum_12_1,2021-09-28,2022-09-28,-8.860239479858445
B0_momentum_12_1,2021-09-29,2022-09-29,-8.050514315851087
B0_momentum_12_1,2021-09-30,2022-09-30,-6.663888265149676
B0_momentum_12_1,2021-10-01,2022-10-03,-7.659200321562776
B0_momentum_12_1,2021-10-04,2022-10-04,-7.217406144964523
B0_momentum_12_1,2021-10-05,2022-10-05,-8.80699790620072
B0_momentum_12_1,2021-10-06,2022-10-06,-7.672611685638897
B0_momentum_12_1,2021-10-07,2022-10-07,-8.956760046376623
B0_momentum_12_1,2021-10-08,2022-10-10,-8.92476271402357
B0_momentum_12_1,2021-10-11,2022-10-11,-8.761339597684369
B0_momentum_12_1,2021-10-12,2022-10-12,-9.116254127802325
B0_momentum_12_1,2021-10-13,2022-10-13,-9.54994274626575
B0_momentum_12_1,2021-10-14,2022-10-14,-11.407685405334266
B0_momentum_12_1,2021-10-15,2022-10-17,-11.777301352741832
B0_momentum_12_1,2021-10-18,2022-10-18,-13.00383937338565
B0_momentum_12_1,2021-10-19,2022-10-19,-13.258078972677367
B0_momentum_12_1,2021-10-20,2022-10-20,-13.746107319914902
B0_momentum_12_1,2021-10-21,2022-10-21,-13.222944689472204
B0_momentum_12_1,2021-10-22,2022-10-24,-13.578306542281215
B0_momentum_12_1,2021-10-25,2022-10-25,-14.903989916736482
B0_momentum_12_1,2021-10-26,2022-10-26,-14.836998542440938
B0_momentum_12_1,2021-10-27,2022-10-27,-12.702584461513865
B0_momentum_12_1,2021-10-28,2022-10-28,-14.503940709924379
B0_momentum_12_1,2021-10-29,2022-10-31,-14.315693492520742
B0_momentum_12_1,2021-11-01,2022-11-01,-15.321305793591867
B0_momentum_12_1,2021-11-02,2022-11-02,-15.628703998151906
B0_momentum_12_1,2021-11-03,2022-11-03,-15.898839557710854
B0_momentum_12_1,2021-11-04,2022-11-04,-15.758194063237763
B0_momentum_12_1,2021-11-05,2022-11-07,-16.366373433123982
B0_momentum_12_1,2021-11-08,2022-11-08,-17.51693015842274
B0_momentum_12_1,2021-11-09,2022-11-09,-17.112089549465626
B0_momentum_12_1,2021-11-10,2022-11-10,-14.656530674317846
B0_momentum_12_1,2021-11-11,2022-11-11,-15.558042864981669
B0_momentum_12_1,2021-11-12,2022-11-14,-16.065796434877132
B0_momentum_12_1,2021-11-15,2022-11-15,-15.949924800496962
B0_momentum_12_1,2021-11-16,2022-11-16,-15.90340041887589
B0_momentum_12_1,2021-11-17,2022-11-17,-14.720952722834213
B0_momentum_12_1,2021-11-18,2022-11-18,-15.43591340256717
B0_momentum_12_1,2021-11-19,2022-11-21,-13.200411468928298
B0_momentum_12_1,2021-11-22,2022-11-22,-14.144991881423664
B0_momentum_12_1,2021-11-23,2022-11-23,-15.712468802100886
B0_momentum_12_1,2021-11-24,2022-11-25,-16.110689843427906
B0_momentum_12_1,2021-11-26,2022-11-28,-13.29361637378077
B0_momentum_12_1,2021-11-29,2022-11-29,-15.016919539112028
B0_momentum_12_1,2021-11-30,2022-11-30,-12.184210616149349
B0_momentum_12_1,2021-12-01,2022-12-01,-11.26976530156053
B0_momentum_12_1,2021-12-02,2022-12-02,-13.013617927945742
B0_momentum_12_1,2021-12-03,2022-12-05,-13.42652351207716
B0_momentum_12_1,2021-12-06,2022-12-06,-14.807311315425453
B0_momentum_12_1,2021-12-07,2022-12-07,-18.29645724947714
B0_momentum_12_1,2021-12-08,2022-12-08,-18.627498787286378
B0_momentum_12_1,2021-12-09,2022-12-09,-18.844470181138206
B0_momentum_12_1,2021-12-10,2022-12-12,-18.13453387810231
B0_momentum_12_1,2021-12-13,2022-12-13,-15.386101579670852
B0_momentum_12_1,2021-12-14,2022-12-14,-14.91773459186202
B0_momentum_12_1,2021-12-15,2022-12-15,-15.963869261491958
B0_momentum_12_1,2021-12-16,2022-12-16,-16.104695974244475
B0_momentum_12_1,2021-12-17,2022-12-19,-15.98915352273499
B0_momentum_12_1,2021-12-20,2022-12-20,-12.919122675818128
B0_momentum_12_1,2021-12-21,2022-12-21,-13.962880501244912
B0_momentum_12_1,2021-12-22,2022-12-22,-16.870849510955143
B0_momentum_12_1,2021-12-23,2022-12-23,-15.424841751550233
B0_momentum_12_1,2021-12-27,2022-12-27,-17.412421249333033
B0_momentum_12_1,2021-12-28,2022-12-28,-18.344649592447183
B0_momentum_12_1,2021-12-29,2022-12-29,-17.91936666206
B0_momentum_12_1,2021-12-30,2022-12-30,-16.85145841180389
B0_momentum_12_1,2022-01-03,2023-01-03,-17.897653342176888
B0_momentum_12_1,2022-01-04,2023-01-04,-19.471357327821735
B0_momentum_12_1,2022-01-05,2023-01-05,-16.985464051277145
B0_momentum_12_1,2022-01-06,2023-01-06,-17.878900847155855
B0_momentum_12_1,2022-01-07,2023-01-09,-16.958212738667335
B0_momentum_12_1,2022-01-10,2023-01-10,-16.88242832742909
B0_momentum_12_1,2022-01-11,2023-01-11,-18.182419210278944
B0_momentum_12_1,2022-01-12,2023-01-12,-18.779369885736198
B0_momentum_12_1,2022-01-13,2023-01-13,-17.36955629857094
B0_momentum_12_1,2022-01-14,2023-01-17,-17.977349724631754
B0_momentum_12_1,2022-01-18,2023-01-18,-15.939319190033864
B0_momentum_12_1,2022-01-19,2023-01-19,-14.195631460201364
B0_momentum_12_1,2022-01-20,2023-01-20,-12.333339731095972
B0_momentum_12_1,2022-01-21,2023-01-23,-9.574161862409724
B0_momentum_12_1,2022-01-24,2023-01-24,-11.023601253690584
B0_momentum_12_1,2022-01-25,2023-01-25,-11.124340378346353
B0_momentum_12_1,2022-01-26,2023-01-26,-10.866905697520545
B0_momentum_12_1,2022-01-27,2023-01-27,-10.548325118325863
B0_momentum_12_1,2022-01-28,2023-01-30,-12.113153532400545
B0_momentum_12_1,2022-01-31,2023-01-31,-14.089374537477939
B0_momentum_12_1,2022-02-01,2023-02-01,-16.13493086988278
B0_momentum_12_1,2022-02-02,2023-02-02,-18.9997823329504
B0_momentum_12_1,2022-02-03,2023-02-03,-17.226191921711653
B0_momentum_12_1,2022-02-04,2023-02-06,-17.795779498679465
B0_momentum_12_1,2022-02-07,2023-02-07,-16.111243751912376
B0_momentum_12_1,2022-02-08,2023-02-08,-16.882808686786344
B0_momentum_12_1,2022-02-09,2023-02-09,-19.72921967010307
B0_momentum_12_1,2022-02-10,2023-02-10,-16.800322634706866
B0_momentum_12_1,2022-02-11,2023-02-13,-15.142833333746253
B0_momentum_12_1,2022-02-14,2023-02-14,-13.782935582213273
B0_momentum_12_1,2022-02-15,2023-02-15,-15.745953882043962
B0_momentum_12_1,2022-02-16,2023-02-16,-17.001766550676134
B0_momentum_12_1,2022-02-17,2023-02-17,-15.99155418542736
B0_momentum_12_1,2022-02-18,2023-02-21,-16.504820571192024
B0_momentum_12_1,2022-02-22,2023-02-22,-14.621429701432243
B0_momentum_12_1,2022-02-23,2023-02-23,-12.28134063018118
B0_momentum_12_1,2022-02-24,2023-02-24,-14.312642557799338
B0_momentum_12_1,2022-02-25,2023-02-27,-16.06725135965965
B0_momentum_12_1,2022-02-28,2023-02-28,-16.33611651057264
B0_momentum_12_1,2022-03-01,2023-03-01,-15.208283708360504
B0_momentum_12_1,2022-03-02,2023-03-02,-14.685425402550912
B0_momentum_12_1,2022-03-03,2023-03-03,-13.124480721275877
B0_momentum_12_1,2022-03-04,2023-03-06,-13.237751504510642
B0_momentum_12_1,2022-03-07,2023-03-07,-14.454223406803191
B0_momentum_12_1,2022-03-08,2023-03-08,-14.860082080568837
B0_momentum_12_1,2022-03-09,2023-03-09,-16.174078172207263
B0_momentum_12_1,2022-03-10,2023-03-10,-17.617431402388107
B0_momentum_12_1,2022-03-11,2023-03-13,-18.76321384492332
B0_momentum_12_1,2022-03-14,2023-03-14,-17.63912127279922
B0_momentum_12_1,2022-03-15,2023-03-15,-20.430356968958574
B0_momentum_12_1,2022-03-16,2023-03-16,-19.205405508148132
B0_momentum_12_1,2022-03-17,2023-03-17,-20.678930349968805
B0_momentum_12_1,2022-03-18,2023-03-20,-19.17437373499843
B0_momentum_12_1,2022-03-21,2023-03-21,-17.71289834145674
B0_momentum_12_1,2022-03-22,2023-03-22,-19.40429358230792
B0_momentum_12_1,2022-03-23,2023-03-23,-19.65087235754519
B0_momentum_12_1,2022-03-24,2023-03-24,-19.110376821700214
B0_momentum_12_1,2022-03-25,2023-03-27,-18.104869834170934
B0_momentum_12_1,2022-03-28,2023-03-28,-17.317788018886837
B0_momentum_12_1,2022-03-29,2023-03-29,-16.276782921838983
B0_momentum_12_1,2022-03-30,2023-03-30,-16.107384887669962
B0_momentum_12_1,2022-03-31,2023-03-31,-15.209810150494773
B0_momentum_12_1,2022-04-01,2023-04-03,-14.501746412573436
B0_momentum_12_1,2022-04-04,2023-04-04,-17.42232096991624
B0_momentum_12_1,2022-04-05,2023-04-05,-15.520101027298129
B0_momentum_12_1,2022-04-06,2023-04-06,-14.931199451826638
B0_momentum_12_1,2022-04-08,2023-04-10,-16.897200062916916
B0_momentum_12_1,2022-04-11,2023-04-11,-14.340481740421252
B0_momentum_12_1,2022-04-12,2023-04-12,-15.583851503396051
B0_momentum_12_1,2022-04-13,2023-04-13,-16.282729097618354
B0_momentum_12_1,2022-04-14,2023-04-14,-15.83189939473748
B0_momentum_12_1,2022-04-14,2023-04-17,-15.64676053748919
B0_momentum_12_1,2022-04-18,2023-04-18,-16.31002985253677
B0_momentum_12_1,2022-04-19,2023-04-19,-16.89260345599758
B0_momentum_12_1,2022-04-20,2023-04-20,-16.511469110874533
B0_momentum_12_1,2022-04-21,2023-04-21,-13.68673179125861
B0_momentum_12_1,2022-04-22,2023-04-24,-9.930798829291964
B0_momentum_12_1,2022-04-25,2023-04-25,-9.261010208177801
B0_momentum_12_1,2022-04-26,2023-04-26,-9.23145110215815
B0_momentum_12_1,2022-04-27,2023-04-27,-8.837146512761773
B0_momentum_12_1,2022-04-28,2023-04-28,-10.980075495750219
B0_momentum_12_1,2022-04-29,2023-05-01,-7.5368242105479215
B0_momentum_12_1,2022-05-02,2023-05-02,-8.38041726868699
B0_momentum_12_1,2022-05-03,2023-05-03,-9.75476257316117
B0_momentum_12_1,2022-05-04,2023-05-04,-10.78911221760186
B0_momentum_12_1,2022-05-05,2023-05-05,-9.246716931379984
B0_momentum_12_1,2022-05-06,2023-05-08,-8.786464810434847
B0_momentum_12_1,2022-05-09,2023-05-09,-8.743651185691537
B0_momentum_12_1,2022-05-10,2023-05-10,-8.35018326857112
B0_momentum_12_1,2022-05-11,2023-05-11,-8.537104190707057
B0_momentum_12_1,2022-05-12,2023-05-12,-7.541122013170954
B0_momentum_12_1,2022-05-13,2023-05-15,-7.6326727398649545
B0_momentum_12_1,2022-05-16,2023-05-16,-8.397638779641682
B0_momentum_12_1,2022-05-17,2023-05-17,-7.492830048468846
B0_momentum_12_1,2022-05-18,2023-05-18,-6.039093705536692
B0_momentum_12_1,2022-05-19,2023-05-19,-6.663824007672082
B0_momentum_12_1,2022-05-20,2023-05-22,-7.4268239567148235
B0_momentum_12_1,2022-05-23,2023-05-23,-9.609367299140093
B0_momentum_12_1,2022-05-24,2023-05-24,-9.821635257385674
B0_momentum_12_1,2022-05-25,2023-05-25,-7.852912138297741
B0_momentum_12_1,2022-05-26,2023-05-26,-6.556999777639949
B0_momentum_12_1,2022-05-27,2023-05-30,-6.264970059757513
B0_momentum_12_1,2022-05-31,2023-05-31,-7.35182154566324
B0_momentum_12_1,2022-06-01,2023-06-01,-6.312869318873338
B0_momentum_12_1,2022-06-02,2023-06-02,-5.265140763920117
B0_momentum_12_1,2022-06-03,2023-06-05,-5.355613100414036
B0_momentum_12_1,2022-06-06,2023-06-06,-5.332732906463655
B0_momentum_12_1,2022-06-07,2023-06-07,-6.175401916460332
B0_momentum_12_1,2022-06-08,2023-06-08,-5.27805212874698
B0_momentum_12_1,2022-06-09,2023-06-09,-4.749767498943413
B0_momentum_12_1,2022-06-10,2023-06-12,-3.5411290283056562
B0_momentum_12_1,2022-06-13,2023-06-13,-3.1351938009752223
B0_momentum_12_1,2022-06-14,2023-06-14,-3.2951332326031757
B0_momentum_12_1,2022-06-15,2023-06-15,-2.791009337881234
B0_momentum_12_1,2022-06-16,2023-06-16,-3.112012873257497
B0_momentum_12_1,2022-06-17,2023-06-20,-3.159205517307362
B0_momentum_12_1,2022-06-21,2023-06-21,-3.362581281069754
B0_momentum_12_1,2022-06-22,2023-06-22,-3.524214045769547
B0_momentum_12_1,2022-06-23,2023-06-23,-4.560121943807694
B0_momentum_12_1,2022-06-24,2023-06-26,-5.011755322796252
B0_momentum_12_1,2022-06-27,2023-06-27,-3.8053574155192504
B0_momentum_12_1,2022-06-28,2023-06-28,-3.5451623503239604
B0_momentum_12_1,2022-06-29,2023-06-29,-3.3110322592255215
B0_momentum_12_1,2022-06-30,2023-06-30,-1.9770671091702385
B0_momentum_12_1,2022-07-01,2023-07-03,-2.370603564819629
B0_momentum_12_1,2022-07-05,2023-07-05,-3.037648758764677
B0_momentum_12_1,2022-07-06,2023-07-06,-4.544654655113389
B0_momentum_12_1,2022-07-07,2023-07-07,-4.230108469743565
B0_momentum_12_1,2022-07-08,2023-07-10,-2.392386312237893
B0_momentum_12_1,2022-07-11,2023-07-11,-1.9884695124080864
B0_momentum_12_1,2022-07-12,2023-07-12,-0.5861155519913064
B0_momentum_12_1,2022-07-13,2023-07-13,0.3195316244577695
B0_momentum_12_1,2022-07-14,2023-07-14,0.21072683329330655
B0_momentum_12_1,2022-07-15,2023-07-17,1.3004098703987665
B0_momentum_12_1,2022-07-18,2023-07-18,1.7188253259707853
B0_momentum_12_1,2022-07-19,2023-07-19,1.3245907372504861
B0_momentum_12_1,2022-07-20,2023-07-20,-0.874053929252061
B0_momentum_12_1,2022-07-21,2023-07-21,-1.1080972781647769
B0_momentum_12_1,2022-07-22,2023-07-24,-1.1520466925613593
B0_momentum_12_1,2022-07-25,2023-07-25,0.3487041064602403
B0_momentum_12_1,2022-07-26,2023-07-26,-0.5069215509060809
B0_momentum_12_1,2022-07-27,2023-07-27,-0.7034995787148723
B0_momentum_12_1,2022-07-28,2023-07-28,0.18893349913495783
B0_momentum_12_1,2022-07-29,2023-07-31,0.6621753543071263
B0_momentum_12_1,2022-08-01,2023-08-01,0.8350983731013173
B0_momentum_12_1,2022-08-02,2023-08-02,-1.2645132086523514
B0_momentum_12_1,2022-08-03,2023-08-03,-1.462367775539486
B0_momentum_12_1,2022-08-04,2023-08-04,-2.2444781176115036
B0_momentum_12_1,2022-08-05,2023-08-07,-0.6038742179047651
B0_momentum_12_1,2022-08-08,2023-08-08,-1.4929308558189747
B0_momentum_12_1,2022-08-09,2023-08-09,-1.9935269464500749
B0_momentum_12_1,2022-08-10,2023-08-10,-1.8877001865891696
B0_momentum_12_1,2022-08-11,2023-08-11,-2.4020568380163643
B0_momentum_12_1,2022-08-12,2023-08-14,-1.324215875278123
B0_momentum_12_1,2022-08-15,2023-08-15,-2.354898705678632
B0_momentum_12_1,2022-08-16,2023-08-16,-3.909652179531531
B0_momentum_12_1,2022-08-17,2023-08-17,-6.166059411146829
B0_momentum_12_1,2022-08-18,2023-08-18,-5.951245517538773
B0_momentum_12_1,2022-08-19,2023-08-21,-4.608856695152975
B0_momentum_12_1,2022-08-22,2023-08-22,-4.91935033660501
B0_momentum_12_1,2022-08-23,2023-08-23,-3.387281831617228
B0_momentum_12_1,2022-08-24,2023-08-24,-5.261071872262113
B0_momentum_12_1,2022-08-25,2023-08-25,-4.9042358120000795
B0_momentum_12_1,2022-08-26,2023-08-28,-4.37681455387644
B0_momentum_12_1,2022-08-29,2023-08-29,-2.442668637329637
B0_momentum_12_1,2022-08-30,2023-08-30,-2.0241000026806844
B0_momentum_12_1,2022-08-31,2023-08-31,-1.62310117551564
B0_momentum_12_1,2022-09-01,2023-09-01,-1.837545854864031
B0_momentum_12_1,2022-09-02,2023-09-05,-3.3183588270398245
B0_momentum_12_1,2022-09-06,2023-09-06,-3.2758633128010195
B0_momentum_12_1,2022-09-07,2023-09-07,-3.839155018289042
B0_momentum_12_1,2022-09-08,2023-09-08,-3.9565746488183895
B0_momentum_12_1,2022-09-09,2023-09-11,-3.4690839430823406
B0_momentum_12_1,2022-09-12,2023-09-12,-5.19751885682056
B0_momentum_12_1,2022-09-13,2023-09-13,-6.188502365100945
B0_momentum_12_1,2022-09-14,2023-09-14,-4.837929043584188
B0_momentum_12_1,2022-09-15,2023-09-15,-6.572719463439347
B0_momentum_12_1,2022-09-16,2023-09-18,-6.353643105573781
B0_momentum_12_1,2022-09-19,2023-09-19,-6.3736304323221304
B0_momentum_12_1,2022-09-20,2023-09-20,-7.427170264624195
B0_momentum_12_1,2022-09-21,2023-09-21,-9.549898288505798
B0_momentum_12_1,2022-09-22,2023-09-22,-9.618502797460737
B0_momentum_12_1,2022-09-23,2023-09-25,-9.390843103649171
B0_momentum_12_1,2022-09-26,2023-09-26,-10.537696180876688
B0_momentum_12_1,2022-09-27,2023-09-27,-9.96212217857827
B0_momentum_12_1,2022-09-28,2023-09-28,-8.852305397909921
B0_momentum_12_1,2022-09-29,2023-09-29,-9.751987569292464
B0_momentum_12_1,2022-09-30,2023-10-02,-9.981993271584555
B0_momentum_12_1,2022-10-03,2023-10-03,-11.98536317483927
B0_momentum_12_1,2022-10-04,2023-10-04,-10.9434713610694
B0_momentum_12_1,2022-10-05,2023-10-05,-11.268356854098693
B0_momentum_12_1,2022-10-06,2023-10-06,-9.752424753399813
B0_momentum_12_1,2022-10-07,2023-10-09,-9.320971819369007
B0_momentum_12_1,2022-10-10,2023-10-10,-8.710384320745746
B0_momentum_12_1,2022-10-11,2023-10-11,-7.883729843509569
B0_momentum_12_1,2022-10-12,2023-10-12,-8.363196324842292
B0_momentum_12_1,2022-10-13,2023-10-13,-9.870233135811946
B0_momentum_12_1,2022-10-14,2023-10-16,-8.920349744592004
B0_momentum_12_1,2022-10-17,2023-10-17,-8.504489964673256
B0_momentum_12_1,2022-10-18,2023-10-18,-10.322312541539059
B0_momentum_12_1,2022-10-19,2023-10-19,-11.152815362809731
B0_momentum_12_1,2022-10-20,2023-10-20,-12.458320263547861
B0_momentum_12_1,2022-10-21,2023-10-23,-11.85606653140755
B0_momentum_12_1,2022-10-24,2023-10-24,-11.245174754520482
B0_momentum_12_1,2022-10-25,2023-10-25,-13.37881208293803
B0_momentum_12_1,2022-10-26,2023-10-26,-15.032276276945932
B0_momentum_12_1,2022-10-27,2023-10-27,-15.173573602401946
B0_momentum_12_1,2022-10-28,2023-10-30,-13.913566749781324
B0_momentum_12_1,2022-10-31,2023-10-31,-13.404933108118477
B0_momentum_12_1,2022-11-01,2023-11-01,-13.259461516566073
B0_momentum_12_1,2022-11-02,2023-11-02,-13.259461516566073
B0_momentum_12_1,2022-11-03,2023-11-03,-13.259461516566073
B0_momentum_12_1,2022-11-04,2023-11-06,-13.259461516566073
B0_momentum_12_1,2022-11-07,2023-11-07,-13.259461516566073
B0_momentum_12_1,2022-11-08,2023-11-08,-13.259461516566073
B0_momentum_12_1,2022-11-09,2023-11-09,-13.259461516566073
B0_momentum_12_1,2022-11-10,2023-11-10,-13.259461516566073
B0_momentum_12_1,2022-11-11,2023-11-13,-13.259461516566073
B0_momentum_12_1,2022-11-14,2023-11-14,-13.259461516566073
B0_momentum_12_1,2022-11-15,2023-11-15,-13.259461516566073
B0_momentum_12_1,2022-11-16,2023-11-16,-13.259461516566073
B0_momentum_12_1,2022-11-17,2023-11-17,-13.259461516566073
B0_momentum_12_1,2022-11-18,2023-11-20,-13.259461516566073
B0_momentum_12_1,2022-11-21,2023-11-21,-13.259461516566073
B0_momentum_12_1,2022-11-22,2023-11-22,-13.259461516566073
B0_momentum_12_1,2022-11-23,2023-11-24,-13.259461516566073
B0_momentum_12_1,2022-11-25,2023-11-27,-13.259461516566073
B0_momentum_12_1,2022-11-28,2023-11-28,-13.259461516566073
B0_momentum_12_1,2022-11-29,2023-11-29,-13.259461516566073
B0_momentum_12_1,2022-11-30,2023-11-30,-13.259461516566073
B0_momentum_12_1,2022-12-01,2023-12-01,-11.350921770648714
B0_momentum_12_1,2022-12-02,2023-12-04,-12.395436790728942
B0_momentum_12_1,2022-12-05,2023-12-05,-10.027779024725492
B0_momentum_12_1,2022-12-06,2023-12-06,-8.808688569227785
B0_momentum_12_1,2022-12-07,2023-12-07,-7.861215988528924
B0_momentum_12_1,2022-12-08,2023-12-08,-6.109150375711558
B0_momentum_12_1,2022-12-09,2023-12-11,-3.0441823866803497
B0_momentum_12_1,2022-12-12,2023-12-12,-3.9460622308381987
B0_momentum_12_1,2022-12-13,2023-12-13,-3.721609115381075
B0_momentum_12_1,2022-12-14,2023-12-14,-4.63213629127428
B0_momentum_12_1,2022-12-15,2023-12-15,-3.749801634029304
B0_momentum_12_1,2022-12-16,2023-12-18,-1.8992254775156647
B0_momentum_12_1,2022-12-19,2023-12-19,-1.1303389326731361
B0_momentum_12_1,2022-12-20,2023-12-20,-3.6973799102331784
B0_momentum_12_1,2022-12-21,2023-12-21,-4.034016988036527
B0_momentum_12_1,2022-12-22,2023-12-22,-2.444026369954222
B0_momentum_12_1,2022-12-23,2023-12-26,-4.347650097247224
B0_momentum_12_1,2022-12-27,2023-12-27,-4.540763121045222
B0_momentum_12_1,2022-12-28,2023-12-28,-2.4159587505950486
B0_momentum_12_1,2022-12-29,2023-12-29,-3.2828067586783694
B0_momentum_12_1,2022-12-30,2024-01-02,-6.667829256288149
B0_momentum_12_1,2023-01-03,2024-01-03,-7.436425313382122
B0_momentum_12_1,2023-01-04,2024-01-04,-7.577515310022642
B0_momentum_12_1,2023-01-05,2024-01-05,-6.857391222076359
B0_momentum_12_1,2023-01-06,2024-01-08,-4.111261380358688
B0_momentum_12_1,2023-01-09,2024-01-09,-3.610329170631532
B0_momentum_12_1,2023-01-10,2024-01-10,-2.19789001520706
B0_momentum_12_1,2023-01-11,2024-01-11,-1.5478847294268516
B0_momentum_12_1,2023-01-12,2024-01-12,-1.9095146301420618
B0_momentum_12_1,2023-01-13,2024-01-16,-1.4064268582460127
B0_momentum_12_1,2023-01-17,2024-01-17,-1.9725845437122413
B0_momentum_12_1,2023-01-18,2024-01-18,-0.25295929807299666
B0_momentum_12_1,2023-01-19,2024-01-19,2.1300162506672216
B0_momentum_12_1,2023-01-20,2024-01-22,2.3203808990952757
B0_momentum_12_1,2023-01-23,2024-01-23,1.45975956366462
B0_momentum_12_1,2023-01-24,2024-01-24,2.1227003453584414
B0_momentum_12_1,2023-01-25,2024-01-25,2.736967712290528
B0_momentum_12_1,2023-01-26,2024-01-26,1.1007011616789075
B0_momentum_12_1,2023-01-27,2024-01-29,3.049024125780475
B0_momentum_12_1,2023-01-30,2024-01-30,2.5521978596328543
B0_momentum_12_1,2023-01-31,2024-01-31,0.8032691993310026
B0_momentum_12_1,2023-02-01,2024-02-01,3.2055764147094656
B0_momentum_12_1,2023-02-02,2024-02-02,7.111613643940862
B0_momentum_12_1,2023-02-03,2024-02-05,7.23429378809366
B0_momentum_12_1,2023-02-06,2024-02-06,6.850321980588991
B0_momentum_12_1,2023-02-07,2024-02-07,6.264540419663311
B0_momentum_12_1,2023-02-08,2024-02-08,7.982261274757474
B0_momentum_12_1,2023-02-09,2024-02-09,9.746383323032815
B0_momentum_12_1,2023-02-10,2024-02-12,7.034491810038901
B0_momentum_12_1,2023-02-13,2024-02-13,5.131670108739206
B0_momentum_12_1,2023-02-14,2024-02-14,7.473360335218304
B0_momentum_12_1,2023-02-15,2024-02-15,8.020450030921289
B0_momentum_12_1,2023-02-16,2024-02-16,7.34026433111572
B0_momentum_12_1,2023-02-17,2024-02-20,6.9321903914540295
B0_momentum_12_1,2023-02-21,2024-02-21,5.969035708603343
B0_momentum_12_1,2023-02-22,2024-02-22,10.104980759643034
B0_momentum_12_1,2023-02-23,2024-02-23,9.006175101395698
B0_momentum_12_1,2023-02-24,2024-02-26,9.75790621646655
B0_momentum_12_1,2023-02-27,2024-02-27,10.078152900361935
B0_momentum_12_1,2023-02-28,2024-02-28,10.552359560325076
B0_momentum_12_1,2023-03-01,2024-02-29,10.35490865677251
B0_momentum_12_1,2023-03-02,2024-03-01,12.43789261691013
B0_momentum_12_1,2023-03-03,2024-03-04,11.027050889612266
B0_momentum_12_1,2023-03-06,2024-03-05,8.972122260137283
B0_momentum_12_1,2023-03-07,2024-03-06,11.59101272072327
B0_momentum_12_1,2023-03-08,2024-03-07,14.11267377922989
B0_momentum_12_1,2023-03-09,2024-03-08,13.498959757113326
B0_momentum_12_1,2023-03-10,2024-03-11,14.064026722783751
B0_momentum_12_1,2023-03-13,2024-03-12,18.386044363292385
B0_momentum_12_1,2023-03-14,2024-03-13,15.650977217025531
B0_momentum_12_1,2023-03-15,2024-03-14,18.446935799161658
B0_momentum_12_1,2023-03-16,2024-03-15,14.814248168449783
B0_momentum_12_1,2023-03-17,2024-03-18,18.271473644078394
B0_momentum_12_1,2023-03-20,2024-03-19,16.45041248992687
B0_momentum_12_1,2023-03-21,2024-03-20,16.188138622925653
B0_momentum_12_1,2023-03-22,2024-03-21,19.965203514428875
B0_momentum_12_1,2023-03-23,2024-03-22,20.559689487645215
B0_momentum_12_1,2023-03-24,2024-03-25,19.455702500093942
B0_momentum_12_1,2023-03-27,2024-03-26,17.24464367651015
B0_momentum_12_1,2023-03-28,2024-03-27,15.884000005882172
B0_momentum_12_1,2023-03-29,2024-03-28,14.54113383665998
B0_momentum_12_1,2023-03-31,2024-04-01,13.299060508902638
B0_momentum_12_1,2023-04-03,2024-04-02,11.08971470397293
B0_momentum_12_1,2023-04-04,2024-04-03,15.23453600035134
B0_momentum_12_1,2023-04-05,2024-04-04,11.989374608107251
B0_momentum_12_1,2023-04-06,2024-04-05,14.49288840641021
B0_momentum_12_1,2023-04-06,2024-04-08,13.860700190355635
B0_momentum_12_1,2023-04-10,2024-04-09,11.488191792019432
B0_momentum_12_1,2023-04-11,2024-04-10,9.62261194958771
B0_momentum_12_1,2023-04-12,2024-04-11,11.38521039863436
B0_momentum_12_1,2023-04-13,2024-04-12,8.850039324894542
B0_momentum_12_1,2023-04-14,2024-04-15,6.776410109081699
B0_momentum_12_1,2023-04-17,2024-04-16,7.490692475675331
B0_momentum_12_1,2023-04-18,2024-04-17,5.051485490699714
B0_momentum_12_1,2023-04-19,2024-04-18,4.931284577468498
B0_momentum_12_1,2023-04-20,2024-04-19,0.0015284505229917755
B0_momentum_12_1,2023-04-21,2024-04-22,1.1956053972855596
B0_momentum_12_1,2023-04-24,2024-04-23,3.6922053444409464
B0_momentum_12_1,2023-04-25,2024-04-24,4.2117195086238235
B0_momentum_12_1,2023-04-26,2024-04-25,5.64118477792932
B0_momentum_12_1,2023-04-27,2024-04-26,6.546245977244558
B0_momentum_12_1,2023-04-28,2024-04-29,6.877246950043547
B0_momentum_12_1,2023-05-01,2024-04-30,4.3006290141331505
B0_momentum_12_1,2023-05-02,2024-05-01,4.263013511533309
B0_momentum_12_1,2023-05-03,2024-05-02,7.229568393718089
B0_momentum_12_1,2023-05-04,2024-05-03,10.892273733957559
B0_momentum_12_1,2023-05-05,2024-05-06,12.183133284010928
B0_momentum_12_1,2023-05-08,2024-05-07,9.686716201764245
B0_momentum_12_1,2023-05-09,2024-05-08,10.294865945215426
B0_momentum_12_1,2023-05-10,2024-05-09,10.648683502203692
B0_momentum_12_1,2023-05-11,2024-05-10,11.471839350768276
B0_momentum_12_1,2023-05-12,2024-05-13,9.597574301629441
B0_momentum_12_1,2023-05-15,2024-05-14,11.160214112994037
B0_momentum_12_1,2023-05-16,2024-05-15,15.777661034821545
B0_momentum_12_1,2023-05-17,2024-05-16,12.7823704092207
B0_momentum_12_1,2023-05-18,2024-05-17,10.293067671598454
B0_momentum_12_1,2023-05-19,2024-05-20,12.718515191359625
B0_momentum_12_1,2023-05-22,2024-05-21,14.11553599001234
B0_momentum_12_1,2023-05-23,2024-05-22,16.052277042139494
B0_momentum_12_1,2023-05-24,2024-05-23,16.006734668418332
B0_momentum_12_1,2023-05-25,2024-05-24,16.707814619358864
B0_momentum_12_1,2023-05-26,2024-05-28,15.803756821473236
B0_momentum_12_1,2023-05-30,2024-05-29,14.085023747436164
B0_momentum_12_1,2023-05-31,2024-05-30,14.812602848530165
B0_momentum_12_1,2023-06-01,2024-05-31,12.41596779555132
B0_momentum_12_1,2023-06-02,2024-06-03,10.127947074705279
B0_momentum_12_1,2023-06-05,2024-06-04,9.556427804933687
B0_momentum_12_1,2023-06-06,2024-06-05,11.693372067611673
B0_momentum_12_1,2023-06-07,2024-06-06,10.97239403049528
B0_momentum_12_1,2023-06-08,2024-06-07,9.70751054044474
B0_momentum_12_1,2023-06-09,2024-06-10,10.90735367007587
B0_momentum_12_1,2023-06-12,2024-06-11,9.102775577824506
B0_momentum_12_1,2023-06-13,2024-06-12,9.980058504565426
B0_momentum_12_1,2023-06-14,2024-06-13,10.517997398509582
B0_momentum_12_1,2023-06-15,2024-06-14,8.352228367405656
B0_momentum_12_1,2023-06-16,2024-06-17,9.608711187903008
B0_momentum_12_1,2023-06-16,2024-06-18,11.08589536780551
B0_momentum_12_1,2023-06-21,2024-06-20,10.488086834866973
B0_momentum_12_1,2023-06-22,2024-06-21,9.926614889751594
B0_momentum_12_1,2023-06-23,2024-06-24,10.860823558700439
B0_momentum_12_1,2023-06-26,2024-06-25,12.310501053633738
B0_momentum_12_1,2023-06-27,2024-06-26,9.493844841351894
B0_momentum_12_1,2023-06-28,2024-06-27,9.417413215243297
B0_momentum_12_1,2023-06-29,2024-06-28,8.369112517941169
B0_momentum_12_1,2023-06-30,2024-07-01,7.014186210182571
B0_momentum_12_1,2023-07-03,2024-07-02,8.049904185482305
B0_momentum_12_1,2023-07-03,2024-07-03,9.545839595638084
B0_momentum_12_1,2023-07-06,2024-07-05,11.52388089394314
B0_momentum_12_1,2023-07-07,2024-07-08,12.49547616971427
B0_momentum_12_1,2023-07-10,2024-07-09,10.452724080747466
B0_momentum_12_1,2023-07-11,2024-07-10,10.790250710062521
B0_momentum_12_1,2023-07-12,2024-07-11,7.9410872761978
B0_momentum_12_1,2023-07-13,2024-07-12,7.847717365414897
B0_momentum_12_1,2023-07-14,2024-07-15,7.391371441454542
B0_momentum_12_1,2023-07-17,2024-07-16,6.272873614351804
B0_momentum_12_1,2023-07-18,2024-07-17,0.5372919954581112
B0_momentum_12_1,2023-07-19,2024-07-18,0.3530827424501837
B0_momentum_12_1,2023-07-20,2024-07-19,1.6883540713624745
B0_momentum_12_1,2023-07-21,2024-07-22,3.6539392846467234
B0_momentum_12_1,2023-07-24,2024-07-23,4.457547223085956
B0_momentum_12_1,2023-07-25,2024-07-24,-1.9662841643295903
B0_momentum_12_1,2023-07-26,2024-07-25,-2.6007621403007497
B0_momentum_12_1,2023-07-27,2024-07-26,-0.9160389022272453
B0_momentum_12_1,2023-07-28,2024-07-29,-1.8820516629391881
B0_momentum_12_1,2023-07-31,2024-07-30,-4.288337697299127
B0_momentum_12_1,2023-08-01,2024-07-31,-0.039024092841533076
B0_momentum_12_1,2023-08-02,2024-08-01,-1.6292065861877592
B0_momentum_12_1,2023-08-03,2024-08-02,-5.089313076080715
B0_momentum_12_1,2023-08-04,2024-08-05,-6.120035684758984
B0_momentum_12_1,2023-08-07,2024-08-06,-5.182890255677597
B0_momentum_12_1,2023-08-08,2024-08-07,-6.315961623936673
B0_momentum_12_1,2023-08-09,2024-08-08,-1.6117884690099227
B0_momentum_12_1,2023-08-10,2024-08-09,-0.4371585824620383
B0_momentum_12_1,2023-08-11,2024-08-12,0.5391925955849253
B0_momentum_12_1,2023-08-14,2024-08-13,2.0652868079493736
B0_momentum_12_1,2023-08-15,2024-08-14,4.197668066854976
B0_momentum_12_1,2023-08-16,2024-08-15,8.237156877401898
B0_momentum_12_1,2023-08-17,2024-08-16,10.816927526686815
B0_momentum_12_1,2023-08-18,2024-08-19,11.658990134473912
B0_momentum_12_1,2023-08-21,2024-08-20,9.536705925655276
B0_momentum_12_1,2023-08-22,2024-08-21,11.032589065887489
B0_momentum_12_1,2023-08-23,2024-08-22,8.039226237876784
B0_momentum_12_1,2023-08-24,2024-08-23,11.511150342183507
B0_momentum_12_1,2023-08-25,2024-08-26,9.421478287862683
B0_momentum_12_1,2023-08-28,2024-08-27,8.963489383151035
B0_momentum_12_1,2023-08-29,2024-08-28,4.909045762362352
B0_momentum_12_1,2023-08-30,2024-08-29,4.218182526666858
B0_momentum_12_1,2023-08-31,2024-08-30,5.488800539945959
B0_momentum_12_1,2023-09-01,2024-09-03,0.8479683495651091
B0_momentum_12_1,2023-09-05,2024-09-04,2.4446505171129784
B0_momentum_12_1,2023-09-06,2024-09-05,1.4397451698568764
B0_momentum_12_1,2023-09-07,2024-09-06,-0.5279225514230101
B0_momentum_12_1,2023-09-08,2024-09-09,1.6689049797192324
B0_momentum_12_1,2023-09-11,2024-09-10,1.727480021773431
B0_momentum_12_1,2023-09-12,2024-09-11,6.209832476117416
B0_momentum_12_1,2023-09-13,2024-09-12,8.688315825202686
B0_momentum_12_1,2023-09-14,2024-09-13,8.656182147540825
B0_momentum_12_1,2023-09-15,2024-09-16,11.308983160498109
B0_momentum_12_1,2023-09-18,2024-09-17,11.12359918043273
B0_momentum_12_1,2023-09-19,2024-09-18,11.31164119083039
B0_momentum_12_1,2023-09-20,2024-09-19,14.426899060954845
B0_momentum_12_1,2023-09-21,2024-09-20,20.60456901533869
B0_momentum_12_1,2023-09-22,2024-09-23,21.89206089742919
B0_momentum_12_1,2023-09-25,2024-09-24,21.638301388872083
B0_momentum_12_1,2023-09-26,2024-09-25,24.083925802429995
B0_momentum_12_1,2023-09-27,2024-09-26,21.979453752150626
B0_momentum_12_1,2023-09-28,2024-09-27,20.4352132706477
B0_momentum_12_1,2023-09-29,2024-09-30,22.486204772313776
B0_momentum_12_1,2023-10-02,2024-10-01,21.83039299482241
B0_momentum_12_1,2023-10-03,2024-10-02,25.97132252944123
B0_momentum_12_1,2023-10-04,2024-10-03,25.340994600275412
B0_momentum_12_1,2023-10-05,2024-10-04,27.825116951139584
B0_momentum_12_1,2023-10-06,2024-10-07,24.052975918630093
B0_momentum_12_1,2023-10-09,2024-10-08,25.148942647267436
B0_momentum_12_1,2023-10-10,2024-10-09,24.775444868471276
B0_momentum_12_1,2023-10-11,2024-10-10,23.206537440246233
B0_momentum_12_1,2023-10-12,2024-10-11,24.982360418026172
B0_momentum_12_1,2023-10-13,2024-10-14,28.04697114548955
B0_momentum_12_1,2023-10-16,2024-10-15,25.01707520279144
B0_momentum_12_1,2023-10-17,2024-10-16,26.306845048255447
B0_momentum_12_1,2023-10-18,2024-10-17,28.035939724712055
B0_momentum_12_1,2023-10-19,2024-10-18,30.329367927746254
B0_momentum_12_1,2023-10-20,2024-10-21,32.47748428373225
B0_momentum_12_1,2023-10-23,2024-10-22,29.49227025539065
B0_momentum_12_1,2023-10-24,2024-10-23,27.99213573914814
B0_momentum_12_1,2023-10-25,2024-10-24,31.301069166167927
B0_momentum_12_1,2023-10-26,2024-10-25,33.03819055861788
B0_momentum_12_1,2023-10-27,2024-10-28,33.50553637057121
B0_momentum_12_1,2023-10-30,2024-10-29,32.08812387084805
B0_momentum_12_1,2023-10-31,2024-10-30,30.67901528929975
B0_momentum_12_1,2023-11-01,2024-10-31,27.415908496350806
B0_momentum_12_1,2023-11-02,2024-11-01,25.93723017766667
B0_momentum_12_1,2023-11-03,2024-11-04,25.367611969083903
B0_momentum_12_1,2023-11-06,2024-11-05,29.654137298462715
B0_momentum_12_1,2023-11-07,2024-11-06,34.98912874203679
B0_momentum_12_1,2023-11-08,2024-11-07,36.15991541381898
B0_momentum_12_1,2023-11-09,2024-11-08,40.282677140583935
B0_momentum_12_1,2023-11-10,2024-11-11,40.38145814604073
B0_momentum_12_1,2023-11-13,2024-11-12,39.141694597743395
B0_momentum_12_1,2023-11-14,2024-11-13,38.746863496580545
B0_momentum_12_1,2023-11-15,2024-11-14,36.76734629344569
B0_momentum_12_1,2023-11-16,2024-11-15,37.14006594751042
B0_momentum_12_1,2023-11-17,2024-11-18,37.237656948557344
B0_momentum_12_1,2023-11-20,2024-11-19,38.93734117965608
B0_momentum_12_1,2023-11-21,2024-11-20,38.977911117343325
B0_momentum_12_1,2023-11-22,2024-11-21,41.63813349665229
B0_momentum_12_1,2023-11-22,2024-11-22,42.47320360263998
B0_momentum_12_1,2023-11-24,2024-11-25,41.84681879287386
B0_momentum_12_1,2023-11-27,2024-11-26,44.40451824267968
B0_momentum_12_1,2023-11-28,2024-11-27,42.438504655936306
B0_momentum_12_1,2023-11-30,2024-11-29,44.13016306730779
B0_momentum_12_1,2023-12-01,2024-12-02,41.801602674866636
B0_momentum_12_1,2023-12-04,2024-12-03,44.820455134608196
B0_momentum_12_1,2023-12-05,2024-12-04,45.56990157168326
B0_momentum_12_1,2023-12-06,2024-12-05,46.5643953790577
B0_momentum_12_1,2023-12-07,2024-12-06,45.94498999309609
B0_momentum_12_1,2023-12-08,2024-12-09,38.966830975658986
B0_momentum_12_1,2023-12-11,2024-12-10,35.78088776194597
B0_momentum_12_1,2023-12-12,2024-12-11,35.7023617323921
B0_momentum_12_1,2023-12-13,2024-12-12,33.5323687450799
B0_momentum_12_1,2023-12-14,2024-12-13,37.474902118668155
B0_momentum_12_1,2023-12-15,2024-12-16,38.00504947802612
B0_momentum_12_1,2023-12-18,2024-12-17,34.04595603686904
B0_momentum_12_1,2023-12-19,2024-12-18,27.505201172784876
B0_momentum_12_1,2023-12-20,2024-12-19,30.410290459677157
B0_momentum_12_1,2023-12-21,2024-12-20,31.618745258380553
B0_momentum_12_1,2023-12-22,2024-12-23,33.46111800670164
B0_momentum_12_1,2023-12-22,2024-12-24,35.37370772463924
B0_momentum_12_1,2023-12-27,2024-12-26,34.63256580699758
B0_momentum_12_1,2023-12-28,2024-12-27,32.610888191413714
B0_momentum_12_1,2023-12-29,2024-12-30,31.736408466733955
B0_momentum_12_1,2023-12-29,2024-12-31,30.531701004540103
B0_momentum_12_1,2024-01-03,2025-01-02,39.327607840928614
B0_momentum_12_1,2024-01-04,2025-01-03,42.740891107466
B0_momentum_12_1,2024-01-05,2025-01-06,41.83864496721101
B0_momentum_12_1,2024-01-08,2025-01-07,35.53062425084348
B0_momentum_12_1,2024-01-09,2025-01-08,35.515192491944035
B0_momentum_12_1,2024-01-11,2025-01-10,33.28053883257724
B0_momentum_12_1,2024-01-12,2025-01-13,32.506821285083554
B0_momentum_12_1,2024-01-12,2025-01-14,35.15998380004084
B0_momentum_12_1,2024-01-16,2025-01-15,37.41082947791754
B0_momentum_12_1,2024-01-17,2025-01-16,39.72931460656805
B0_momentum_12_1,2024-01-18,2025-01-17,38.57712979759349
B0_momentum_12_1,2024-01-22,2025-01-21,38.06678924295035
B0_momentum_12_1,2024-01-23,2025-01-22,40.103585180137614
B0_momentum_12_1,2024-01-24,2025-01-23,40.78921024921451
B0_momentum_12_1,2024-01-25,2025-01-24,39.26452625495897
B0_momentum_12_1,2024-01-26,2025-01-27,32.76405583296969
B0_momentum_12_1,2024-01-29,2025-01-28,33.57342986911889
B0_momentum_12_1,2024-01-30,2025-01-29,35.367131116771255
B0_momentum_12_1,2024-01-31,2025-01-30,40.75467817286649
B0_momentum_12_1,2024-02-01,2025-01-31,36.36236590892037
B0_momentum_12_1,2024-02-02,2025-02-03,33.461203757884306
B0_momentum_12_1,2024-02-05,2025-02-04,35.32082077998997
B0_momentum_12_1,2024-02-06,2025-02-05,38.46115254366795
B0_momentum_12_1,2024-02-07,2025-02-06,38.04241327105711
B0_momentum_12_1,2024-02-08,2025-02-07,35.39905297094017
B0_momentum_12_1,2024-02-09,2025-02-10,35.17077171442984
B0_momentum_12_1,2024-02-12,2025-02-11,33.48379341603271
B0_momentum_12_1,2024-02-13,2025-02-12,35.66583506559591
B0_momentum_12_1,2024-02-14,2025-02-13,33.79168617839592
B0_momentum_12_1,2024-02-15,2025-02-14,34.48072909871662
B0_momentum_12_1,2024-02-16,2025-02-18,38.2796198908125
B0_momentum_12_1,2024-02-20,2025-02-19,38.702318345234346
B0_momentum_12_1,2024-02-21,2025-02-20,37.81157994034115
B0_momentum_12_1,2024-02-22,2025-02-21,27.075957122935446
B0_momentum_12_1,2024-02-23,2025-02-24,24.323040391442685
B0_momentum_12_1,2024-02-26,2025-02-25,22.20474720856036
B0_momentum_12_1,2024-02-27,2025-02-26,25.15074852232877
B0_momentum_12_1,2024-02-28,2025-02-27,21.248595392014714
B0_momentum_12_1,2024-02-29,2025-02-28,22.08195936530153
B0_momentum_12_1,2024-03-01,2025-03-03,15.531644505173304
B0_momentum_12_1,2024-03-04,2025-03-04,11.837497401411735
B0_momentum_12_1,2024-03-05,2025-03-05,15.561379079632554
B0_momentum_12_1,2024-03-06,2025-03-06,8.455726255801576
B0_momentum_12_1,2024-03-07,2025-03-07,7.2256924503520725
B0_momentum_12_1,2024-03-08,2025-03-10,4.44705363120943
B0_momentum_12_1,2024-03-11,2025-03-11,6.99687939538165
B0_momentum_12_1,2024-03-12,2025-03-12,7.28859792015768
B0_momentum_12_1,2024-03-13,2025-03-13,5.326886792887908
B0_momentum_12_1,2024-03-14,2025-03-14,10.563442198622264
B0_momentum_12_1,2024-03-15,2025-03-17,13.942689731731338
B0_momentum_12_1,2024-03-18,2025-03-18,10.287218816117672
B0_momentum_12_1,2024-03-19,2025-03-19,13.418954738619782
B0_momentum_12_1,2024-03-20,2025-03-20,11.695375882157656
B0_momentum_12_1,2024-03-21,2025-03-21,10.389786299817683
B0_momentum_12_1,2024-03-22,2025-03-24,14.154465172555518
B0_momentum_12_1,2024-03-25,2025-03-25,15.045300674417561
B0_momentum_12_1,2024-03-26,2025-03-26,12.94033215793493
B0_momentum_12_1,2024-03-27,2025-03-27,11.022983183972812
B0_momentum_12_1,2024-03-28,2025-03-28,8.448623071303874
B0_momentum_12_1,2024-03-28,2025-03-31,8.661153635147723
B0_momentum_12_1,2024-04-01,2025-04-01,8.045705808239045
B0_momentum_12_1,2024-04-02,2025-04-02,9.283951311982852
B0_momentum_12_1,2024-04-03,2025-04-03,8.187214802894772
B0_momentum_12_1,2024-04-04,2025-04-04,10.89467633555785
B0_momentum_12_1,2024-04-05,2025-04-07,8.532412239214327
B0_momentum_12_1,2024-04-08,2025-04-08,9.135016227797731
B0_momentum_12_1,2024-04-09,2025-04-09,10.353481108263685
B0_momentum_12_1,2024-04-10,2025-04-10,11.851677396678095
B0_momentum_12_1,2024-04-11,2025-04-11,10.024423591028642
B0_momentum_12_1,2024-04-12,2025-04-14,11.963399494860427
B0_momentum_12_1,2024-04-15,2025-04-15,14.011841812274373
B0_momentum_12_1,2024-04-16,2025-04-16,13.005655132615335
B0_momentum_12_1,2024-04-17,2025-04-17,15.168801078159944
B0_momentum_12_1,2024-04-19,2025-04-21,20.820506075967927
B0_momentum_12_1,2024-04-22,2025-04-22,19.46551772833418
B0_momentum_12_1,2024-04-23,2025-04-23,15.894823304079297
B0_momentum_12_1,2024-04-24,2025-04-24,16.475835285731065
B0_momentum_12_1,2024-04-25,2025-04-25,16.56187448160573
B0_momentum_12_1,2024-04-26,2025-04-28,14.436275188124936
B0_momentum_12_1,2024-04-29,2025-04-29,13.774195951632606
B0_momentum_12_1,2024-04-30,2025-04-30,16.237055214438346
B0_momentum_12_1,2024-05-01,2025-05-01,18.192142633785856
B0_momentum_12_1,2024-05-02,2025-05-02,16.67245563659181
B0_momentum_12_1,2024-05-03,2025-05-05,14.126904747113112
B0_momentum_12_1,2024-05-06,2025-05-06,10.89635654712373
B0_momentum_12_1,2024-05-07,2025-05-07,12.847999755070848
B0_momentum_12_1,2024-05-08,2025-05-08,12.173120812905868
B0_momentum_12_1,2024-05-09,2025-05-09,11.334390662167394
B0_momentum_12_1,2024-05-10,2025-05-12,10.738101506033004
B0_momentum_12_1,2024-05-13,2025-05-13,11.4185821317778
B0_momentum_12_1,2024-05-14,2025-05-14,9.961191428722582
B0_momentum_12_1,2024-05-15,2025-05-15,6.457373789636378
B0_momentum_12_1,2024-05-16,2025-05-16,8.215775342085507
B0_momentum_12_1,2024-05-17,2025-05-19,8.94612180098635
B0_momentum_12_1,2024-05-20,2025-05-20,7.315369543039507
B0_momentum_12_1,2024-05-21,2025-05-21,6.875276193758606
B0_momentum_12_1,2024-05-22,2025-05-22,7.629196000651928
B0_momentum_12_1,2024-05-23,2025-05-23,7.924893856696991
B0_momentum_12_1,2024-05-24,2025-05-27,4.984609433607612
B0_momentum_12_1,2024-05-28,2025-05-28,4.3368607470267495
B0_momentum_12_1,2024-05-29,2025-05-29,5.5787774766514975
B0_momentum_12_1,2024-05-30,2025-05-30,6.140405054469311
B0_momentum_12_1,2024-05-31,2025-06-02,7.809291321121825
B0_momentum_12_1,2024-06-03,2025-06-03,9.13157717989983
B0_momentum_12_1,2024-06-04,2025-06-04,9.258397357437499
B0_momentum_12_1,2024-06-05,2025-06-05,6.508149708581601
B0_momentum_12_1,2024-06-06,2025-06-06,9.446077717200607
B0_momentum_12_1,2024-06-07,2025-06-09,9.047723694043519
B0_momentum_12_1,2024-06-10,2025-06-10,6.940275404571117
B0_momentum_12_1,2024-06-11,2025-06-11,8.40092302201989
B0_momentum_12_1,2024-06-12,2025-06-12,7.454171969849854
B0_momentum_12_1,2024-06-13,2025-06-13,7.064824878768139
B0_momentum_12_1,2024-06-14,2025-06-16,9.225460104021078
B0_momentum_12_1,2024-06-17,2025-06-17,7.6949194922578235
B0_momentum_12_1,2024-06-18,2025-06-18,6.251125818926173
B0_momentum_12_1,2024-06-20,2025-06-20,7.076961371754575
B0_momentum_12_1,2024-06-21,2025-06-23,9.369626688400757
B0_momentum_12_1,2024-06-24,2025-06-24,10.568230195900409
B0_momentum_12_1,2024-06-25,2025-06-25,8.501649504815777
B0_momentum_12_1,2024-06-26,2025-06-26,11.002454740305412
B0_momentum_12_1,2024-06-27,2025-06-27,11.16014700999175
B0_momentum_12_1,2024-06-28,2025-06-30,13.068666509794124
B0_momentum_12_1,2024-07-01,2025-07-01,10.761747595791116
B0_momentum_12_1,2024-07-02,2025-07-02,10.360961654324917
B0_momentum_12_1,2024-07-03,2025-07-03,10.781742537190443
B0_momentum_12_1,2024-07-05,2025-07-07,11.132093442076174
B0_momentum_12_1,2024-07-08,2025-07-08,9.321941985957682
B0_momentum_12_1,2024-07-09,2025-07-09,10.243802665268786
B0_momentum_12_1,2024-07-10,2025-07-10,9.724774126510116
B0_momentum_12_1,2024-07-11,2025-07-11,9.93539544346742
B0_momentum_12_1,2024-07-12,2025-07-14,10.786890465044019
B0_momentum_12_1,2024-07-15,2025-07-15,10.27948410788988
B0_momentum_12_1,2024-07-16,2025-07-16,10.38935039387885
B0_momentum_12_1,2024-07-17,2025-07-17,17.41537485948099
B0_momentum_12_1,2024-07-18,2025-07-18,19.22168545075811
B0_momentum_12_1,2024-07-19,2025-07-21,19.98116829120442
B0_momentum_12_1,2024-07-22,2025-07-22,16.755299994153262
B0_momentum_12_1,2024-07-23,2025-07-23,18.077021321941157
B0_momentum_12_1,2024-07-24,2025-07-24,23.195080700050784
B0_momentum_12_1,2024-07-25,2025-07-25,26.351140233033178
B0_momentum_12_1,2024-07-26,2025-07-28,24.467245305785855
B0_momentum_12_1,2024-07-29,2025-07-29,23.90216197307147
B0_momentum_12_1,2024-07-30,2025-07-30,27.443855365722868
B0_momentum_12_1,2024-07-31,2025-07-31,20.943425854068852
B0_momentum_12_1,2024-08-01,2025-08-01,24.355197286169528
B0_momentum_12_1,2024-08-02,2025-08-04,31.94789358596546
B0_momentum_12_1,2024-08-05,2025-08-05,34.44408077698671
B0_momentum_12_1,2024-08-06,2025-08-06,30.877875361993333
B0_momentum_12_1,2024-08-07,2025-08-07,31.8594355000301
B0_momentum_12_1,2024-08-08,2025-08-08,26.035538687718287
B0_momentum_12_1,2024-08-09,2025-08-11,23.813574266592006
B0_momentum_12_1,2024-08-12,2025-08-12,25.611006469017504
B0_momentum_12_1,2024-08-13,2025-08-13,21.323225486736884
B0_momentum_12_1,2024-08-14,2025-08-14,18.192512592013067
B0_momentum_12_1,2024-08-15,2025-08-15,15.317771383084189
B0_momentum_12_1,2024-08-16,2025-08-18,16.05812578745338
B0_momentum_12_1,2024-08-19,2025-08-19,12.348924789312154
B0_momentum_12_1,2024-08-20,2025-08-20,12.72068363591201
B0_momentum_12_1,2024-08-21,2025-08-21,11.001733619664922
B0_momentum_12_1,2024-08-22,2025-08-22,13.870635891085549
B0_momentum_12_1,2024-08-23,2025-08-25,11.989080871574686
B0_momentum_12_1,2024-08-26,2025-08-26,15.392270582962775
B0_momentum_12_1,2024-08-27,2025-08-27,15.299195477310622
B0_momentum_12_1,2024-08-28,2025-08-28,18.863923869095455
B0_momentum_12_1,2024-08-29,2025-08-29,16.80725912542078
B0_momentum_12_1,2024-08-30,2025-09-02,14.28504919660385
B0_momentum_12_1,2024-09-03,2025-09-03,20.259607287322368
B0_momentum_12_1,2024-09-04,2025-09-04,21.637631346633324
B0_momentum_12_1,2024-09-05,2025-09-05,22.161968608585703
B0_momentum_12_1,2024-09-06,2025-09-08,26.497719335033153
B0_momentum_12_1,2024-09-09,2025-09-09,24.876632322174718
B0_momentum_12_1,2024-09-10,2025-09-10,29.45011137850169
B0_momentum_12_1,2024-09-11,2025-09-11,25.833461576384444
B0_momentum_12_1,2024-09-12,2025-09-12,24.01781427991039
B0_momentum_12_1,2024-09-13,2025-09-15,23.23496528837403
B0_momentum_12_1,2024-09-16,2025-09-16,21.81402637725707
B0_momentum_12_1,2024-09-17,2025-09-17,20.9784608913004
B0_momentum_12_1,2024-09-18,2025-09-18,23.562709779634684
B0_momentum_12_1,2024-09-19,2025-09-19,22.380093982882478
B0_momentum_12_1,2024-09-20,2025-09-22,19.709712968743155
B0_momentum_12_1,2024-09-23,2025-09-23,17.593945312377258
B0_momentum_12_1,2024-09-24,2025-09-24,15.565446699046138
B0_momentum_12_1,2024-09-25,2025-09-25,12.640646852588144
B0_momentum_12_1,2024-09-26,2025-09-26,14.817293921610396
B0_momentum_12_1,2024-09-27,2025-09-29,15.193638339269743
B0_momentum_12_1,2024-09-30,2025-09-30,14.55303905458627
B0_momentum_12_1,2024-10-01,2025-10-01,14.60606650274574
B0_momentum_12_1,2024-10-02,2025-10-02,14.668277946026365
B0_momentum_12_1,2024-10-03,2025-10-03,12.824623239980038
B0_momentum_12_1,2024-10-04,2025-10-06,10.963633460507683
B0_momentum_12_1,2024-10-07,2025-10-07,12.559555392264809
B0_momentum_12_1,2024-10-08,2025-10-08,12.888924210650043
B0_momentum_12_1,2024-10-09,2025-10-09,12.377947407152433
B0_momentum_12_1,2024-10-10,2025-10-10,7.75341569780077
B0_momentum_12_1,2024-10-11,2025-10-13,10.022767849585268
B0_momentum_12_1,2024-10-14,2025-10-14,8.991259596368351
B0_momentum_12_1,2024-10-15,2025-10-15,10.476352430179325
B0_momentum_12_1,2024-10-16,2025-10-16,7.507190336668956
B0_momentum_12_1,2024-10-17,2025-10-17,7.776228807196972
B0_momentum_12_1,2024-10-18,2025-10-20,7.536146409577982
B0_momentum_12_1,2024-10-21,2025-10-21,6.866009591682798
B0_momentum_12_1,2024-10-22,2025-10-22,6.398901214493624
B0_momentum_12_1,2024-10-23,2025-10-23,9.011621474449871
B0_momentum_12_1,2024-10-24,2025-10-24,11.144869726801776
B0_momentum_12_1,2024-10-25,2025-10-27,13.249360637052332
B0_momentum_12_1,2024-10-28,2025-10-28,11.69604779845097
B0_momentum_12_1,2024-10-29,2025-10-29,12.36953036135442
B0_momentum_12_1,2024-10-30,2025-10-30,10.841210301583848
B0_momentum_12_1,2024-10-31,2025-10-31,14.836817988988106
B0_momentum_12_1,2024-11-01,2025-11-03,16.667049295426217
B0_momentum_12_1,2024-11-04,2025-11-04,13.39823985124966
B0_momentum_12_1,2024-11-05,2025-11-05,12.303961936513197
B0_momentum_12_1,2024-11-06,2025-11-06,4.8753033288095216
B0_momentum_12_1,2024-11-07,2025-11-07,5.064923495097817
B0_momentum_12_1,2024-11-08,2025-11-10,4.700604896892768
B0_momentum_12_1,2024-11-11,2025-11-11,3.3345984429859588
B0_momentum_12_1,2024-11-12,2025-11-12,3.7853354260946492
B0_momentum_12_1,2024-11-13,2025-11-13,0.06521082108967846
B0_momentum_12_1,2024-11-14,2025-11-14,2.007298991594486
B0_momentum_12_1,2024-11-15,2025-11-17,0.9707193696815386
B0_momentum_12_1,2024-11-18,2025-11-18,0.24482347276701955
B0_momentum_12_1,2024-11-19,2025-11-19,0.1006402853402033
B0_momentum_12_1,2024-11-20,2025-11-20,-4.549172171823557
B0_momentum_12_1,2024-11-21,2025-11-21,-5.974954813320565
B0_momentum_12_1,2024-11-22,2025-11-24,-3.370456587332693
B0_momentum_12_1,2024-11-25,2025-11-25,-1.7121184870955042
B0_momentum_12_1,2024-11-26,2025-11-26,-0.7700145277148684
B0_momentum_12_1,2024-11-27,2025-11-28,1.643694416822239
B0_momentum_12_1,2024-11-29,2025-12-01,-0.20170908713595948
B0_momentum_12_1,2024-12-02,2025-12-02,1.7321071618441986
B0_momentum_12_1,2024-12-03,2025-12-03,1.0234691530916384
B0_momentum_12_1,2024-12-04,2025-12-04,1.5323348026476502
B0_momentum_12_1,2024-12-05,2025-12-05,2.44890778750535
B0_momentum_12_1,2024-12-06,2025-12-08,3.309694245588557
B0_momentum_12_1,2024-12-09,2025-12-09,8.172206542070759
B0_momentum_12_1,2024-12-10,2025-12-10,12.412295446183585
B0_momentum_12_1,2024-12-11,2025-12-11,11.486660105676162
B0_momentum_12_1,2024-12-12,2025-12-12,7.8062436681688
B0_momentum_12_1,2024-12-13,2025-12-15,5.776270406950612
B0_momentum_12_1,2024-12-16,2025-12-16,4.620629181805724
B0_momentum_12_1,2024-12-17,2025-12-17,2.711313984656183
B0_momentum_12_1,2024-12-18,2025-12-18,11.009298925288192
B0_momentum_12_1,2024-12-19,2025-12-19,13.36904721619736
B0_momentum_12_1,2024-12-20,2025-12-22,11.958062386778035
B0_momentum_12_1,2024-12-23,2025-12-23,11.177820984221508
B0_momentum_12_1,2024-12-24,2025-12-24,10.394736814686635
B0_momentum_12_1,2024-12-26,2025-12-26,10.10067801679182
B0_momentum_12_1,2024-12-27,2025-12-29,10.76797286662805
B0_momentum_12_1,2024-12-30,2025-12-30,11.337115450962521
B0_momentum_12_1,2024-12-31,2025-12-31,10.645227136566572
B1_residual_momentum,2015-01-02,2016-01-04,-1.9339641587967638
B1_residual_momentum,2015-01-05,2016-01-05,-1.6801016173572325
B1_residual_momentum,2015-01-06,2016-01-06,-2.0671230224643233
B1_residual_momentum,2015-01-07,2016-01-07,-3.5269880615462434
B1_residual_momentum,2015-01-08,2016-01-08,-4.7247867670193955
B1_residual_momentum,2015-01-09,2016-01-11,-4.5853370899077595
B1_residual_momentum,2015-01-12,2016-01-12,-4.725695493301019
B1_residual_momentum,2015-01-13,2016-01-13,-4.55830782616048
B1_residual_momentum,2015-01-14,2016-01-14,-5.138799589913001
B1_residual_momentum,2015-01-15,2016-01-15,-5.391488256934263
B1_residual_momentum,2015-01-16,2016-01-19,-6.205951016273959
B1_residual_momentum,2015-01-20,2016-01-20,-6.014183616991198
B1_residual_momentum,2015-01-21,2016-01-21,-6.348091323265637
B1_residual_momentum,2015-01-22,2016-01-22,-7.939102067474046
B1_residual_momentum,2015-01-23,2016-01-25,-7.841600762497658
B1_residual_momentum,2015-01-26,2016-01-26,-8.205042807431406
B1_residual_momentum,2015-01-27,2016-01-27,-7.817535045897117
B1_residual_momentum,2015-01-28,2016-01-28,-7.707849814446844
B1_residual_momentum,2015-01-29,2016-01-29,-8.265601935122724
B1_residual_momentum,2015-01-30,2016-02-01,-6.411234795585175
B1_residual_momentum,2015-02-02,2016-02-02,-6.896740892063747
B1_residual_momentum,2015-02-03,2016-02-03,-7.515100659433937
B1_residual_momentum,2015-02-04,2016-02-04,-7.98845653683844
B1_residual_momentum,2015-02-05,2016-02-05,-8.280888616884718
B1_residual_momentum,2015-02-06,2016-02-08,-6.543413626158346
B1_residual_momentum,2015-02-09,2016-02-09,-5.805056866091196
B1_residual_momentum,2015-02-10,2016-02-10,-6.979982285985553
B1_residual_momentum,2015-02-11,2016-02-11,-7.231173333431784
B1_residual_momentum,2015-02-12,2016-02-12,-7.99007457277413
B1_residual_momentum,2015-02-13,2016-02-16,-7.43645529834811
B1_residual_momentum,2015-02-17,2016-02-17,-7.5015343545758455
B1_residual_momentum,2015-02-18,2016-02-18,-8.301980354675308
B1_residual_momentum,2015-02-19,2016-02-19,-7.39743631836014
B1_residual_momentum,2015-02-20,2016-02-22,-8.087519018075007
B1_residual_momentum,2015-02-23,2016-02-23,-8.696071095130653
B1_residual_momentum,2015-02-24,2016-02-24,-8.071979944927133
B1_residual_momentum,2015-02-25,2016-02-25,-7.605087359019591
B1_residual_momentum,2015-02-26,2016-02-26,-7.360287175094471
B1_residual_momentum,2015-02-27,2016-02-29,-7.406941192400085
B1_residual_momentum,2015-03-02,2016-03-01,-8.03139100855229
B1_residual_momentum,2015-03-03,2016-03-02,-7.691970735519349
B1_residual_momentum,2015-03-04,2016-03-03,-6.98771392989933
B1_residual_momentum,2015-03-05,2016-03-04,-7.788681039893075
B1_residual_momentum,2015-03-06,2016-03-07,-5.713956461685821
B1_residual_momentum,2015-03-09,2016-03-08,-6.633773152693756
B1_residual_momentum,2015-03-10,2016-03-09,-6.031239239346265
B1_residual_momentum,2015-03-11,2016-03-10,-5.848359948080373
B1_residual_momentum,2015-03-12,2016-03-11,-7.386266503496808
B1_residual_momentum,2015-03-13,2016-03-14,-7.152220878704529
B1_residual_momentum,2015-03-16,2016-03-15,-8.799958773245397
B1_residual_momentum,2015-03-17,2016-03-16,-8.286163659306977
B1_residual_momentum,2015-03-18,2016-03-17,-9.385828975596965
B1_residual_momentum,2015-03-19,2016-03-18,-9.456537178072244
B1_residual_momentum,2015-03-20,2016-03-21,-10.236673522365159
B1_residual_momentum,2015-03-23,2016-03-22,-10.18639804452942
B1_residual_momentum,2015-03-24,2016-03-23,-9.668038756257102
B1_residual_momentum,2015-03-25,2016-03-24,-8.088374093064864
B1_residual_momentum,2015-03-27,2016-03-28,-8.165210019797865
B1_residual_momentum,2015-03-30,2016-03-29,-9.126015185229742
B1_residual_momentum,2015-03-31,2016-03-30,-8.299529805428085
B1_residual_momentum,2015-04-01,2016-03-31,-7.5828223141778945
B1_residual_momentum,2015-04-02,2016-04-01,-6.77589486990664
B1_residual_momentum,2015-04-02,2016-04-04,-7.168947513079848
B1_residual_momentum,2015-04-06,2016-04-05,-8.210284770997323
B1_residual_momentum,2015-04-07,2016-04-06,-7.20747881975864
B1_residual_momentum,2015-04-08,2016-04-07,-8.496552497196209
B1_residual_momentum,2015-04-09,2016-04-08,-8.222868719412235
B1_residual_momentum,2015-04-10,2016-04-11,-8.885877585634061
B1_residual_momentum,2015-04-13,2016-04-12,-8.086373721667496
B1_residual_momentum,2015-04-14,2016-04-13,-8.123893240956704
B1_residual_momentum,2015-04-15,2016-04-14,-8.300398465607516
B1_residual_momentum,2015-04-16,2016-04-15,-7.798643086428115
B1_residual_momentum,2015-04-17,2016-04-18,-5.8700643824268095
B1_residual_momentum,2015-04-20,2016-04-19,-7.0366697458377425
B1_residual_momentum,2015-04-21,2016-04-20,-7.968409146404564
B1_residual_momentum,2015-04-22,2016-04-21,-9.327134937904113
B1_residual_momentum,2015-04-23,2016-04-22,-10.186644518826638
B1_residual_momentum,2015-04-24,2016-04-25,-9.616211695125132
B1_residual_momentum,2015-04-27,2016-04-26,-8.888305767589799
B1_residual_momentum,2015-04-28,2016-04-27,-8.259491360259908
B1_residual_momentum,2015-04-29,2016-04-28,-7.394299341398492
B1_residual_momentum,2015-04-30,2016-04-29,-5.995708920745669
B1_residual_momentum,2015-05-01,2016-05-02,-7.020110787058053
B1_residual_momentum,2015-05-04,2016-05-03,-7.048420859345505
B1_residual_momentum,2015-05-05,2016-05-04,-4.863272174301258
B1_residual_momentum,2015-05-06,2016-05-05,-5.379948515818533
B1_residual_momentum,2015-05-07,2016-05-06,-5.403100327077515
B1_residual_momentum,2015-05-08,2016-05-09,-5.9620614859903
B1_residual_momentum,2015-05-11,2016-05-10,-4.987019403428405
B1_residual_momentum,2015-05-12,2016-05-11,-5.766159410268246
B1_residual_momentum,2015-05-13,2016-05-12,-4.422257251569928
B1_residual_momentum,2015-05-14,2016-05-13,-6.111939005722866
B1_residual_momentum,2015-05-15,2016-05-16,-6.117724493248378
B1_residual_momentum,2015-05-18,2016-05-17,-8.641330808085623
B1_residual_momentum,2015-05-19,2016-05-18,-9.351567385660363
B1_residual_momentum,2015-05-20,2016-05-19,-8.7504777391057
B1_residual_momentum,2015-05-21,2016-05-20,-9.223579978912234
B1_residual_momentum,2015-05-22,2016-05-23,-9.07044775774002
B1_residual_momentum,2015-05-22,2016-05-24,-7.87190587406621
B1_residual_momentum,2015-05-26,2016-05-25,-7.165560100554558
B1_residual_momentum,2015-05-27,2016-05-26,-8.398678716871045
B1_residual_momentum,2015-05-28,2016-05-27,-8.022136721236727
B1_residual_momentum,2015-06-01,2016-05-31,-8.667800712509798
B1_residual_momentum,2015-06-02,2016-06-01,-8.008437624398235
B1_residual_momentum,2015-06-03,2016-06-02,-8.298006542923774
B1_residual_momentum,2015-06-04,2016-06-03,-6.957621397555136
B1_residual_momentum,2015-06-05,2016-06-06,-6.682431138578659
B1_residual_momentum,2015-06-08,2016-06-07,-5.814123119672498
B1_residual_momentum,2015-06-09,2016-06-08,-5.405376955169738
B1_residual_momentum,2015-06-10,2016-06-09,-6.070629141601735
B1_residual_momentum,2015-06-11,2016-06-10,-6.57847102850635
B1_residual_momentum,2015-06-12,2016-06-13,-6.757197580733065
B1_residual_momentum,2015-06-15,2016-06-14,-6.002415030272057
B1_residual_momentum,2015-06-16,2016-06-15,-7.307857282652885
B1_residual_momentum,2015-06-17,2016-06-16,-7.056200998274543
B1_residual_momentum,2015-06-18,2016-06-17,-8.876868573274221
B1_residual_momentum,2015-06-19,2016-06-20,-8.650826523885137
B1_residual_momentum,2015-06-22,2016-06-21,-8.606746530106523
B1_residual_momentum,2015-06-23,2016-06-22,-8.773511780863007
B1_residual_momentum,2015-06-24,2016-06-23,-7.320319139558307
B1_residual_momentum,2015-06-25,2016-06-24,-8.939296518749028
B1_residual_momentum,2015-06-26,2016-06-27,-8.367630033057017
B1_residual_momentum,2015-06-29,2016-06-28,-5.328799506719307
B1_residual_momentum,2015-06-30,2016-06-29,-4.479528982735337
B1_residual_momentum,2015-07-01,2016-06-30,-2.898554621066174
B1_residual_momentum,2015-07-02,2016-07-01,-3.101526187003645
B1_residual_momentum,2015-07-06,2016-07-05,-2.1359587281294057
B1_residual_momentum,2015-07-07,2016-07-06,-2.57818119415002
B1_residual_momentum,2015-07-08,2016-07-07,-1.7987003076351815
B1_residual_momentum,2015-07-09,2016-07-08,-1.3629237929028037
B1_residual_momentum,2015-07-10,2016-07-11,-3.0181707809042058
B1_residual_momentum,2015-07-13,2016-07-12,-4.479099064503678
B1_residual_momentum,2015-07-14,2016-07-13,-4.248802507787753
B1_residual_momentum,2015-07-15,2016-07-14,-4.419458589632463
B1_residual_momentum,2015-07-16,2016-07-15,-5.010290206213119
B1_residual_momentum,2015-07-17,2016-07-18,-4.8959301556185775
B1_residual_momentum,2015-07-20,2016-07-19,-5.213957844231509
B1_residual_momentum,2015-07-21,2016-07-20,-4.892309977010322
B1_residual_momentum,2015-07-22,2016-07-21,-5.546318943285932
B1_residual_momentum,2015-07-23,2016-07-22,-4.430406462409242
B1_residual_momentum,2015-07-24,2016-07-25,-3.4737230469155223
B1_residual_momentum,2015-07-27,2016-07-26,-3.125030549528096
B1_residual_momentum,2015-07-28,2016-07-27,-5.19059719753775
B1_residual_momentum,2015-07-29,2016-07-28,-5.551112534205327
B1_residual_momentum,2015-07-30,2016-07-29,-5.736756937320586
B1_residual_momentum,2015-07-31,2016-08-01,-5.299139967643907
B1_residual_momentum,2015-08-03,2016-08-02,-5.894007615372033
B1_residual_momentum,2015-08-04,2016-08-03,-6.789925431976984
B1_residual_momentum,2015-08-05,2016-08-04,-6.981598513266663
B1_residual_momentum,2015-08-06,2016-08-05,-6.251010535686929
B1_residual_momentum,2015-08-07,2016-08-08,-6.746798345514993
B1_residual_momentum,2015-08-10,2016-08-09,-7.236780420745381
B1_residual_momentum,2015-08-11,2016-08-10,-6.458746428255447
B1_residual_momentum,2015-08-12,2016-08-11,-6.465842093182161
B1_residual_momentum,2015-08-13,2016-08-12,-6.860091265628576
B1_residual_momentum,2015-08-14,2016-08-15,-7.725134250509658
B1_residual_momentum,2015-08-17,2016-08-16,-9.715757647874913
B1_residual_momentum,2015-08-18,2016-08-17,-9.085972487033633
B1_residual_momentum,2015-08-19,2016-08-18,-8.510531659195886
B1_residual_momentum,2015-08-20,2016-08-19,-6.534145543351599
B1_residual_momentum,2015-08-21,2016-08-22,-2.707370421023836
B1_residual_momentum,2015-08-24,2016-08-23,-0.05589103899915626
B1_residual_momentum,2015-08-25,2016-08-24,0.6278376674017316
B1_residual_momentum,2015-08-26,2016-08-25,-2.911156293855399
B1_residual_momentum,2015-08-27,2016-08-26,-5.608050520418583
B1_residual_momentum,2015-08-28,2016-08-29,-4.78977694154088
B1_residual_momentum,2015-08-31,2016-08-30,-4.779134271572872
B1_residual_momentum,2015-09-01,2016-08-31,-2.43480879209772
B1_residual_momentum,2015-09-02,2016-09-01,-2.3734394817121363
B1_residual_momentum,2015-09-03,2016-09-02,-1.3847009556819723
B1_residual_momentum,2015-09-04,2016-09-06,-0.42722157072259126
B1_residual_momentum,2015-09-08,2016-09-07,-0.3977842184234581
B1_residual_momentum,2015-09-09,2016-09-08,-0.9942929724288674
B1_residual_momentum,2015-09-10,2016-09-09,-4.821627462667921
B1_residual_momentum,2015-09-11,2016-09-12,-3.3581137149666596
B1_residual_momentum,2015-09-14,2016-09-13,-5.0141857289061065
B1_residual_momentum,2015-09-15,2016-09-14,-5.027740765037702
B1_residual_momentum,2015-09-16,2016-09-15,-4.181844268906209
B1_residual_momentum,2015-09-17,2016-09-16,-4.319758899381165
B1_residual_momentum,2015-09-18,2016-09-19,-3.4463711395684604
B1_residual_momentum,2015-09-21,2016-09-20,-3.3065151816597527
B1_residual_momentum,2015-09-22,2016-09-21,-1.336999861952548
B1_residual_momentum,2015-09-23,2016-09-22,-0.3890366006078838
B1_residual_momentum,2015-09-24,2016-09-23,-0.9468797228446957
B1_residual_momentum,2015-09-25,2016-09-26,-0.9588508525965711
B1_residual_momentum,2015-09-28,2016-09-27,-1.200824957163804
B1_residual_momentum,2015-09-29,2016-09-28,-0.9096028157669078
B1_residual_momentum,2015-09-30,2016-09-29,-2.2455573161805353
B1_residual_momentum,2015-10-01,2016-09-30,-2.196419500918767
B1_residual_momentum,2015-10-02,2016-10-03,-2.8318889143014947
B1_residual_momentum,2015-10-05,2016-10-04,-4.684734908531373
B1_residual_momentum,2015-10-06,2016-10-05,-4.697288852056591
B1_residual_momentum,2015-10-07,2016-10-06,-4.666301994196209
B1_residual_momentum,2015-10-08,2016-10-07,-5.447627608113481
B1_residual_momentum,2015-10-09,2016-10-10,-4.893199565081163
B1_residual_momentum,2015-10-12,2016-10-11,-6.201669611862826
B1_residual_momentum,2015-10-13,2016-10-12,-5.52983271960562
B1_residual_momentum,2015-10-14,2016-10-13,-5.400062128310501
B1_residual_momentum,2015-10-15,2016-10-14,-5.629836476169037
B1_residual_momentum,2015-10-16,2016-10-17,-5.4698670215980965
B1_residual_momentum,2015-10-19,2016-10-18,-4.982902152295942
B1_residual_momentum,2015-10-20,2016-10-19,-5.301729732993376
B1_residual_momentum,2015-10-21,2016-10-20,-5.396975108950208
B1_residual_momentum,2015-10-22,2016-10-21,-5.931595259414035
B1_residual_momentum,2015-10-23,2016-10-24,-5.539148336318888
B1_residual_momentum,2015-10-26,2016-10-25,-5.757739048511312
B1_residual_momentum,2015-10-27,2016-10-26,-6.361788787379163
B1_residual_momentum,2015-10-28,2016-10-27,-7.155277969413898
B1_residual_momentum,2015-10-29,2016-10-28,-6.630634123926571
B1_residual_momentum,2015-10-30,2016-10-31,-5.689504377750265
B1_residual_momentum,2015-11-02,2016-11-01,-7.08532961486934
B1_residual_momentum,2015-11-03,2016-11-02,-7.636992385317043
B1_residual_momentum,2015-11-04,2016-11-03,-6.847914680417544
B1_residual_momentum,2015-11-05,2016-11-04,-7.163056840863069
B1_residual_momentum,2015-11-06,2016-11-07,-4.935920526025472
B1_residual_momentum,2015-11-09,2016-11-08,-3.528183731520529
B1_residual_momentum,2015-11-10,2016-11-09,-5.069941810176881
B1_residual_momentum,2015-11-11,2016-11-10,-6.141326052845352
B1_residual_momentum,2015-11-12,2016-11-11,-5.861011533139926
B1_residual_momentum,2015-11-13,2016-11-14,-3.9106255398679957
B1_residual_momentum,2015-11-16,2016-11-15,-3.8134304556687315
B1_residual_momentum,2015-11-17,2016-11-16,-3.8097282007415245
B1_residual_momentum,2015-11-18,2016-11-17,-4.643907809810299
B1_residual_momentum,2015-11-19,2016-11-18,-5.1744503910812645
B1_residual_momentum,2015-11-20,2016-11-21,-6.45094681835382
B1_residual_momentum,2015-11-23,2016-11-22,-6.773387987965873
B1_residual_momentum,2015-11-24,2016-11-23,-6.505320180315389
B1_residual_momentum,2015-11-25,2016-11-25,-6.239938560929959
B1_residual_momentum,2015-11-27,2016-11-28,-6.5747361603652354
B1_residual_momentum,2015-11-30,2016-11-29,-4.8506056350755555
B1_residual_momentum,2015-12-01,2016-11-30,-7.165288494993927
B1_residual_momentum,2015-12-02,2016-12-01,-7.9152509025454005
B1_residual_momentum,2015-12-03,2016-12-02,-5.337369020499594
B1_residual_momentum,2015-12-04,2016-12-05,-7.551637586453075
B1_residual_momentum,2015-12-07,2016-12-06,-7.248346967783292
B1_residual_momentum,2015-12-08,2016-12-07,-6.343059614211555
B1_residual_momentum,2015-12-09,2016-12-08,-4.516104975939128
B1_residual_momentum,2015-12-10,2016-12-09,-4.431542003330713
B1_residual_momentum,2015-12-11,2016-12-12,-2.648403746358252
B1_residual_momentum,2015-12-14,2016-12-13,-3.0427563694688353
B1_residual_momentum,2015-12-15,2016-12-14,-5.124844083384039
B1_residual_momentum,2015-12-16,2016-12-15,-6.292961287812693
B1_residual_momentum,2015-12-17,2016-12-16,-4.827628766037206
B1_residual_momentum,2015-12-18,2016-12-19,-2.770621506368731
B1_residual_momentum,2015-12-21,2016-12-20,-3.7169432246941247
B1_residual_momentum,2015-12-22,2016-12-21,-4.75407650378874
B1_residual_momentum,2015-12-23,2016-12-22,-4.772784238085903
B1_residual_momentum,2015-12-24,2016-12-23,-4.2704902152820186
B1_residual_momentum,2015-12-28,2016-12-27,-4.550893790704547
B1_residual_momentum,2015-12-29,2016-12-28,-6.383484995118904
B1_residual_momentum,2015-12-30,2016-12-29,-4.974811810794966
B1_residual_momentum,2015-12-31,2016-12-30,-4.475242847198436
B1_residual_momentum,2016-01-04,2017-01-03,-2.392922052412072
B1_residual_momentum,2016-01-05,2017-01-04,-1.7761490541828295
B1_residual_momentum,2016-01-06,2017-01-05,-1.915187019358
B1_residual_momentum,2016-01-07,2017-01-06,-2.071990688048231
B1_residual_momentum,2016-01-08,2017-01-09,-2.5808279883675733
B1_residual_momentum,2016-01-11,2017-01-10,-2.3457240231717025
B1_residual_momentum,2016-01-12,2017-01-11,-1.6797474419945835
B1_residual_momentum,2016-01-13,2017-01-12,-2.5251485200614487
B1_residual_momentum,2016-01-14,2017-01-13,-2.1380578985129906
B1_residual_momentum,2016-01-15,2017-01-17,-2.724854595633164
B1_residual_momentum,2016-01-19,2017-01-18,-2.1718767237188907
B1_residual_momentum,2016-01-20,2017-01-19,-2.383671953648636
B1_residual_momentum,2016-01-21,2017-01-20,-2.00491606739005
B1_residual_momentum,2016-01-22,2017-01-23,-2.078261494724165
B1_residual_momentum,2016-01-25,2017-01-24,-0.4640300314449175
B1_residual_momentum,2016-01-26,2017-01-25,-0.08686451011727936
B1_residual_momentum,2016-01-27,2017-01-26,-0.22169675085904617
B1_residual_momentum,2016-01-28,2017-01-27,-0.14373241705983864
B1_residual_momentum,2016-01-29,2017-01-30,-0.7489454107086013
B1_residual_momentum,2016-02-01,2017-01-31,-1.4575438136679386
B1_residual_momentum,2016-02-02,2017-02-01,-1.7911030434621278
B1_residual_momentum,2016-02-03,2017-02-02,-1.4935771019746413
B1_residual_momentum,2016-02-04,2017-02-03,-0.4690501727836027
B1_residual_momentum,2016-02-05,2017-02-06,-1.2131212883354836
B1_residual_momentum,2016-02-08,2017-02-07,-1.0876590871695457
B1_residual_momentum,2016-02-09,2017-02-08,-1.0568951753964329
B1_residual_momentum,2016-02-10,2017-02-09,-0.6529058413053068
B1_residual_momentum,2016-02-11,2017-02-10,-0.1648685757045132
B1_residual_momentum,2016-02-12,2017-02-13,0.30599327227311957
B1_residual_momentum,2016-02-12,2017-02-14,0.4000862221499535
B1_residual_momentum,2016-02-16,2017-02-15,0.519009307384577
B1_residual_momentum,2016-02-17,2017-02-16,0.5271204592649736
B1_residual_momentum,2016-02-18,2017-02-17,0.46044482440608103
B1_residual_momentum,2016-02-22,2017-02-21,1.2879088807661754
B1_residual_momentum,2016-02-23,2017-02-22,0.8503543677339964
B1_residual_momentum,2016-02-24,2017-02-23,0.4546531002561638
B1_residual_momentum,2016-02-25,2017-02-24,1.0265372883743185
B1_residual_momentum,2016-02-26,2017-02-27,1.5500445101059412
B1_residual_momentum,2016-02-29,2017-02-28,1.4659059769270844
B1_residual_momentum,2016-03-01,2017-03-01,3.5075346828660647
B1_residual_momentum,2016-03-02,2017-03-02,2.10207799391835
B1_residual_momentum,2016-03-03,2017-03-03,2.586274720377957
B1_residual_momentum,2016-03-04,2017-03-06,2.277561754090174
B1_residual_momentum,2016-03-07,2017-03-07,1.7338278009809915
B1_residual_momentum,2016-03-08,2017-03-08,1.0827684872993792
B1_residual_momentum,2016-03-09,2017-03-09,0.7753867586592245
B1_residual_momentum,2016-03-10,2017-03-10,1.3195080657850466
B1_residual_momentum,2016-03-11,2017-03-13,1.6128211160279404
B1_residual_momentum,2016-03-14,2017-03-14,0.9098788882401676
B1_residual_momentum,2016-03-15,2017-03-15,1.9331488675949249
B1_residual_momentum,2016-03-16,2017-03-16,1.4673675167361067
B1_residual_momentum,2016-03-17,2017-03-17,1.2815088680684816
B1_residual_momentum,2016-03-18,2017-03-20,0.9362297143297837
B1_residual_momentum,2016-03-21,2017-03-21,-1.5933171208611596
B1_residual_momentum,2016-03-22,2017-03-22,-1.017034499288505
B1_residual_momentum,2016-03-23,2017-03-23,-0.9576730938805289
B1_residual_momentum,2016-03-24,2017-03-24,-1.0604292887578581
B1_residual_momentum,2016-03-24,2017-03-27,-1.6156262720680714
B1_residual_momentum,2016-03-28,2017-03-28,-0.5700900750563731
B1_residual_momentum,2016-03-29,2017-03-29,-0.27307967292327096
B1_residual_momentum,2016-03-30,2017-03-30,0.2982290654470088
B1_residual_momentum,2016-03-31,2017-03-31,0.12405640696668829
B1_residual_momentum,2016-04-01,2017-04-03,-1.2263338327981654
B1_residual_momentum,2016-04-04,2017-04-04,-0.9268363144521286
B1_residual_momentum,2016-04-05,2017-04-05,-0.7185097042799349
B1_residual_momentum,2016-04-06,2017-04-06,-1.1979254886700375
B1_residual_momentum,2016-04-07,2017-04-07,-0.38676345952612934
B1_residual_momentum,2016-04-08,2017-04-10,-1.1699132322835926
B1_residual_momentum,2016-04-11,2017-04-11,-0.9660754939261107
B1_residual_momentum,2016-04-12,2017-04-12,-2.3579397369260624
B1_residual_momentum,2016-04-13,2017-04-13,-2.8636206694562683
B1_residual_momentum,2016-04-15,2017-04-17,-1.2689941624085654
B1_residual_momentum,2016-04-18,2017-04-18,-2.53403239698039
B1_residual_momentum,2016-04-19,2017-04-19,-1.6888778589125852
B1_residual_momentum,2016-04-20,2017-04-20,0.8034244824054237
B1_residual_momentum,2016-04-21,2017-04-21,1.9141531030654413
B1_residual_momentum,2016-04-22,2017-04-24,4.134395625654275
B1_residual_momentum,2016-04-25,2017-04-25,4.315621317627705
B1_residual_momentum,2016-04-26,2017-04-26,4.366074813800802
B1_residual_momentum,2016-04-27,2017-04-27,3.9192920211523097
B1_residual_momentum,2016-04-28,2017-04-28,3.9086491811365143
B1_residual_momentum,2016-04-29,2017-05-01,4.763302183590401
B1_residual_momentum,2016-05-02,2017-05-02,1.9845159920777622
B1_residual_momentum,2016-05-03,2017-05-03,1.757102313663772
B1_residual_momentum,2016-05-04,2017-05-04,1.2323016078732207
B1_residual_momentum,2016-05-05,2017-05-05,1.875023359955863
B1_residual_momentum,2016-05-06,2017-05-08,0.2029701331258682
B1_residual_momentum,2016-05-09,2017-05-09,-0.23620420860250846
B1_residual_momentum,2016-05-10,2017-05-10,-0.5910920489823557
B1_residual_momentum,2016-05-11,2017-05-11,0.1614552214513898
B1_residual_momentum,2016-05-12,2017-05-12,-0.7161262421093828
B1_residual_momentum,2016-05-13,2017-05-15,0.5846703128694397
B1_residual_momentum,2016-05-16,2017-05-16,0.7368061766558132
B1_residual_momentum,2016-05-17,2017-05-17,-0.07295691150159822
B1_residual_momentum,2016-05-18,2017-05-18,1.892189613407158
B1_residual_momentum,2016-05-19,2017-05-19,2.6529493091758782
B1_residual_momentum,2016-05-20,2017-05-22,3.757654453287862
B1_residual_momentum,2016-05-23,2017-05-23,4.1082583417666685
B1_residual_momentum,2016-05-24,2017-05-24,3.3795216775398096
B1_residual_momentum,2016-05-25,2017-05-25,4.699402259139696
B1_residual_momentum,2016-05-26,2017-05-26,4.411834584688834
B1_residual_momentum,2016-05-27,2017-05-30,4.222790912945218
B1_residual_momentum,2016-05-31,2017-05-31,4.940892881470482
B1_residual_momentum,2016-06-01,2017-06-01,4.970469959242307
B1_residual_momentum,2016-06-02,2017-06-02,5.501898579947206
B1_residual_momentum,2016-06-03,2017-06-05,4.4393596416138825
B1_residual_momentum,2016-06-06,2017-06-06,4.7409216941721954
B1_residual_momentum,2016-06-07,2017-06-07,5.411846195942549
B1_residual_momentum,2016-06-08,2017-06-08,4.873967107043531
B1_residual_momentum,2016-06-09,2017-06-09,2.010001193015798
B1_residual_momentum,2016-06-10,2017-06-12,1.7769592460374906
B1_residual_momentum,2016-06-13,2017-06-13,3.464164828076677
B1_residual_momentum,2016-06-14,2017-06-14,2.3327888071990044
B1_residual_momentum,2016-06-15,2017-06-15,2.3996609873180086
B1_residual_momentum,2016-06-16,2017-06-16,1.1481127893055554
B1_residual_momentum,2016-06-17,2017-06-19,3.4693326427071236
B1_residual_momentum,2016-06-20,2017-06-20,2.5444546482502384
B1_residual_momentum,2016-06-21,2017-06-21,3.20123743959313
B1_residual_momentum,2016-06-22,2017-06-22,3.3644392608394913
B1_residual_momentum,2016-06-23,2017-06-23,2.817266121165618
B1_residual_momentum,2016-06-24,2017-06-26,3.7459904394024246
B1_residual_momentum,2016-06-27,2017-06-27,2.19422984848201
B1_residual_momentum,2016-06-28,2017-06-28,2.582398154676646
B1_residual_momentum,2016-06-29,2017-06-29,-0.10759677171127136
B1_residual_momentum,2016-06-30,2017-06-30,-2.8358967517534417
B1_residual_momentum,2016-07-01,2017-07-03,-3.188486639096888
B1_residual_momentum,2016-07-05,2017-07-05,-2.4945230623573456
B1_residual_momentum,2016-07-06,2017-07-06,-3.172588484531036
B1_residual_momentum,2016-07-07,2017-07-07,-0.9759261954435328
B1_residual_momentum,2016-07-08,2017-07-10,-1.4459659538865965
B1_residual_momentum,2016-07-11,2017-07-11,-1.2693301192925444
B1_residual_momentum,2016-07-12,2017-07-12,0.2438605059451593
B1_residual_momentum,2016-07-13,2017-07-13,-0.49340180079582296
B1_residual_momentum,2016-07-14,2017-07-14,0.7175203323554369
B1_residual_momentum,2016-07-15,2017-07-17,1.130405908354648
B1_residual_momentum,2016-07-18,2017-07-18,1.638339947927836
B1_residual_momentum,2016-07-19,2017-07-19,2.192585080629761
B1_residual_momentum,2016-07-20,2017-07-20,2.4641893684911764
B1_residual_momentum,2016-07-21,2017-07-21,2.8501958882086065
B1_residual_momentum,2016-07-22,2017-07-24,1.8173041128775491
B1_residual_momentum,2016-07-25,2017-07-25,1.9890615852513616
B1_residual_momentum,2016-07-26,2017-07-26,3.057820854797999
B1_residual_momentum,2016-07-27,2017-07-27,3.018726283444617
B1_residual_momentum,2016-07-28,2017-07-28,2.941987687762193
B1_residual_momentum,2016-07-29,2017-07-31,2.3310120350054975
B1_residual_momentum,2016-08-01,2017-08-01,2.165135910033711
B1_residual_momentum,2016-08-02,2017-08-02,3.121596310648944
B1_residual_momentum,2016-08-03,2017-08-03,4.257853523874067
B1_residual_momentum,2016-08-04,2017-08-04,4.070992625003145
B1_residual_momentum,2016-08-05,2017-08-07,5.4408661523811075
B1_residual_momentum,2016-08-08,2017-08-08,5.6675969380755475
B1_residual_momentum,2016-08-09,2017-08-09,5.236568432921573
B1_residual_momentum,2016-08-10,2017-08-10,3.307262465269445
B1_residual_momentum,2016-08-11,2017-08-11,3.5324161325131387
B1_residual_momentum,2016-08-12,2017-08-14,4.72792572276588
B1_residual_momentum,2016-08-15,2017-08-15,5.587028937469274
B1_residual_momentum,2016-08-16,2017-08-16,7.267947517908557
B1_residual_momentum,2016-08-17,2017-08-17,4.338170834542421
B1_residual_momentum,2016-08-18,2017-08-18,3.752155167715565
B1_residual_momentum,2016-08-19,2017-08-21,3.827260254789122
B1_residual_momentum,2016-08-22,2017-08-22,5.004157189061953
B1_residual_momentum,2016-08-23,2017-08-23,5.241718635261461
B1_residual_momentum,2016-08-24,2017-08-24,5.300523759613052
B1_residual_momentum,2016-08-25,2017-08-25,5.394250957807523
B1_residual_momentum,2016-08-26,2017-08-28,6.561379683660151
B1_residual_momentum,2016-08-29,2017-08-29,5.654697401026132
B1_residual_momentum,2016-08-30,2017-08-30,6.927650417514619
B1_residual_momentum,2016-08-31,2017-08-31,7.023589882784909
B1_residual_momentum,2016-09-01,2017-09-01,6.821869902845523
B1_residual_momentum,2016-09-02,2017-09-05,4.292448250908687
B1_residual_momentum,2016-09-06,2017-09-06,3.297155123418105
B1_residual_momentum,2016-09-07,2017-09-07,2.9622042402855264
B1_residual_momentum,2016-09-08,2017-09-08,4.257593858339304
B1_residual_momentum,2016-09-09,2017-09-11,10.186595076044803
B1_residual_momentum,2016-09-12,2017-09-12,8.705911932522659
B1_residual_momentum,2016-09-13,2017-09-13,10.538829941696237
B1_residual_momentum,2016-09-14,2017-09-14,10.665451949728656
B1_residual_momentum,2016-09-15,2017-09-15,9.53217635446586
B1_residual_momentum,2016-09-16,2017-09-18,10.088739639872223
B1_residual_momentum,2016-09-19,2017-09-19,9.705629811650795
B1_residual_momentum,2016-09-20,2017-09-20,9.898512076032384
B1_residual_momentum,2016-09-21,2017-09-21,7.325138357772443
B1_residual_momentum,2016-09-22,2017-09-22,6.289960143367823
B1_residual_momentum,2016-09-23,2017-09-25,6.07254733476339
B1_residual_momentum,2016-09-26,2017-09-26,6.044618277596991
B1_residual_momentum,2016-09-27,2017-09-27,6.682355217303626
B1_residual_momentum,2016-09-28,2017-09-28,6.850777626856774
B1_residual_momentum,2016-09-29,2017-09-29,8.908021813141387
B1_residual_momentum,2016-09-30,2017-10-02,9.094424588824257
B1_residual_momentum,2016-10-03,2017-10-03,10.086269213205611
B1_residual_momentum,2016-10-04,2017-10-04,12.461259592803998
B1_residual_momentum,2016-10-05,2017-10-05,12.909900555703713
B1_residual_momentum,2016-10-06,2017-10-06,13.000222860721045
B1_residual_momentum,2016-10-07,2017-10-09,14.138898414075541
B1_residual_momentum,2016-10-10,2017-10-10,13.59994361250303
B1_residual_momentum,2016-10-11,2017-10-11,15.830532098179129
B1_residual_momentum,2016-10-12,2017-10-12,15.233856747758834
B1_residual_momentum,2016-10-13,2017-10-13,15.496137380108511
B1_residual_momentum,2016-10-14,2017-10-16,15.872257692555847
B1_residual_momentum,2016-10-17,2017-10-17,15.811773841451293
B1_residual_momentum,2016-10-18,2017-10-18,15.237772041949672
B1_residual_momentum,2016-10-19,2017-10-19,16.06515160299089
B1_residual_momentum,2016-10-20,2017-10-20,17.112352837772548
B1_residual_momentum,2016-10-21,2017-10-23,17.50225181706564
B1_residual_momentum,2016-10-24,2017-10-24,17.39431112811445
B1_residual_momentum,2016-10-25,2017-10-25,16.900730741435876
B1_residual_momentum,2016-10-26,2017-10-26,18.770411535346287
B1_residual_momentum,2016-10-27,2017-10-27,21.709000470204877
B1_residual_momentum,2016-10-28,2017-10-30,20.92181807085025
B1_residual_momentum,2016-10-31,2017-10-31,20.516029427523087
B1_residual_momentum,2016-11-01,2017-11-01,21.827742093752956
B1_residual_momentum,2016-11-02,2017-11-02,23.832695826666384
B1_residual_momentum,2016-11-03,2017-11-03,23.9155566566863
B1_residual_momentum,2016-11-04,2017-11-06,24.071215197711027
B1_residual_momentum,2016-11-07,2017-11-07,22.3676181307362
B1_residual_momentum,2016-11-08,2017-11-08,21.581336741471002
B1_residual_momentum,2016-11-09,2017-11-09,22.132807513342122
B1_residual_momentum,2016-11-10,2017-11-10,23.661600855006814
B1_residual_momentum,2016-11-11,2017-11-13,25.7776037805294
B1_residual_momentum,2016-11-14,2017-11-14,25.96902151029361
B1_residual_momentum,2016-11-15,2017-11-15,23.50903802151585
B1_residual_momentum,2016-11-16,2017-11-16,24.405584858746955
B1_residual_momentum,2016-11-17,2017-11-17,23.665020930489298
B1_residual_momentum,2016-11-18,2017-11-20,24.711049948425746
B1_residual_momentum,2016-11-21,2017-11-21,25.610023770583346
B1_residual_momentum,2016-11-22,2017-11-22,24.978943918733453
B1_residual_momentum,2016-11-23,2017-11-24,25.60693916997674
B1_residual_momentum,2016-11-25,2017-11-27,24.87569922639141
B1_residual_momentum,2016-11-28,2017-11-28,26.25068721025794
B1_residual_momentum,2016-11-29,2017-11-29,24.516807984660204
B1_residual_momentum,2016-11-30,2017-11-30,28.09144472839453
B1_residual_momentum,2016-12-01,2017-12-01,29.18288129826372
B1_residual_momentum,2016-12-02,2017-12-04,25.089793875901933
B1_residual_momentum,2016-12-05,2017-12-05,25.111348874650695
B1_residual_momentum,2016-12-06,2017-12-06,25.919959799663637
B1_residual_momentum,2016-12-07,2017-12-07,24.946267241194732
B1_residual_momentum,2016-12-08,2017-12-08,24.903658026234176
B1_residual_momentum,2016-12-09,2017-12-11,24.98586176433113
B1_residual_momentum,2016-12-12,2017-12-12,24.745464267438088
B1_residual_momentum,2016-12-13,2017-12-13,24.14490784008865
B1_residual_momentum,2016-12-14,2017-12-14,25.626672867011436
B1_residual_momentum,2016-12-15,2017-12-15,26.259768879553125
B1_residual_momentum,2016-12-16,2017-12-18,25.956356939662008
B1_residual_momentum,2016-12-19,2017-12-19,24.78887958551388
B1_residual_momentum,2016-12-20,2017-12-20,24.297435567260717
B1_residual_momentum,2016-12-21,2017-12-21,23.68449442829592
B1_residual_momentum,2016-12-22,2017-12-22,23.628625255552514
B1_residual_momentum,2016-12-23,2017-12-26,23.161606365251195
B1_residual_momentum,2016-12-27,2017-12-27,23.611868269719483
B1_residual_momentum,2016-12-28,2017-12-28,25.261669846022272
B1_residual_momentum,2016-12-29,2017-12-29,23.39816013849212
B1_residual_momentum,2016-12-30,2018-01-02,24.43558839537916
B1_residual_momentum,2017-01-03,2018-01-03,25.03351290770246
B1_residual_momentum,2017-01-04,2018-01-04,24.04861685419528
B1_residual_momentum,2017-01-05,2018-01-05,25.584902738895508
B1_residual_momentum,2017-01-06,2018-01-08,26.669402313506364
B1_residual_momentum,2017-01-09,2018-01-09,27.748957222521486
B1_residual_momentum,2017-01-10,2018-01-10,26.734787227047676
B1_residual_momentum,2017-01-11,2018-01-11,26.20984439607623
B1_residual_momentum,2017-01-12,2018-01-12,27.397852247540477
B1_residual_momentum,2017-01-13,2018-01-16,26.72119619353164
B1_residual_momentum,2017-01-17,2018-01-17,29.544757896227903
B1_residual_momentum,2017-01-18,2018-01-18,28.429424459006892
B1_residual_momentum,2017-01-19,2018-01-19,29.552913612181776
B1_residual_momentum,2017-01-20,2018-01-22,29.682072263775417
B1_residual_momentum,2017-01-23,2018-01-23,30.07548640994053
B1_residual_momentum,2017-01-24,2018-01-24,27.925962444522344
B1_residual_momentum,2017-01-25,2018-01-25,28.53714426877312
B1_residual_momentum,2017-01-26,2018-01-26,30.363352233809906
B1_residual_momentum,2017-01-27,2018-01-29,28.180276571746134
B1_residual_momentum,2017-01-30,2018-01-30,27.705476409409147
B1_residual_momentum,2017-01-31,2018-01-31,29.243868883189485
B1_residual_momentum,2017-02-01,2018-02-01,28.97740619455589
B1_residual_momentum,2017-02-02,2018-02-02,26.60982606095481
B1_residual_momentum,2017-02-03,2018-02-05,21.056869135899614
B1_residual_momentum,2017-02-06,2018-02-06,22.735622033869383
B1_residual_momentum,2017-02-07,2018-02-07,22.429842482828597
B1_residual_momentum,2017-02-08,2018-02-08,17.512591474786653
B1_residual_momentum,2017-02-09,2018-02-09,18.527955598502643
B1_residual_momentum,2017-02-10,2018-02-12,19.463263774921803
B1_residual_momentum,2017-02-13,2018-02-13,19.443348439428988
B1_residual_momentum,2017-02-14,2018-02-14,21.056691361788804
B1_residual_momentum,2017-02-15,2018-02-15,22.484598038615754
B1_residual_momentum,2017-02-16,2018-02-16,23.028809157938966
B1_residual_momentum,2017-02-17,2018-02-20,21.68532400730023
B1_residual_momentum,2017-02-21,2018-02-21,19.98190116123886
B1_residual_momentum,2017-02-22,2018-02-22,21.07975348828186
B1_residual_momentum,2017-02-23,2018-02-23,23.18383241229629
B1_residual_momentum,2017-02-24,2018-02-26,23.2847873608971
B1_residual_momentum,2017-02-27,2018-02-27,20.938722943237376
B1_residual_momentum,2017-02-28,2018-02-28,19.67117779766989
B1_residual_momentum,2017-03-01,2018-03-01,15.115012593480426
B1_residual_momentum,2017-03-02,2018-03-02,17.094764024330654
B1_residual_momentum,2017-03-03,2018-03-05,17.534372573632172
B1_residual_momentum,2017-03-06,2018-03-06,18.075859661548588
B1_residual_momentum,2017-03-07,2018-03-07,19.051933316703007
B1_residual_momentum,2017-03-08,2018-03-08,20.828041637707063
B1_residual_momentum,2017-03-09,2018-03-09,23.334309774129913
B1_residual_momentum,2017-03-10,2018-03-12,22.276689129626682
B1_residual_momentum,2017-03-13,2018-03-13,21.68066749971278
B1_residual_momentum,2017-03-14,2018-03-14,22.45076295600892
B1_residual_momentum,2017-03-15,2018-03-15,21.006410836906795
B1_residual_momentum,2017-03-16,2018-03-16,21.596231959817015
B1_residual_momentum,2017-03-17,2018-03-19,20.37301444088193
B1_residual_momentum,2017-03-20,2018-03-20,21.744136500092857
B1_residual_momentum,2017-03-21,2018-03-21,24.07801911689422
B1_residual_momentum,2017-03-22,2018-03-22,19.813235164974017
B1_residual_momentum,2017-03-23,2018-03-23,17.81430935382331
B1_residual_momentum,2017-03-24,2018-03-26,21.064718030210862
B1_residual_momentum,2017-03-27,2018-03-27,19.462813350072206
B1_residual_momentum,2017-03-28,2018-03-28,18.137128896444608
B1_residual_momentum,2017-03-29,2018-03-29,19.776928439177823
B1_residual_momentum,2017-03-31,2018-04-02,16.220726423677178
B1_residual_momentum,2017-04-03,2018-04-03,17.705297607540537
B1_residual_momentum,2017-04-04,2018-04-04,18.576677595030432
B1_residual_momentum,2017-04-05,2018-04-05,20.869863007766497
B1_residual_momentum,2017-04-06,2018-04-06,16.85401248536056
B1_residual_momentum,2017-04-07,2018-04-09,17.839627309073492
B1_residual_momentum,2017-04-10,2018-04-10,21.105124726131706
B1_residual_momentum,2017-04-11,2018-04-11,20.655607951833233
B1_residual_momentum,2017-04-12,2018-04-12,23.430321297941738
B1_residual_momentum,2017-04-13,2018-04-13,23.628216550005043
B1_residual_momentum,2017-04-13,2018-04-16,24.262787240098472
B1_residual_momentum,2017-04-17,2018-04-17,24.517737799894277
B1_residual_momentum,2017-04-18,2018-04-18,26.243488982065188
B1_residual_momentum,2017-04-19,2018-04-19,24.35921061570212
B1_residual_momentum,2017-04-20,2018-04-20,20.882695910304626
B1_residual_momentum,2017-04-21,2018-04-23,20.708019287148403
B1_residual_momentum,2017-04-24,2018-04-24,15.804810473383867
B1_residual_momentum,2017-04-25,2018-04-25,15.286111533912505
B1_residual_momentum,2017-04-26,2018-04-26,16.9878266407969
B1_residual_momentum,2017-04-27,2018-04-27,16.529475542914064
B1_residual_momentum,2017-04-28,2018-04-30,16.237149937007512
B1_residual_momentum,2017-05-01,2018-05-01,15.419648846287991
B1_residual_momentum,2017-05-02,2018-05-02,15.813217019949155
B1_residual_momentum,2017-05-03,2018-05-03,16.625175671742664
B1_residual_momentum,2017-05-04,2018-05-04,17.558296681507855
B1_residual_momentum,2017-05-05,2018-05-07,17.70841244331738
B1_residual_momentum,2017-05-08,2018-05-08,18.50253778626709
B1_residual_momentum,2017-05-09,2018-05-09,19.511126825634094
B1_residual_momentum,2017-05-10,2018-05-10,19.920731528766588
B1_residual_momentum,2017-05-11,2018-05-11,20.447888157479067
B1_residual_momentum,2017-05-12,2018-05-14,20.500070424661775
B1_residual_momentum,2017-05-15,2018-05-15,19.069485989309886
B1_residual_momentum,2017-05-16,2018-05-16,18.970779859808108
B1_residual_momentum,2017-05-17,2018-05-17,22.208539895236324
B1_residual_momentum,2017-05-18,2018-05-18,21.987223343360807
B1_residual_momentum,2017-05-19,2018-05-21,22.631918587628917
B1_residual_momentum,2017-05-22,2018-05-22,20.702523943105568
B1_residual_momentum,2017-05-23,2018-05-23,21.360495514498435
B1_residual_momentum,2017-05-24,2018-05-24,21.088380287994866
B1_residual_momentum,2017-05-25,2018-05-25,19.45897601670059
B1_residual_momentum,2017-05-26,2018-05-29,18.231661836374634
B1_residual_momentum,2017-05-30,2018-05-30,20.075643085722916
B1_residual_momentum,2017-05-31,2018-05-31,18.686308898133852
B1_residual_momentum,2017-06-01,2018-06-01,20.63575481805544
B1_residual_momentum,2017-06-02,2018-06-04,17.97926288015197
B1_residual_momentum,2017-06-05,2018-06-05,19.411709830275868
B1_residual_momentum,2017-06-06,2018-06-06,20.64573621828427
B1_residual_momentum,2017-06-07,2018-06-07,18.707587966543148
B1_residual_momentum,2017-06-08,2018-06-08,19.264399329521442
B1_residual_momentum,2017-06-09,2018-06-11,22.11503309580629
B1_residual_momentum,2017-06-12,2018-06-12,23.239164192167806
B1_residual_momentum,2017-06-13,2018-06-13,21.669889766575178
B1_residual_momentum,2017-06-14,2018-06-14,22.814116885274704
B1_residual_momentum,2017-06-15,2018-06-15,23.612020089904796
B1_residual_momentum,2017-06-16,2018-06-18,24.084138694645585
B1_residual_momentum,2017-06-19,2018-06-19,21.27298602975596
B1_residual_momentum,2017-06-20,2018-06-20,22.11874871413224
B1_residual_momentum,2017-06-21,2018-06-21,19.403678972332727
B1_residual_momentum,2017-06-22,2018-06-22,18.66095634434202
B1_residual_momentum,2017-06-23,2018-06-25,15.999422045084867
B1_residual_momentum,2017-06-26,2018-06-26,16.534974149965855
B1_residual_momentum,2017-06-27,2018-06-27,16.404249683376992
B1_residual_momentum,2017-06-28,2018-06-28,15.81746030031097
B1_residual_momentum,2017-06-29,2018-06-29,17.864214842244674
B1_residual_momentum,2017-06-30,2018-07-02,18.362860927506695
B1_residual_momentum,2017-07-03,2018-07-03,18.45533888427053
B1_residual_momentum,2017-07-05,2018-07-05,17.18332270453682
B1_residual_momentum,2017-07-06,2018-07-06,18.93561905299499
B1_residual_momentum,2017-07-07,2018-07-09,18.644322696409475
B1_residual_momentum,2017-07-10,2018-07-10,18.42490719213119
B1_residual_momentum,2017-07-11,2018-07-11,17.219156947622082
B1_residual_momentum,2017-07-12,2018-07-12,17.785473250504303
B1_residual_momentum,2017-07-13,2018-07-13,18.07716597656579
B1_residual_momentum,2017-07-14,2018-07-16,16.966148715826847
B1_residual_momentum,2017-07-17,2018-07-17,17.417494182913206
B1_residual_momentum,2017-07-18,2018-07-18,17.202067031355426
B1_residual_momentum,2017-07-19,2018-07-19,15.961222851035517
B1_residual_momentum,2017-07-20,2018-07-20,16.050111847675176
B1_residual_momentum,2017-07-21,2018-07-23,16.431684554710134
B1_residual_momentum,2017-07-24,2018-07-24,15.960392001783763
B1_residual_momentum,2017-07-25,2018-07-25,18.478033397757308
B1_residual_momentum,2017-07-26,2018-07-26,17.43358359121776
B1_residual_momentum,2017-07-27,2018-07-27,17.0564837686586
B1_residual_momentum,2017-07-28,2018-07-30,14.871203360427486
B1_residual_momentum,2017-07-31,2018-07-31,16.612403546434827
B1_residual_momentum,2017-08-01,2018-08-01,16.08376003666765
B1_residual_momentum,2017-08-02,2018-08-02,17.179845498625856
B1_residual_momentum,2017-08-03,2018-08-03,17.14598773049485
B1_residual_momentum,2017-08-04,2018-08-06,17.94156174747499
B1_residual_momentum,2017-08-07,2018-08-07,18.639904070941583
B1_residual_momentum,2017-08-08,2018-08-08,18.996857341740814
B1_residual_momentum,2017-08-09,2018-08-09,18.532367868250876
B1_residual_momentum,2017-08-10,2018-08-10,20.324652556937806
B1_residual_momentum,2017-08-11,2018-08-13,19.506331400335885
B1_residual_momentum,2017-08-14,2018-08-14,19.548061646981708
B1_residual_momentum,2017-08-15,2018-08-15,16.80728658035575
B1_residual_momentum,2017-08-16,2018-08-16,16.739062253514938
B1_residual_momentum,2017-08-17,2018-08-17,19.308136692793298
B1_residual_momentum,2017-08-18,2018-08-20,20.743985938574294
B1_residual_momentum,2017-08-21,2018-08-21,21.699151723933795
B1_residual_momentum,2017-08-22,2018-08-22,20.529495629633953
B1_residual_momentum,2017-08-23,2018-08-23,21.553543029925738
B1_residual_momentum,2017-08-24,2018-08-24,23.244279275592007
B1_residual_momentum,2017-08-25,2018-08-27,23.736900074063083
B1_residual_momentum,2017-08-28,2018-08-28,23.872445838583477
B1_residual_momentum,2017-08-29,2018-08-29,24.818930681895246
B1_residual_momentum,2017-08-30,2018-08-30,23.659586694794264
B1_residual_momentum,2017-08-31,2018-08-31,23.46189366876299
B1_residual_momentum,2017-09-01,2018-09-04,24.023544589137202
B1_residual_momentum,2017-09-05,2018-09-05,23.87748074037548
B1_residual_momentum,2017-09-06,2018-09-06,23.587015560935185
B1_residual_momentum,2017-09-07,2018-09-07,23.301058458520775
B1_residual_momentum,2017-09-08,2018-09-10,22.97890409183485
B1_residual_momentum,2017-09-11,2018-09-11,21.67790379822032
B1_residual_momentum,2017-09-12,2018-09-12,21.271246988815683
B1_residual_momentum,2017-09-13,2018-09-13,21.93800981828169
B1_residual_momentum,2017-09-14,2018-09-14,21.973771964286648
B1_residual_momentum,2017-09-15,2018-09-17,20.612695906526923
B1_residual_momentum,2017-09-18,2018-09-18,21.431780324444194
B1_residual_momentum,2017-09-19,2018-09-19,18.22240573413607
B1_residual_momentum,2017-09-20,2018-09-20,18.295340916228596
B1_residual_momentum,2017-09-21,2018-09-21,18.655934389343145
B1_residual_momentum,2017-09-22,2018-09-24,18.945929552379702
B1_residual_momentum,2017-09-25,2018-09-25,20.622125802733837
B1_residual_momentum,2017-09-26,2018-09-26,20.338822973946957
B1_residual_momentum,2017-09-27,2018-09-27,19.660696920932352
B1_residual_momentum,2017-09-28,2018-09-28,19.42634164175121
B1_residual_momentum,2017-09-29,2018-10-01,18.816007770608433
B1_residual_momentum,2017-10-02,2018-10-02,17.48204875458985
B1_residual_momentum,2017-10-03,2018-10-03,17.860080108359977
B1_residual_momentum,2017-10-04,2018-10-04,15.586657107736945
B1_residual_momentum,2017-10-05,2018-10-05,14.713862978612703
B1_residual_momentum,2017-10-06,2018-10-08,13.030974806506856
B1_residual_momentum,2017-10-09,2018-10-09,12.861298342175909
B1_residual_momentum,2017-10-10,2018-10-10,7.0839411626051785
B1_residual_momentum,2017-10-11,2018-10-11,4.618320809247334
B1_residual_momentum,2017-10-12,2018-10-12,7.040978292923095
B1_residual_momentum,2017-10-13,2018-10-15,5.314709838005194
B1_residual_momentum,2017-10-16,2018-10-16,7.843977660899548
B1_residual_momentum,2017-10-17,2018-10-17,7.664076887039606
B1_residual_momentum,2017-10-18,2018-10-18,5.9964863061156
B1_residual_momentum,2017-10-19,2018-10-19,3.5313508582672792
B1_residual_momentum,2017-10-20,2018-10-22,3.7010489421430037
B1_residual_momentum,2017-10-23,2018-10-23,2.6799346532080603
B1_residual_momentum,2017-10-24,2018-10-24,-1.3662667844552834
B1_residual_momentum,2017-10-25,2018-10-25,2.112981194892982
B1_residual_momentum,2017-10-26,2018-10-26,-0.8180217456114303
B1_residual_momentum,2017-10-27,2018-10-29,-3.0442842481456456
B1_residual_momentum,2017-10-30,2018-10-30,-1.1282433192025154
B1_residual_momentum,2017-10-31,2018-10-31,0.27502920804038933
B1_residual_momentum,2017-11-01,2018-11-01,0.4639159498883272
B1_residual_momentum,2017-11-02,2018-11-02,-0.2796932823982967
B1_residual_momentum,2017-11-03,2018-11-05,-0.9448105567212095
B1_residual_momentum,2017-11-06,2018-11-06,-1.2286270708523617
B1_residual_momentum,2017-11-07,2018-11-07,-1.7039193213836956
B1_residual_momentum,2017-11-08,2018-11-08,-1.5675985109185553
B1_residual_momentum,2017-11-09,2018-11-09,-0.9691595173535794
B1_residual_momentum,2017-11-10,2018-11-12,-1.0680078968922535
B1_residual_momentum,2017-11-13,2018-11-13,-1.8351956879922193
B1_residual_momentum,2017-11-14,2018-11-14,-1.9590244649895672
B1_residual_momentum,2017-11-15,2018-11-15,-1.4894510574137376
B1_residual_momentum,2017-11-16,2018-11-16,-2.344809411498938
B1_residual_momentum,2017-11-17,2018-11-19,-2.0552192029656857
B1_residual_momentum,2017-11-20,2018-11-20,-2.640176850438558
B1_residual_momentum,2017-11-21,2018-11-21,-3.231503143690051
B1_residual_momentum,2017-11-22,2018-11-23,-2.7358511046762457
B1_residual_momentum,2017-11-24,2018-11-26,-3.0223672849929883
B1_residual_momentum,2017-11-27,2018-11-27,-3.191793188343295
B1_residual_momentum,2017-11-28,2018-11-28,-4.0216477793140415
B1_residual_momentum,2017-11-29,2018-11-29,-3.3892350514499014
B1_residual_momentum,2017-11-30,2018-11-30,-4.580453433560184
B1_residual_momentum,2017-12-01,2018-12-03,-4.372844416441691
B1_residual_momentum,2017-12-04,2018-12-04,-4.986071427607519
B1_residual_momentum,2017-12-06,2018-12-06,-5.530666219684132
B1_residual_momentum,2017-12-07,2018-12-07,-8.523568333828946
B1_residual_momentum,2017-12-08,2018-12-10,-8.022612190091106
B1_residual_momentum,2017-12-11,2018-12-11,-8.037290277993314
B1_residual_momentum,2017-12-12,2018-12-12,-7.108757013370703
B1_residual_momentum,2017-12-13,2018-12-13,-7.643149086393142
B1_residual_momentum,2017-12-14,2018-12-14,-9.568337754053136
B1_residual_momentum,2017-12-15,2018-12-17,-12.719555667760885
B1_residual_momentum,2017-12-18,2018-12-18,-12.641897101069988
B1_residual_momentum,2017-12-19,2018-12-19,-13.232428206914172
B1_residual_momentum,2017-12-20,2018-12-20,-14.293481883074632
B1_residual_momentum,2017-12-21,2018-12-21,-15.260155443665901
B1_residual_momentum,2017-12-22,2018-12-24,-17.374175827557202
B1_residual_momentum,2017-12-26,2018-12-26,-13.32548667962542
B1_residual_momentum,2017-12-27,2018-12-27,-12.952428890584999
B1_residual_momentum,2017-12-28,2018-12-28,-13.438372426951329
B1_residual_momentum,2017-12-29,2018-12-31,-11.807556681073361
B1_residual_momentum,2018-01-02,2019-01-02,-13.479878779462274
B1_residual_momentum,2018-01-03,2019-01-03,-14.229169866121005
B1_residual_momentum,2018-01-04,2019-01-04,-14.091037363573767
B1_residual_momentum,2018-01-05,2019-01-07,-15.021677013646862
B1_residual_momentum,2018-01-08,2019-01-08,-15.614328516155796
B1_residual_momentum,2018-01-09,2019-01-09,-15.890401424837098
B1_residual_momentum,2018-01-10,2019-01-10,-15.421446446844167
B1_residual_momentum,2018-01-11,2019-01-11,-15.644939474028586
B1_residual_momentum,2018-01-12,2019-01-14,-15.706775080895286
B1_residual_momentum,2018-01-12,2019-01-15,-15.706775080895286
B1_residual_momentum,2018-01-16,2019-01-16,-15.5918728782804
B1_residual_momentum,2018-01-17,2019-01-17,-16.93355472257283
B1_residual_momentum,2018-01-18,2019-01-18,-16.685786346347452
B1_residual_momentum,2018-01-22,2019-01-22,-17.631126369354444
B1_residual_momentum,2018-01-23,2019-01-23,-17.818742151263244
B1_residual_momentum,2018-01-24,2019-01-24,-17.793035503528863
B1_residual_momentum,2018-01-25,2019-01-25,-18.49277207458463
B1_residual_momentum,2018-01-26,2019-01-28,-19.525974905293232
B1_residual_momentum,2018-01-29,2019-01-29,-18.219299766735976
B1_residual_momentum,2018-01-30,2019-01-30,-17.414708409447567
B1_residual_momentum,2018-01-31,2019-01-31,-17.81093777984857
B1_residual_momentum,2018-02-01,2019-02-01,-17.361412367380257
B1_residual_momentum,2018-02-02,2019-02-04,-16.070352842015158
B1_residual_momentum,2018-02-05,2019-02-05,-13.124008953093702
B1_residual_momentum,2018-02-06,2019-02-06,-13.666873967947613
B1_residual_momentum,2018-02-07,2019-02-07,-13.561029215131216
B1_residual_momentum,2018-02-08,2019-02-08,-9.972037779576493
B1_residual_momentum,2018-02-09,2019-02-11,-11.106215546482668
B1_residual_momentum,2018-02-12,2019-02-12,-12.233336541431283
B1_residual_momentum,2018-02-13,2019-02-13,-12.630770543024417
B1_residual_momentum,2018-02-14,2019-02-14,-13.875944438787624
B1_residual_momentum,2018-02-15,2019-02-15,-14.980670186992429
B1_residual_momentum,2018-02-16,2019-02-19,-15.363578023605362
B1_residual_momentum,2018-02-20,2019-02-20,-14.372343443044421
B1_residual_momentum,2018-02-21,2019-02-21,-13.866119431301572
B1_residual_momentum,2018-02-22,2019-02-22,-14.276794705142715
B1_residual_momentum,2018-02-23,2019-02-25,-15.409111139568644
B1_residual_momentum,2018-02-26,2019-02-26,-15.956834850422508
B1_residual_momentum,2018-02-27,2019-02-27,-14.76816048647498
B1_residual_momentum,2018-02-28,2019-02-28,-13.793968001473422
B1_residual_momentum,2018-03-01,2019-03-01,-11.993093823305268
B1_residual_momentum,2018-03-02,2019-03-04,-12.809495118221914
B1_residual_momentum,2018-03-05,2019-03-05,-13.395792485922053
B1_residual_momentum,2018-03-06,2019-03-06,-14.183197508664701
B1_residual_momentum,2018-03-07,2019-03-07,-14.677580295408744
B1_residual_momentum,2018-03-08,2019-03-08,-15.495312001188532
B1_residual_momentum,2018-03-09,2019-03-11,-16.40835730606145
B1_residual_momentum,2018-03-12,2019-03-12,-15.48927186071014
B1_residual_momentum,2018-03-13,2019-03-13,-14.883379793568164
B1_residual_momentum,2018-03-14,2019-03-14,-14.814707763741875
B1_residual_momentum,2018-03-15,2019-03-15,-14.313046074602587
B1_residual_momentum,2018-03-16,2019-03-18,-14.419903299319337
B1_residual_momentum,2018-03-19,2019-03-19,-13.36773300863392
B1_residual_momentum,2018-03-20,2019-03-20,-14.088921852205116
B1_residual_momentum,2018-03-21,2019-03-21,-12.20983816507487
B1_residual_momentum,2018-03-22,2019-03-22,-10.457387697884402
B1_residual_momentum,2018-03-23,2019-03-25,-8.467245421029201
B1_residual_momentum,2018-03-26,2019-03-26,-10.200847814540104
B1_residual_momentum,2018-03-27,2019-03-27,-8.967493445664875
B1_residual_momentum,2018-03-28,2019-03-28,-8.589932372341124
B1_residual_momentum,2018-03-29,2019-03-29,-9.608945317388907
B1_residual_momentum,2018-03-29,2019-04-01,-9.54936360756211
B1_residual_momentum,2018-04-02,2019-04-02,-6.980267944932272
B1_residual_momentum,2018-04-03,2019-04-03,-7.994391519871746
B1_residual_momentum,2018-04-04,2019-04-04,-9.158080740548735
B1_residual_momentum,2018-04-05,2019-04-05,-9.652833311161146
B1_residual_momentum,2018-04-06,2019-04-08,-6.9753137906150675
B1_residual_momentum,2018-04-09,2019-04-09,-7.999878672473848
B1_residual_momentum,2018-04-10,2019-04-10,-9.385498939773685
B1_residual_momentum,2018-04-11,2019-04-11,-8.895887392917434
B1_residual_momentum,2018-04-12,2019-04-12,-9.910716717559309
B1_residual_momentum,2018-04-13,2019-04-15,-9.173582871116482
B1_residual_momentum,2018-04-16,2019-04-16,-11.384126991730447
B1_residual_momentum,2018-04-17,2019-04-17,-14.271904463534113
B1_residual_momentum,2018-04-18,2019-04-18,-14.716554176230146
B1_residual_momentum,2018-04-20,2019-04-22,-13.323565362020872
B1_residual_momentum,2018-04-23,2019-04-23,-11.449888777429395
B1_residual_momentum,2018-04-24,2019-04-24,-8.758639771720333
B1_residual_momentum,2018-04-25,2019-04-25,-9.31858975516835
B1_residual_momentum,2018-04-26,2019-04-26,-10.580634937394272
B1_residual_momentum,2018-04-27,2019-04-29,-10.860158572543943
B1_residual_momentum,2018-04-30,2019-04-30,-9.40465628465298
B1_residual_momentum,2018-05-01,2019-05-01,-10.684412907101759
B1_residual_momentum,2018-05-02,2019-05-02,-9.090737145035543
B1_residual_momentum,2018-05-03,2019-05-03,-9.144432928010627
B1_residual_momentum,2018-05-04,2019-05-06,-10.108107398628107
B1_residual_momentum,2018-05-07,2019-05-07,-12.37195503126557
B1_residual_momentum,2018-05-08,2019-05-08,-12.517762736220227
B1_residual_momentum,2018-05-09,2019-05-09,-13.505762577481661
B1_residual_momentum,2018-05-10,2019-05-10,-13.589967076004783
B1_residual_momentum,2018-05-11,2019-05-13,-14.906200990630058
B1_residual_momentum,2018-05-14,2019-05-14,-14.529236188334105
B1_residual_momentum,2018-05-15,2019-05-15,-13.526190624032019
B1_residual_momentum,2018-05-16,2019-05-16,-13.273870093470974
B1_residual_momentum,2018-05-17,2019-05-17,-13.520895889643969
B1_residual_momentum,2018-05-18,2019-05-20,-15.072003736067108
B1_residual_momentum,2018-05-21,2019-05-21,-15.14682606839034
B1_residual_momentum,2018-05-22,2019-05-22,-14.0691824131968
B1_residual_momentum,2018-05-23,2019-05-23,-15.08726966854621
B1_residual_momentum,2018-05-24,2019-05-24,-15.231894165354875
B1_residual_momentum,2018-05-25,2019-05-28,-15.595426747208274
B1_residual_momentum,2018-05-29,2019-05-29,-15.59475879799238
B1_residual_momentum,2018-05-30,2019-05-30,-15.993045885518143
B1_residual_momentum,2018-05-31,2019-05-31,-15.723985203719481
B1_residual_momentum,2018-06-01,2019-06-03,-17.297590662753503
B1_residual_momentum,2018-06-04,2019-06-04,-15.99667621430967
B1_residual_momentum,2018-06-05,2019-06-05,-16.65364899778501
B1_residual_momentum,2018-06-06,2019-06-06,-17.590695787447064
B1_residual_momentum,2018-06-07,2019-06-07,-16.944891893085412
B1_residual_momentum,2018-06-08,2019-06-10,-17.363402484459733
B1_residual_momentum,2018-06-11,2019-06-11,-17.484500971712833
B1_residual_momentum,2018-06-12,2019-06-12,-17.812227364183762
B1_residual_momentum,2018-06-13,2019-06-13,-17.576420723683828
B1_residual_momentum,2018-06-14,2019-06-14,-17.7586011961948
B1_residual_momentum,2018-06-15,2019-06-17,-17.996617366701393
B1_residual_momentum,2018-06-18,2019-06-18,-18.01461214821648
B1_residual_momentum,2018-06-19,2019-06-19,-17.434087649686504
B1_residual_momentum,2018-06-20,2019-06-20,-17.54677748091522
B1_residual_momentum,2018-06-21,2019-06-21,-16.61945999118889
B1_residual_momentum,2018-06-22,2019-06-24,-16.105308601238043
B1_residual_momentum,2018-06-25,2019-06-25,-14.390352531763828
B1_residual_momentum,2018-06-26,2019-06-26,-14.788306755674174
B1_residual_momentum,2018-06-27,2019-06-27,-13.544204967588414
B1_residual_momentum,2018-06-28,2019-06-28,-14.1935985727362
B1_residual_momentum,2018-06-29,2019-07-01,-14.39806212102328
B1_residual_momentum,2018-07-02,2019-07-02,-13.6374549196021
B1_residual_momentum,2018-07-03,2019-07-03,-11.895468202820481
B1_residual_momentum,2018-07-05,2019-07-05,-12.733816551706735
B1_residual_momentum,2018-07-06,2019-07-08,-13.45867374654074
B1_residual_momentum,2018-07-09,2019-07-09,-14.310601721221694
B1_residual_momentum,2018-07-10,2019-07-10,-14.288381795185234
B1_residual_momentum,2018-07-11,2019-07-11,-13.881946751326947
B1_residual_momentum,2018-07-12,2019-07-12,-14.933010090293752
B1_residual_momentum,2018-07-13,2019-07-15,-14.639753968165758
B1_residual_momentum,2018-07-16,2019-07-16,-14.606739595160633
B1_residual_momentum,2018-07-17,2019-07-17,-15.057853494611628
B1_residual_momentum,2018-07-18,2019-07-18,-14.643556069849916
B1_residual_momentum,2018-07-19,2019-07-19,-15.169575440856708
B1_residual_momentum,2018-07-20,2019-07-22,-15.189835294173504
B1_residual_momentum,2018-07-23,2019-07-23,-15.277085301165972
B1_residual_momentum,2018-07-24,2019-07-24,-15.262677960824744
B1_residual_momentum,2018-07-25,2019-07-25,-16.73748671400418
B1_residual_momentum,2018-07-26,2019-07-26,-15.139076565836628
B1_residual_momentum,2018-07-27,2019-07-29,-13.969515171989123
B1_residual_momentum,2018-07-30,2019-07-30,-12.329851904992406
B1_residual_momentum,2018-07-31,2019-07-31,-13.746513206130084
B1_residual_momentum,2018-08-01,2019-08-01,-13.597925415712497
B1_residual_momentum,2018-08-02,2019-08-02,-14.779101281284102
B1_residual_momentum,2018-08-03,2019-08-05,-16.507436875201307
B1_residual_momentum,2018-08-06,2019-08-06,-16.03273291119769
B1_residual_momentum,2018-08-07,2019-08-07,-16.716913111945363
B1_residual_momentum,2018-08-08,2019-08-08,-15.604186558324095
B1_residual_momentum,2018-08-09,2019-08-09,-14.94035698590277
B1_residual_momentum,2018-08-10,2019-08-12,-15.679347477180283
B1_residual_momentum,2018-08-13,2019-08-13,-14.41040444343632
B1_residual_momentum,2018-08-14,2019-08-14,-17.563615403626574
B1_residual_momentum,2018-08-15,2019-08-15,-14.723731136183149
B1_residual_momentum,2018-08-16,2019-08-16,-14.334748181784473
B1_residual_momentum,2018-08-17,2019-08-19,-13.910771579690262
B1_residual_momentum,2018-08-20,2019-08-20,-15.250318946355224
B1_residual_momentum,2018-08-21,2019-08-21,-14.827478520962966
B1_residual_momentum,2018-08-22,2019-08-22,-15.403623027824453
B1_residual_momentum,2018-08-23,2019-08-23,-17.375527376880097
B1_residual_momentum,2018-08-24,2019-08-26,-17.271882211581392
B1_residual_momentum,2018-08-27,2019-08-27,-17.404470575664778
B1_residual_momentum,2018-08-28,2019-08-28,-17.187514532736113
B1_residual_momentum,2018-08-29,2019-08-29,-17.37227376752103
B1_residual_momentum,2018-08-30,2019-08-30,-17.08462501918111
B1_residual_momentum,2018-08-31,2019-09-03,-16.80839168775623
B1_residual_momentum,2018-09-04,2019-09-04,-16.489623485885442
B1_residual_momentum,2018-09-05,2019-09-05,-15.51717402962548
B1_residual_momentum,2018-09-06,2019-09-06,-15.2057412233372
B1_residual_momentum,2018-09-07,2019-09-09,-16.96896999708326
B1_residual_momentum,2018-09-10,2019-09-10,-19.466507504187803
B1_residual_momentum,2018-09-11,2019-09-11,-19.791330173703614
B1_residual_momentum,2018-09-12,2019-09-12,-18.90417275070815
B1_residual_momentum,2018-09-13,2019-09-13,-20.049421539449984
B1_residual_momentum,2018-09-14,2019-09-16,-20.500549934091296
B1_residual_momentum,2018-09-17,2019-09-17,-18.04624077420013
B1_residual_momentum,2018-09-18,2019-09-18,-18.57255899814909
B1_residual_momentum,2018-09-19,2019-09-19,-16.661040538354044
B1_residual_momentum,2018-09-20,2019-09-20,-17.191100817604234
B1_residual_momentum,2018-09-21,2019-09-23,-17.173461642789135
B1_residual_momentum,2018-09-24,2019-09-24,-17.21433483103667
B1_residual_momentum,2018-09-25,2019-09-25,-17.944479180997153
B1_residual_momentum,2018-09-26,2019-09-26,-17.271698647229783
B1_residual_momentum,2018-09-27,2019-09-27,-17.932487364861018
B1_residual_momentum,2018-09-28,2019-09-30,-17.556975268926045
B1_residual_momentum,2018-10-01,2019-10-01,-18.234017812674974
B1_residual_momentum,2018-10-02,2019-10-02,-18.646882106312034
B1_residual_momentum,2018-10-03,2019-10-03,-18.32416262392038
B1_residual_momentum,2018-10-04,2019-10-04,-15.631815933329463
B1_residual_momentum,2018-10-05,2019-10-07,-15.730999488991337
B1_residual_momentum,2018-10-08,2019-10-08,-15.391560773787461
B1_residual_momentum,2018-10-09,2019-10-09,-14.551888734951934
B1_residual_momentum,2018-10-10,2019-10-10,-9.70340737725529
B1_residual_momentum,2018-10-11,2019-10-11,-8.608485559439128
B1_residual_momentum,2018-10-12,2019-10-14,-11.237335669942283
B1_residual_momentum,2018-10-15,2019-10-15,-10.492662351165471
B1_residual_momentum,2018-10-16,2019-10-16,-12.914568640227408
B1_residual_momentum,2018-10-17,2019-10-17,-12.409230951764949
B1_residual_momentum,2018-10-18,2019-10-18,-10.674844558802576
B1_residual_momentum,2018-10-19,2019-10-21,-8.542473892384162
B1_residual_momentum,2018-10-22,2019-10-22,-10.301943804359793
B1_residual_momentum,2018-10-23,2019-10-23,-9.333586353780854
B1_residual_momentum,2018-10-24,2019-10-24,-5.487374527081612
B1_residual_momentum,2018-10-25,2019-10-25,-9.191308616636352
B1_residual_momentum,2018-10-26,2019-10-28,-8.116823958388963
B1_residual_momentum,2018-10-29,2019-10-29,-7.191799438049906
B1_residual_momentum,2018-10-30,2019-10-30,-8.101752187620026
B1_residual_momentum,2018-10-31,2019-10-31,-9.781161153047258
B1_residual_momentum,2018-11-01,2019-11-01,-10.317732166681049
B1_residual_momentum,2018-11-02,2019-11-04,-11.817000618860362
B1_residual_momentum,2018-11-05,2019-11-05,-12.657501572503415
B1_residual_momentum,2018-11-06,2019-11-06,-12.005117465445847
B1_residual_momentum,2018-11-07,2019-11-07,-12.973507543726381
B1_residual_momentum,2018-11-08,2019-11-08,-12.99682588203801
B1_residual_momentum,2018-11-09,2019-11-11,-12.74239175447931
B1_residual_momentum,2018-11-12,2019-11-12,-12.720345023976588
B1_residual_momentum,2018-11-13,2019-11-13,-11.723029591532852
B1_residual_momentum,2018-11-14,2019-11-14,-11.028607593062823
B1_residual_momentum,2018-11-15,2019-11-15,-11.004785978046062
B1_residual_momentum,2018-11-16,2019-11-18,-10.549319507240963
B1_residual_momentum,2018-11-19,2019-11-19,-10.452198827948378
B1_residual_momentum,2018-11-20,2019-11-20,-10.141438782062684
B1_residual_momentum,2018-11-21,2019-11-21,-10.972760159410633
B1_residual_momentum,2018-11-21,2019-11-22,-11.30198521568212
B1_residual_momentum,2018-11-23,2019-11-25,-11.080005608997034
B1_residual_momentum,2018-11-26,2019-11-26,-9.739550914281935
B1_residual_momentum,2018-11-27,2019-11-27,-9.597871089263975
B1_residual_momentum,2018-11-29,2019-11-29,-9.994850769287112
B1_residual_momentum,2018-11-30,2019-12-02,-11.23729192197419
B1_residual_momentum,2018-12-03,2019-12-03,-10.890991035445108
B1_residual_momentum,2018-12-04,2019-12-04,-7.938980902842996
B1_residual_momentum,2018-12-04,2019-12-05,-8.026485676979656
B1_residual_momentum,2018-12-06,2019-12-06,-8.072834143599806
B1_residual_momentum,2018-12-07,2019-12-09,-5.869617902498492
B1_residual_momentum,2018-12-10,2019-12-10,-6.934016673002274
B1_residual_momentum,2018-12-11,2019-12-11,-6.7659124710760405
B1_residual_momentum,2018-12-12,2019-12-12,-8.06654663938705
B1_residual_momentum,2018-12-13,2019-12-13,-7.006985743418981
B1_residual_momentum,2018-12-14,2019-12-16,-4.076447633921365
B1_residual_momentum,2018-12-17,2019-12-17,-1.5690709153516558
B1_residual_momentum,2018-12-18,2019-12-18,-1.1646323764618605
B1_residual_momentum,2018-12-19,2019-12-19,0.6443137834704515
B1_residual_momentum,2018-12-20,2019-12-20,3.042661085462628
B1_residual_momentum,2018-12-21,2019-12-23,4.18429325772669
B1_residual_momentum,2018-12-24,2019-12-24,6.88709493960924
B1_residual_momentum,2018-12-26,2019-12-26,2.2934530964161315
B1_residual_momentum,2018-12-27,2019-12-27,1.7295487455025738
B1_residual_momentum,2018-12-28,2019-12-30,1.537139813945143
B1_residual_momentum,2018-12-31,2019-12-31,0.652575094541108
B1_residual_momentum,2019-01-02,2020-01-02,1.7760675724579178
B1_residual_momentum,2019-01-03,2020-01-03,2.283189481318626
B1_residual_momentum,2019-01-04,2020-01-06,2.3682541612308983
B1_residual_momentum,2019-01-07,2020-01-07,1.9191429426740791
B1_residual_momentum,2019-01-08,2020-01-08,2.0934482118516673
B1_residual_momentum,2019-01-09,2020-01-09,2.884063900471423
B1_residual_momentum,2019-01-10,2020-01-10,3.216393703488052
B1_residual_momentum,2019-01-11,2020-01-13,4.350577384703147
B1_residual_momentum,2019-01-14,2020-01-14,4.086480200956943
B1_residual_momentum,2019-01-15,2020-01-15,5.115530536739632
B1_residual_momentum,2019-01-16,2020-01-16,5.944780018143003
B1_residual_momentum,2019-01-17,2020-01-17,6.561016761788174
B1_residual_momentum,2019-01-18,2020-01-21,7.151834559179759
B1_residual_momentum,2019-01-22,2020-01-22,7.283323703353517
B1_residual_momentum,2019-01-23,2020-01-23,8.068960829664263
B1_residual_momentum,2019-01-24,2020-01-24,7.876374914273776
B1_residual_momentum,2019-01-25,2020-01-27,7.326105423787488
B1_residual_momentum,2019-01-28,2020-01-28,8.052280417814073
B1_residual_momentum,2019-01-29,2020-01-29,7.951462691907785
B1_residual_momentum,2019-01-30,2020-01-30,8.986627427803384
B1_residual_momentum,2019-01-31,2020-01-31,7.539306509401578
B1_residual_momentum,2019-02-01,2020-02-03,8.438778575447614
B1_residual_momentum,2019-02-04,2020-02-04,8.485685840083136
B1_residual_momentum,2019-02-05,2020-02-05,8.513097764290457
B1_residual_momentum,2019-02-06,2020-02-06,9.094472532720378
B1_residual_momentum,2019-02-07,2020-02-07,8.849369401002827
B1_residual_momentum,2019-02-08,2020-02-10,9.481423841853331
B1_residual_momentum,2019-02-11,2020-02-11,9.430401180020986
B1_residual_momentum,2019-02-12,2020-02-12,9.13777426543918
B1_residual_momentum,2019-02-13,2020-02-13,10.168085936172266
B1_residual_momentum,2019-02-14,2020-02-14,10.963674277526515
B1_residual_momentum,2019-02-15,2020-02-18,11.162195412211307
B1_residual_momentum,2019-02-19,2020-02-19,10.946466600965188
B1_residual_momentum,2019-02-20,2020-02-20,10.708683007643627
B1_residual_momentum,2019-02-21,2020-02-21,9.588052789471991
B1_residual_momentum,2019-02-22,2020-02-24,7.834742490154634
B1_residual_momentum,2019-02-25,2020-02-25,5.122766522214661
B1_residual_momentum,2019-02-26,2020-02-26,4.858667273885975
B1_residual_momentum,2019-02-27,2020-02-27,0.6227657823547617
B1_residual_momentum,2019-02-28,2020-02-28,-2.0216887493540225
B1_residual_momentum,2019-03-01,2020-03-02,-1.6728908336666293
B1_residual_momentum,2019-03-04,2020-03-03,-1.0871521823540231
B1_residual_momentum,2019-03-05,2020-03-04,-1.258252144080596
B1_residual_momentum,2019-03-06,2020-03-05,-0.5098366376665386
B1_residual_momentum,2019-03-07,2020-03-06,-0.22334184769309262
B1_residual_momentum,2019-03-08,2020-03-09,-0.09935599670235495
B1_residual_momentum,2019-03-11,2020-03-10,-0.7586384429731585
B1_residual_momentum,2019-03-12,2020-03-11,-1.52060585105821
B1_residual_momentum,2019-03-13,2020-03-12,-2.0263039228711865
B1_residual_momentum,2019-03-14,2020-03-13,-2.043297507617181
B1_residual_momentum,2019-03-15,2020-03-16,-2.443675260410272
B1_residual_momentum,2019-03-18,2020-03-17,-2.3494549036732537
B1_residual_momentum,2019-03-19,2020-03-18,-2.3763645052015225
B1_residual_momentum,2019-03-20,2020-03-19,-2.3325938967717175
B1_residual_momentum,2019-03-21,2020-03-20,-3.810279830422525
B1_residual_momentum,2019-03-22,2020-03-23,-2.9045366055022726
B1_residual_momentum,2019-03-25,2020-03-24,-3.4619446771580797
B1_residual_momentum,2019-03-26,2020-03-25,-4.140733362040006
B1_residual_momentum,2019-03-27,2020-03-26,-3.630725295334092
B1_residual_momentum,2019-03-28,2020-03-27,-3.972313286621554
B1_residual_momentum,2019-03-29,2020-03-30,-4.5044967594424
B1_residual_momentum,2019-04-01,2020-03-31,-4.567401627675238
B1_residual_momentum,2019-04-02,2020-04-01,-4.743011134549069
B1_residual_momentum,2019-04-03,2020-04-02,-4.75574397553361
B1_residual_momentum,2019-04-04,2020-04-03,-4.129803473425431
B1_residual_momentum,2019-04-05,2020-04-06,-4.696060768182841
B1_residual_momentum,2019-04-08,2020-04-07,-4.508176250956364
B1_residual_momentum,2019-04-09,2020-04-08,-4.318369760495965
B1_residual_momentum,2019-04-10,2020-04-09,-4.798622805016017
B1_residual_momentum,2019-04-12,2020-04-13,-4.717761285423039
B1_residual_momentum,2019-04-15,2020-04-14,-4.828456543416893
B1_residual_momentum,2019-04-16,2020-04-15,-2.9525142397539006
B1_residual_momentum,2019-04-17,2020-04-16,-1.3872555831837885
B1_residual_momentum,2019-04-18,2020-04-17,-1.697779424743795
B1_residual_momentum,2019-04-18,2020-04-20,-1.697779424743795
B1_residual_momentum,2019-04-22,2020-04-21,-1.4195050038760537
B1_residual_momentum,2019-04-23,2020-04-22,-2.9919910522866355
B1_residual_momentum,2019-04-24,2020-04-23,-3.4088608873927506
B1_residual_momentum,2019-04-25,2020-04-24,-3.0607614748972334
B1_residual_momentum,2019-04-26,2020-04-27,-3.0685783133222344
B1_residual_momentum,2019-04-29,2020-04-28,-2.3278146259550825
B1_residual_momentum,2019-04-30,2020-04-29,-3.2216317915641945
B1_residual_momentum,2019-05-01,2020-04-30,-1.9413019259392428
B1_residual_momentum,2019-05-02,2020-05-01,-2.659518452972043
B1_residual_momentum,2019-05-03,2020-05-04,-3.0829178687840297
B1_residual_momentum,2019-05-06,2020-05-05,-2.8301020134605115
B1_residual_momentum,2019-05-07,2020-05-06,-1.1035106353286972
B1_residual_momentum,2019-05-08,2020-05-07,-1.0712225918218854
B1_residual_momentum,2019-05-09,2020-05-08,-1.1776366652816783
B1_residual_momentum,2019-05-10,2020-05-11,-1.8460622146509786
B1_residual_momentum,2019-05-13,2020-05-12,-0.7581223151194694
B1_residual_momentum,2019-05-14,2020-05-13,-1.3011489165419388
B1_residual_momentum,2019-05-15,2020-05-14,-1.9033985289149347
B1_residual_momentum,2019-05-16,2020-05-15,-2.691641067468764
B1_residual_momentum,2019-05-17,2020-05-18,-2.2761892304240416
B1_residual_momentum,2019-05-20,2020-05-19,-1.1747063956576431
B1_residual_momentum,2019-05-21,2020-05-20,-1.9970337417484774
B1_residual_momentum,2019-05-22,2020-05-21,-2.474256554980514
B1_residual_momentum,2019-05-23,2020-05-22,-2.122192805406664
B1_residual_momentum,2019-05-24,2020-05-26,-2.329579566072415
B1_residual_momentum,2019-05-28,2020-05-27,-1.6313428148579612
B1_residual_momentum,2019-05-29,2020-05-28,-0.749607625975135
B1_residual_momentum,2019-05-30,2020-05-29,-1.988546058776408
B1_residual_momentum,2019-05-31,2020-06-01,-1.2119023163245535
B1_residual_momentum,2019-06-03,2020-06-02,-1.2046889161458796
B1_residual_momentum,2019-06-04,2020-06-03,-1.3718646626593611
B1_residual_momentum,2019-06-05,2020-06-04,-1.9768312062138582
B1_residual_momentum,2019-06-06,2020-06-05,0.21491653072569505
B1_residual_momentum,2019-06-07,2020-06-08,0.17125805112627734
B1_residual_momentum,2019-06-10,2020-06-09,0.9314085618412182
B1_residual_momentum,2019-06-11,2020-06-10,1.9295987444190477
B1_residual_momentum,2019-06-12,2020-06-11,-3.3765392969548946
B1_residual_momentum,2019-06-13,2020-06-12,-2.6241574701523884
B1_residual_momentum,2019-06-14,2020-06-15,-1.0021427658044146
B1_residual_momentum,2019-06-17,2020-06-16,0.24754079366664516
B1_residual_momentum,2019-06-18,2020-06-17,0.9270167895266468
B1_residual_momentum,2019-06-19,2020-06-18,0.8939663785841212
B1_residual_momentum,2019-06-20,2020-06-19,2.2358305420019375
B1_residual_momentum,2019-06-21,2020-06-22,2.5056746709536837
B1_residual_momentum,2019-06-24,2020-06-23,2.8201129218478505
B1_residual_momentum,2019-06-25,2020-06-24,0.9121541082067974
B1_residual_momentum,2019-06-26,2020-06-25,2.17808634179375
B1_residual_momentum,2019-06-27,2020-06-26,0.2921676614409563
B1_residual_momentum,2019-06-28,2020-06-29,0.9127052917521583
B1_residual_momentum,2019-07-01,2020-06-30,3.483500588165822
B1_residual_momentum,2019-07-02,2020-07-01,2.5511819460816376
B1_residual_momentum,2019-07-03,2020-07-02,1.9007148930410223
B1_residual_momentum,2019-07-05,2020-07-06,4.164809623303278
B1_residual_momentum,2019-07-08,2020-07-07,4.312463523478005
B1_residual_momentum,2019-07-09,2020-07-08,5.422080300155163
B1_residual_momentum,2019-07-10,2020-07-09,6.165755365208914
B1_residual_momentum,2019-07-11,2020-07-10,5.744175110801919
B1_residual_momentum,2019-07-12,2020-07-13,2.716370943015445
B1_residual_momentum,2019-07-15,2020-07-14,4.358529645975873
B1_residual_momentum,2019-07-16,2020-07-15,4.810453523285796
B1_residual_momentum,2019-07-17,2020-07-16,4.293126467655872
B1_residual_momentum,2019-07-18,2020-07-17,5.010020205795662
B1_residual_momentum,2019-07-19,2020-07-20,8.328027048558528
B1_residual_momentum,2019-07-22,2020-07-21,7.395118889192487
B1_residual_momentum,2019-07-23,2020-07-22,7.998820299752629
B1_residual_momentum,2019-07-24,2020-07-23,6.865032987142761
B1_residual_momentum,2019-07-25,2020-07-24,6.538450170894428
B1_residual_momentum,2019-07-26,2020-07-27,6.548841276311856
B1_residual_momentum,2019-07-29,2020-07-28,5.106259013233028
B1_residual_momentum,2019-07-30,2020-07-29,7.144842684281749
B1_residual_momentum,2019-07-31,2020-07-30,8.409003321877307
B1_residual_momentum,2019-08-01,2020-07-31,9.273428932758021
B1_residual_momentum,2019-08-02,2020-08-03,11.111154007884515
B1_residual_momentum,2019-08-05,2020-08-04,14.393302522041251
B1_residual_momentum,2019-08-06,2020-08-05,12.877032508080145
B1_residual_momentum,2019-08-07,2020-08-06,12.955228954842246
B1_residual_momentum,2019-08-08,2020-08-07,9.79360610532578
B1_residual_momentum,2019-08-09,2020-08-10,7.768244543514902
B1_residual_momentum,2019-08-12,2020-08-11,6.55146937796689
B1_residual_momentum,2019-08-13,2020-08-12,8.06835488302331
B1_residual_momentum,2019-08-14,2020-08-13,11.138984957441256
B1_residual_momentum,2019-08-15,2020-08-14,9.497506235497767
B1_residual_momentum,2019-08-16,2020-08-17,10.740504096788484
B1_residual_momentum,2019-08-19,2020-08-18,10.154418802541487
B1_residual_momentum,2019-08-20,2020-08-19,10.357875646323645
B1_residual_momentum,2019-08-21,2020-08-20,10.581280243927527
B1_residual_momentum,2019-08-22,2020-08-21,10.653835918276112
B1_residual_momentum,2019-08-23,2020-08-24,12.865606613555736
B1_residual_momentum,2019-08-26,2020-08-25,12.436616266388123
B1_residual_momentum,2019-08-27,2020-08-26,13.29419539679504
B1_residual_momentum,2019-08-28,2020-08-27,12.028160724640035
B1_residual_momentum,2019-08-29,2020-08-28,11.619801885157033
B1_residual_momentum,2019-08-30,2020-08-31,13.495727491977005
B1_residual_momentum,2019-08-30,2020-09-01,14.05947653990025
B1_residual_momentum,2019-09-03,2020-09-02,15.64676274917247
B1_residual_momentum,2019-09-04,2020-09-03,8.510933742808092
B1_residual_momentum,2019-09-05,2020-09-04,6.85756045417667
B1_residual_momentum,2019-09-09,2020-09-08,6.03369827313851
B1_residual_momentum,2019-09-10,2020-09-09,12.54466942882868
B1_residual_momentum,2019-09-11,2020-09-10,10.183408315791386
B1_residual_momentum,2019-09-12,2020-09-11,8.385665506974927
B1_residual_momentum,2019-09-13,2020-09-14,11.11682083927439
B1_residual_momentum,2019-09-16,2020-09-15,12.72280309685916
B1_residual_momentum,2019-09-17,2020-09-16,8.728098376782123
B1_residual_momentum,2019-09-18,2020-09-17,7.38717929847752
B1_residual_momentum,2019-09-19,2020-09-18,6.094015889422866
B1_residual_momentum,2019-09-20,2020-09-21,7.157336628351607
B1_residual_momentum,2019-09-23,2020-09-22,8.7803025137136
B1_residual_momentum,2019-09-24,2020-09-23,5.943661911984721
B1_residual_momentum,2019-09-25,2020-09-24,6.78981461091428
B1_residual_momentum,2019-09-26,2020-09-25,8.273896822102644
B1_residual_momentum,2019-09-27,2020-09-28,11.022186238336618
B1_residual_momentum,2019-09-30,2020-09-29,10.531245705241377
B1_residual_momentum,2019-10-01,2020-09-30,11.853285141879045
B1_residual_momentum,2019-10-02,2020-10-01,14.8490472491434
B1_residual_momentum,2019-10-03,2020-10-02,11.112644344347933
B1_residual_momentum,2019-10-04,2020-10-05,12.42366677156921
B1_residual_momentum,2019-10-07,2020-10-06,11.132068341735257
B1_residual_momentum,2019-10-08,2020-10-07,14.81216212625065
B1_residual_momentum,2019-10-09,2020-10-08,13.756530043123405
B1_residual_momentum,2019-10-10,2020-10-09,14.71882442087633
B1_residual_momentum,2019-10-11,2020-10-12,17.46751638005055
B1_residual_momentum,2019-10-14,2020-10-13,18.66763338991635
B1_residual_momentum,2019-10-15,2020-10-14,18.135141509477503
B1_residual_momentum,2019-10-16,2020-10-15,18.21415414694185
B1_residual_momentum,2019-10-17,2020-10-16,17.323971793242276
B1_residual_momentum,2019-10-18,2020-10-19,14.94154959765741
B1_residual_momentum,2019-10-21,2020-10-20,14.491448610157253
B1_residual_momentum,2019-10-22,2020-10-21,14.75667674950476
B1_residual_momentum,2019-10-23,2020-10-22,13.586755051799937
B1_residual_momentum,2019-10-24,2020-10-23,14.38220447499814
B1_residual_momentum,2019-10-25,2020-10-26,14.428691569881892
B1_residual_momentum,2019-10-28,2020-10-27,14.97441652210556
B1_residual_momentum,2019-10-29,2020-10-28,11.141436184561137
B1_residual_momentum,2019-10-30,2020-10-29,11.419104889379138
B1_residual_momentum,2019-10-31,2020-10-30,8.51285984707868
B1_residual_momentum,2019-11-01,2020-11-02,9.721103133645205
B1_residual_momentum,2019-11-04,2020-11-03,13.647974466846913
B1_residual_momentum,2019-11-05,2020-11-04,19.980614962234977
B1_residual_momentum,2019-11-06,2020-11-05,22.512250565106196
B1_residual_momentum,2019-11-07,2020-11-06,24.5842752456354
B1_residual_momentum,2019-11-08,2020-11-09,17.837003144516995
B1_residual_momentum,2019-11-11,2020-11-10,14.469077966722477
B1_residual_momentum,2019-11-12,2020-11-11,18.3613032844524
B1_residual_momentum,2019-11-13,2020-11-12,16.01689324628697
B1_residual_momentum,2019-11-14,2020-11-13,15.42739437249736
B1_residual_momentum,2019-11-15,2020-11-16,15.802769186223763
B1_residual_momentum,2019-11-18,2020-11-17,14.725859465675196
B1_residual_momentum,2019-11-19,2020-11-18,12.876513241138078
B1_residual_momentum,2019-11-20,2020-11-19,13.758563848145776
B1_residual_momentum,2019-11-21,2020-11-20,14.536022457082698
B1_residual_momentum,2019-11-22,2020-11-23,14.567328915875176
B1_residual_momentum,2019-11-25,2020-11-24,13.907301219510359
B1_residual_momentum,2019-11-26,2020-11-25,13.368085239818983
B1_residual_momentum,2019-11-27,2020-11-27,14.901055119953455
B1_residual_momentum,2019-11-29,2020-11-30,16.620622020627106
B1_residual_momentum,2019-12-02,2020-12-01,18.85293703556559
B1_residual_momentum,2019-12-03,2020-12-02,18.053757572804653
B1_residual_momentum,2019-12-04,2020-12-03,17.24574381335353
B1_residual_momentum,2019-12-05,2020-12-04,18.187966989138538
B1_residual_momentum,2019-12-06,2020-12-07,18.78491552900028
B1_residual_momentum,2019-12-09,2020-12-08,19.596661186352414
B1_residual_momentum,2019-12-10,2020-12-09,17.289634239895246
B1_residual_momentum,2019-12-11,2020-12-10,17.90207763423681
B1_residual_momentum,2019-12-12,2020-12-11,18.474440907001544
B1_residual_momentum,2019-12-13,2020-12-14,18.88833482380732
B1_residual_momentum,2019-12-16,2020-12-15,19.63925291899504
B1_residual_momentum,2019-12-17,2020-12-16,20.915273983307927
B1_residual_momentum,2019-12-18,2020-12-17,21.92934883189206
B1_residual_momentum,2019-12-19,2020-12-18,21.852740240842007
B1_residual_momentum,2019-12-20,2020-12-21,20.146561287864294
B1_residual_momentum,2019-12-23,2020-12-22,22.536767980051465
B1_residual_momentum,2019-12-24,2020-12-23,20.739454524255496
B1_residual_momentum,2019-12-24,2020-12-24,21.043483116060546
B1_residual_momentum,2019-12-27,2020-12-28,19.40354185672417
B1_residual_momentum,2019-12-30,2020-12-29,19.541885210519716
B1_residual_momentum,2019-12-31,2020-12-30,19.61913100794712
B1_residual_momentum,2019-12-31,2020-12-31,20.084794168901965
B1_residual_momentum,2020-01-03,2021-01-04,18.465325769086572
B1_residual_momentum,2020-01-06,2021-01-05,19.896742944430336
B1_residual_momentum,2020-01-07,2021-01-06,19.519654154205
B1_residual_momentum,2020-01-08,2021-01-07,22.765658306831927
B1_residual_momentum,2020-01-09,2021-01-08,23.572161174977158
B1_residual_momentum,2020-01-10,2021-01-11,22.321475922612976
B1_residual_momentum,2020-01-13,2021-01-12,21.44396665802557
B1_residual_momentum,2020-01-14,2021-01-13,21.731486747421624
B1_residual_momentum,2020-01-15,2021-01-14,20.037143399159653
B1_residual_momentum,2020-01-16,2021-01-15,17.89766810432298
B1_residual_momentum,2020-01-17,2021-01-19,19.05817746553069
B1_residual_momentum,2020-01-21,2021-01-20,19.831212145003697
B1_residual_momentum,2020-01-22,2021-01-21,19.765048673959917
B1_residual_momentum,2020-01-23,2021-01-22,18.801097395669576
B1_residual_momentum,2020-01-24,2021-01-25,19.165467981028627
B1_residual_momentum,2020-01-27,2021-01-26,18.459931452221777
B1_residual_momentum,2020-01-28,2021-01-27,12.9335403519248
B1_residual_momentum,2020-01-29,2021-01-28,15.125682611303336
B1_residual_momentum,2020-01-30,2021-01-29,12.535723741990301
B1_residual_momentum,2020-01-31,2021-02-01,16.597081737509956
B1_residual_momentum,2020-02-03,2021-02-02,18.124989194195408
B1_residual_momentum,2020-02-04,2021-02-03,17.228597512845468
B1_residual_momentum,2020-02-05,2021-02-04,19.508368896980333
B1_residual_momentum,2020-02-06,2021-02-05,19.721794555688767
B1_residual_momentum,2020-02-07,2021-02-08,21.732836055790507
B1_residual_momentum,2020-02-10,2021-02-09,20.506343988910892
B1_residual_momentum,2020-02-11,2021-02-10,20.14189195697993
B1_residual_momentum,2020-02-12,2021-02-11,21.479609865670213
B1_residual_momentum,2020-02-13,2021-02-12,22.09783097969289
B1_residual_momentum,2020-02-14,2021-02-16,20.98721685273588
B1_residual_momentum,2020-02-18,2021-02-17,19.581185329381356
B1_residual_momentum,2020-02-19,2021-02-18,18.415374065658163
B1_residual_momentum,2020-02-20,2021-02-19,19.956300374331338
B1_residual_momentum,2020-02-21,2021-02-22,17.454813233283218
B1_residual_momentum,2020-02-24,2021-02-23,18.63419955519019
B1_residual_momentum,2020-02-25,2021-02-24,23.89588820262358
B1_residual_momentum,2020-02-26,2021-02-25,19.993366101032528
B1_residual_momentum,2020-02-27,2021-02-26,26.407600277821807
B1_residual_momentum,2020-02-28,2021-03-01,34.72142105836129
B1_residual_momentum,2020-03-02,2021-03-02,30.585145905993592
B1_residual_momentum,2020-03-03,2021-03-03,25.392141217093787
B1_residual_momentum,2020-03-04,2021-03-04,20.337438847976763
B1_residual_momentum,2020-03-05,2021-03-05,21.40410704962146
B1_residual_momentum,2020-03-06,2021-03-08,16.00715754356381
B1_residual_momentum,2020-03-09,2021-03-09,21.98544673389744
B1_residual_momentum,2020-03-10,2021-03-10,21.957153157396547
B1_residual_momentum,2020-03-11,2021-03-11,26.550689546663044
B1_residual_momentum,2020-03-12,2021-03-12,25.67745518401907
B1_residual_momentum,2020-03-13,2021-03-15,27.42660095846152
B1_residual_momentum,2020-03-16,2021-03-16,26.178654882532303
B1_residual_momentum,2020-03-17,2021-03-17,26.828870223253176
B1_residual_momentum,2020-03-18,2021-03-18,22.58549577444615
B1_residual_momentum,2020-03-19,2021-03-19,23.70023693245944
B1_residual_momentum,2020-03-20,2021-03-22,25.9644200724239
B1_residual_momentum,2020-03-23,2021-03-23,24.021234127309697
B1_residual_momentum,2020-03-24,2021-03-24,21.19650943219833
B1_residual_momentum,2020-03-25,2021-03-25,21.187776146577075
B1_residual_momentum,2020-03-26,2021-03-26,25.170615007399345
B1_residual_momentum,2020-03-27,2021-03-29,23.59103611715314
B1_residual_momentum,2020-03-30,2021-03-30,24.57409867322715
B1_residual_momentum,2020-03-31,2021-03-31,27.720476111398696
B1_residual_momentum,2020-04-01,2021-04-01,29.35783458348491
B1_residual_momentum,2020-04-03,2021-04-05,30.18684067169801
B1_residual_momentum,2020-04-06,2021-04-06,31.204656607663406
B1_residual_momentum,2020-04-07,2021-04-07,29.66471934757493
B1_residual_momentum,2020-04-08,2021-04-08,31.740989117824924
B1_residual_momentum,2020-04-09,2021-04-09,32.35543374479051
B1_residual_momentum,2020-04-09,2021-04-12,32.57809920515713
B1_residual_momentum,2020-04-13,2021-04-13,33.3148554886934
B1_residual_momentum,2020-04-14,2021-04-14,32.902897052495476
B1_residual_momentum,2020-04-15,2021-04-15,33.99206059952151
B1_residual_momentum,2020-04-16,2021-04-16,34.613594839812166
B1_residual_momentum,2020-04-17,2021-04-19,32.27837258697497
B1_residual_momentum,2020-04-20,2021-04-20,30.34298438892651
B1_residual_momentum,2020-04-21,2021-04-21,32.73507761759051
B1_residual_momentum,2020-04-22,2021-04-22,31.486789166197937
B1_residual_momentum,2020-04-23,2021-04-23,33.80663840960303
B1_residual_momentum,2020-04-24,2021-04-26,34.798569279671334
B1_residual_momentum,2020-04-27,2021-04-27,35.02467670108218
B1_residual_momentum,2020-04-28,2021-04-28,33.758322491074246
B1_residual_momentum,2020-04-29,2021-04-29,33.42527928721633
B1_residual_momentum,2020-04-30,2021-04-30,31.62077131982286
B1_residual_momentum,2020-05-01,2021-05-03,32.352814049945565
B1_residual_momentum,2020-05-04,2021-05-04,31.439860808348907
B1_residual_momentum,2020-05-05,2021-05-05,33.35233524121766
B1_residual_momentum,2020-05-06,2021-05-06,33.11836206511194
B1_residual_momentum,2020-05-07,2021-05-07,35.983456403640645
B1_residual_momentum,2020-05-08,2021-05-10,34.27017641445942
B1_residual_momentum,2020-05-11,2021-05-11,32.78475492518442
B1_residual_momentum,2020-05-12,2021-05-12,26.95614882737123
B1_residual_momentum,2020-05-13,2021-05-13,28.394272751481164
B1_residual_momentum,2020-05-14,2021-05-14,31.197445874365194
B1_residual_momentum,2020-05-15,2021-05-17,31.48954439230154
B1_residual_momentum,2020-05-18,2021-05-18,29.880311962794835
B1_residual_momentum,2020-05-19,2021-05-19,28.151260301509318
B1_residual_momentum,2020-05-20,2021-05-20,30.19380673490002
B1_residual_momentum,2020-05-21,2021-05-21,30.626627226157478
B1_residual_momentum,2020-05-22,2021-05-24,31.631444840790035
B1_residual_momentum,2020-05-22,2021-05-25,31.461353671045632
B1_residual_momentum,2020-05-26,2021-05-26,33.48640002816601
B1_residual_momentum,2020-05-27,2021-05-27,35.751963731036774
B1_residual_momentum,2020-05-28,2021-05-28,35.30873100259413
B1_residual_momentum,2020-06-01,2021-06-01,35.44823509486426
B1_residual_momentum,2020-06-02,2021-06-02,33.771161956492236
B1_residual_momentum,2020-06-03,2021-06-03,33.48210939081881
B1_residual_momentum,2020-06-04,2021-06-04,34.38270978478304
B1_residual_momentum,2020-06-05,2021-06-07,31.429177913144855
B1_residual_momentum,2020-06-08,2021-06-08,33.052421462051406
B1_residual_momentum,2020-06-09,2021-06-09,29.86557871601945
B1_residual_momentum,2020-06-10,2021-06-10,27.824419909323893
B1_residual_momentum,2020-06-11,2021-06-11,36.23102267886287
B1_residual_momentum,2020-06-12,2021-06-14,33.06023920944836
B1_residual_momentum,2020-06-15,2021-06-15,31.1840125647735
B1_residual_momentum,2020-06-16,2021-06-16,28.775110969587537
B1_residual_momentum,2020-06-17,2021-06-17,25.10310184911322
B1_residual_momentum,2020-06-18,2021-06-18,23.306346389273735
B1_residual_momentum,2020-06-19,2021-06-21,24.55564782841615
B1_residual_momentum,2020-06-22,2021-06-22,24.65990770609492
B1_residual_momentum,2020-06-23,2021-06-23,25.120582824296058
B1_residual_momentum,2020-06-24,2021-06-24,28.42130192590413
B1_residual_momentum,2020-06-25,2021-06-25,27.386242785632597
B1_residual_momentum,2020-06-26,2021-06-28,29.516701482281626
B1_residual_momentum,2020-06-29,2021-06-29,29.13762036386325
B1_residual_momentum,2020-06-30,2021-06-30,26.837219315208436
B1_residual_momentum,2020-07-01,2021-07-01,27.126109430628187
B1_residual_momentum,2020-07-02,2021-07-02,26.09734514986448
B1_residual_momentum,2020-07-06,2021-07-06,22.09052351590426
B1_residual_momentum,2020-07-07,2021-07-07,22.353662687398156
B1_residual_momentum,2020-07-08,2021-07-08,19.184781604197987
B1_residual_momentum,2020-07-09,2021-07-09,21.192852743863245
B1_residual_momentum,2020-07-10,2021-07-12,23.230823088520623
B1_residual_momentum,2020-07-13,2021-07-13,25.072928727541722
B1_residual_momentum,2020-07-14,2021-07-14,21.615442406333727
B1_residual_momentum,2020-07-15,2021-07-15,20.93018723034259
B1_residual_momentum,2020-07-16,2021-07-16,19.405514431092573
B1_residual_momentum,2020-07-17,2021-07-19,15.565208226616178
B1_residual_momentum,2020-07-20,2021-07-20,16.768913169395884
B1_residual_momentum,2020-07-21,2021-07-21,19.476380827416804
B1_residual_momentum,2020-07-22,2021-07-22,17.875051929389496
B1_residual_momentum,2020-07-23,2021-07-23,20.401531723682396
B1_residual_momentum,2020-07-24,2021-07-26,21.19508727364776
B1_residual_momentum,2020-07-27,2021-07-27,18.89777491269653
B1_residual_momentum,2020-07-28,2021-07-28,20.46917345308725
B1_residual_momentum,2020-07-29,2021-07-29,19.851706047423278
B1_residual_momentum,2020-07-30,2021-07-30,19.17876412517092
B1_residual_momentum,2020-07-31,2021-08-02,17.23518947252407
B1_residual_momentum,2020-08-03,2021-08-03,16.7927573326897
B1_residual_momentum,2020-08-04,2021-08-04,14.285695289916589
B1_residual_momentum,2020-08-05,2021-08-05,15.525060040903327
B1_residual_momentum,2020-08-06,2021-08-06,16.37453847632717
B1_residual_momentum,2020-08-07,2021-08-09,18.06789865418974
B1_residual_momentum,2020-08-10,2021-08-10,21.69722979004012
B1_residual_momentum,2020-08-11,2021-08-11,25.58600726621332
B1_residual_momentum,2020-08-12,2021-08-12,22.786811124132633
B1_residual_momentum,2020-08-13,2021-08-13,21.268089921300515
B1_residual_momentum,2020-08-14,2021-08-16,20.99789857555965
B1_residual_momentum,2020-08-17,2021-08-17,15.961494606370486
B1_residual_momentum,2020-08-18,2021-08-18,14.605208990691931
B1_residual_momentum,2020-08-19,2021-08-19,13.350495436778687
B1_residual_momentum,2020-08-20,2021-08-20,12.856532462978532
B1_residual_momentum,2020-08-21,2021-08-23,14.606788665783888
B1_residual_momentum,2020-08-24,2021-08-24,15.627377734827164
B1_residual_momentum,2020-08-25,2021-08-25,15.541559302140296
B1_residual_momentum,2020-08-26,2021-08-26,13.167378187156542
B1_residual_momentum,2020-08-27,2021-08-27,16.018980966100504
B1_residual_momentum,2020-08-28,2021-08-30,14.931326597995787
B1_residual_momentum,2020-08-31,2021-08-31,12.740594194552003
B1_residual_momentum,2020-09-01,2021-09-01,12.048630887508072
B1_residual_momentum,2020-09-02,2021-09-02,10.673384133596574
B1_residual_momentum,2020-09-03,2021-09-03,17.246894745605033
B1_residual_momentum,2020-09-04,2021-09-07,18.8164141326181
B1_residual_momentum,2020-09-08,2021-09-08,22.360626418661987
B1_residual_momentum,2020-09-09,2021-09-09,18.678608973696797
B1_residual_momentum,2020-09-10,2021-09-10,20.451949753569608
B1_residual_momentum,2020-09-11,2021-09-13,19.93431877059266
B1_residual_momentum,2020-09-14,2021-09-14,17.676183254687537
B1_residual_momentum,2020-09-15,2021-09-15,17.813865084163737
B1_residual_momentum,2020-09-16,2021-09-16,19.82963262540094
B1_residual_momentum,2020-09-17,2021-09-17,19.649124613621094
B1_residual_momentum,2020-09-18,2021-09-20,18.316701072033048
B1_residual_momentum,2020-09-21,2021-09-21,17.396748492696034
B1_residual_momentum,2020-09-22,2021-09-22,17.02186463797597
B1_residual_momentum,2020-09-23,2021-09-23,22.08296596429569
B1_residual_momentum,2020-09-24,2021-09-24,20.45886792658187
B1_residual_momentum,2020-09-25,2021-09-27,16.840254453432845
B1_residual_momentum,2020-09-28,2021-09-28,12.463601948007529
B1_residual_momentum,2020-09-29,2021-09-29,12.10060881379138
B1_residual_momentum,2020-09-30,2021-09-30,9.266473100119343
B1_residual_momentum,2020-10-01,2021-10-01,7.959717168866365
B1_residual_momentum,2020-10-02,2021-10-04,9.109390315476528
B1_residual_momentum,2020-10-05,2021-10-05,7.314196489430214
B1_residual_momentum,2020-10-06,2021-10-06,8.45844377491689
B1_residual_momentum,2020-10-07,2021-10-07,6.957356913489532
B1_residual_momentum,2020-10-08,2021-10-08,5.935231215555348
B1_residual_momentum,2020-10-09,2021-10-11,3.9923761775480626
B1_residual_momentum,2020-10-12,2021-10-12,2.8120302255520757
B1_residual_momentum,2020-10-13,2021-10-13,2.8377432333068997
B1_residual_momentum,2020-10-14,2021-10-14,5.733837479235726
B1_residual_momentum,2020-10-15,2021-10-15,6.134450223626797
B1_residual_momentum,2020-10-16,2021-10-18,7.537560043055125
B1_residual_momentum,2020-10-19,2021-10-19,9.568245864252113
B1_residual_momentum,2020-10-20,2021-10-20,10.353153002323022
B1_residual_momentum,2020-10-21,2021-10-21,11.393006354512458
B1_residual_momentum,2020-10-22,2021-10-22,13.050463526357747
B1_residual_momentum,2020-10-23,2021-10-25,12.515353219676184
B1_residual_momentum,2020-10-26,2021-10-26,13.444604540378723
B1_residual_momentum,2020-10-27,2021-10-27,11.690185234433702
B1_residual_momentum,2020-10-28,2021-10-28,17.120564399685968
B1_residual_momentum,2020-10-29,2021-10-29,16.343698846226886
B1_residual_momentum,2020-10-30,2021-11-01,18.91476473717082
B1_residual_momentum,2020-11-02,2021-11-02,18.999394988730135
B1_residual_momentum,2020-11-03,2021-11-03,16.32859927216512
B1_residual_momentum,2020-11-04,2021-11-04,9.820060474113124
B1_residual_momentum,2020-11-05,2021-11-05,6.808510204972262
B1_residual_momentum,2020-11-06,2021-11-08,6.989832942989316
B1_residual_momentum,2020-11-09,2021-11-09,13.180675257262386
B1_residual_momentum,2020-11-10,2021-11-10,14.782344964241002
B1_residual_momentum,2020-11-11,2021-11-11,11.63270079646379
B1_residual_momentum,2020-11-12,2021-11-12,13.075699007310892
B1_residual_momentum,2020-11-13,2021-11-15,13.23477860548914
B1_residual_momentum,2020-11-16,2021-11-16,12.566028657136386
B1_residual_momentum,2020-11-17,2021-11-17,12.168997804144954
B1_residual_momentum,2020-11-18,2021-11-18,14.570889088454697
B1_residual_momentum,2020-11-19,2021-11-19,11.746334101211197
B1_residual_momentum,2020-11-20,2021-11-22,12.415615303430672
B1_residual_momentum,2020-11-23,2021-11-23,14.375615961825638
B1_residual_momentum,2020-11-24,2021-11-24,15.743338205558377
B1_residual_momentum,2020-11-25,2021-11-26,11.92919851863945
B1_residual_momentum,2020-11-27,2021-11-29,12.139330941187998
B1_residual_momentum,2020-11-30,2021-11-30,7.725068437931792
B1_residual_momentum,2020-12-01,2021-12-01,5.634099385426672
B1_residual_momentum,2020-12-02,2021-12-02,8.492357769929292
B1_residual_momentum,2020-12-03,2021-12-03,7.562980756121651
B1_residual_momentum,2020-12-04,2021-12-06,6.369447342331114
B1_residual_momentum,2020-12-07,2021-12-07,9.044901250493332
B1_residual_momentum,2020-12-08,2021-12-08,8.744801857970973
B1_residual_momentum,2020-12-09,2021-12-09,9.69827164420769
B1_residual_momentum,2020-12-10,2021-12-10,10.707457662886988
B1_residual_momentum,2020-12-11,2021-12-13,10.835141282406347
B1_residual_momentum,2020-12-14,2021-12-14,8.469563388596946
B1_residual_momentum,2020-12-15,2021-12-15,9.777786536364408
B1_residual_momentum,2020-12-16,2021-12-16,8.880671271355922
B1_residual_momentum,2020-12-17,2021-12-17,6.1491316997916545
B1_residual_momentum,2020-12-18,2021-12-20,3.9929876339933834
B1_residual_momentum,2020-12-21,2021-12-21,5.76217889516053
B1_residual_momentum,2020-12-22,2021-12-22,5.553810751714816
B1_residual_momentum,2020-12-23,2021-12-23,7.136796915119414
B1_residual_momentum,2020-12-24,2021-12-27,8.923732982131538
B1_residual_momentum,2020-12-28,2021-12-28,9.585347726884596
B1_residual_momentum,2020-12-29,2021-12-29,10.55295925933535
B1_residual_momentum,2020-12-30,2021-12-30,9.678929474857846
B1_residual_momentum,2020-12-31,2021-12-31,9.490538434216479
B1_residual_momentum,2020-12-31,2022-01-03,7.068183000566397
B1_residual_momentum,2021-01-04,2022-01-04,9.543187782677576
B1_residual_momentum,2021-01-05,2022-01-05,5.268955687458687
B1_residual_momentum,2021-01-06,2022-01-06,6.6377252153561495
B1_residual_momentum,2021-01-07,2022-01-07,1.9376536199620098
B1_residual_momentum,2021-01-08,2022-01-10,0.3911683798281995
B1_residual_momentum,2021-01-11,2022-01-11,1.4100703168705042
B1_residual_momentum,2021-01-12,2022-01-12,1.6029311624272902
B1_residual_momentum,2021-01-13,2022-01-13,0.16552169530097416
B1_residual_momentum,2021-01-14,2022-01-14,-0.11131281387251057
B1_residual_momentum,2021-01-15,2022-01-18,-0.9093729921573201
B1_residual_momentum,2021-01-19,2022-01-19,-4.151383228411687
B1_residual_momentum,2021-01-20,2022-01-20,-6.78650892284427
B1_residual_momentum,2021-01-21,2022-01-21,-8.351210446631352
B1_residual_momentum,2021-01-22,2022-01-24,-7.450018760842358
B1_residual_momentum,2021-01-25,2022-01-25,-8.475253442229125
B1_residual_momentum,2021-01-26,2022-01-26,-7.980612765471107
B1_residual_momentum,2021-01-27,2022-01-27,-4.9250321309460166
B1_residual_momentum,2021-01-28,2022-01-28,-4.285146504450099
B1_residual_momentum,2021-01-29,2022-01-31,-1.395471745636201
B1_residual_momentum,2021-02-01,2022-02-01,-3.043300290364026
B1_residual_momentum,2021-02-02,2022-02-02,-2.5790253903676508
B1_residual_momentum,2021-02-03,2022-02-03,-2.9727903108400566
B1_residual_momentum,2021-02-04,2022-02-04,-5.353537205666514
B1_residual_momentum,2021-02-05,2022-02-07,-6.6652654209616635
B1_residual_momentum,2021-02-08,2022-02-08,-7.50990303488428
B1_residual_momentum,2021-02-09,2022-02-09,-5.408684648945061
B1_residual_momentum,2021-02-10,2022-02-10,-7.077548129311529
B1_residual_momentum,2021-02-11,2022-02-11,-9.207654092800066
B1_residual_momentum,2021-02-12,2022-02-14,-11.389294295673679
B1_residual_momentum,2021-02-12,2022-02-15,-10.456063401617365
B1_residual_momentum,2021-02-16,2022-02-16,-10.215716629526261
B1_residual_momentum,2021-02-17,2022-02-17,-10.745623617488942
B1_residual_momentum,2021-02-18,2022-02-18,-9.818035357055665
B1_residual_momentum,2021-02-22,2022-02-22,-9.023469749624201
B1_residual_momentum,2021-02-23,2022-02-23,-9.795889373682943
B1_residual_momentum,2021-02-24,2022-02-24,-9.921282988323888
B1_residual_momentum,2021-02-25,2022-02-25,-3.7496319665225375
B1_residual_momentum,2021-02-26,2022-02-28,-5.230273845251821
B1_residual_momentum,2021-03-01,2022-03-01,-8.584746788842178
B1_residual_momentum,2021-03-02,2022-03-02,-6.190915885367643
B1_residual_momentum,2021-03-03,2022-03-03,-2.305895588718676
B1_residual_momentum,2021-03-04,2022-03-04,1.7976870181897864
B1_residual_momentum,2021-03-05,2022-03-07,0.9032827152208656
B1_residual_momentum,2021-03-08,2022-03-08,5.597561355786684
B1_residual_momentum,2021-03-09,2022-03-09,0.42241320097433643
B1_residual_momentum,2021-03-10,2022-03-10,0.4457108030972545
B1_residual_momentum,2021-03-11,2022-03-11,-3.2002671791059423
B1_residual_momentum,2021-03-12,2022-03-14,-2.5276815282412657
B1_residual_momentum,2021-03-15,2022-03-15,-3.8656540763402525
B1_residual_momentum,2021-03-16,2022-03-16,-2.914855544931416
B1_residual_momentum,2021-03-17,2022-03-17,-3.4125833112488846
B1_residual_momentum,2021-03-18,2022-03-18,-0.06914880895305675
B1_residual_momentum,2021-03-19,2022-03-21,-0.9696889820392518
B1_residual_momentum,2021-03-22,2022-03-22,-2.7497373514389967
B1_residual_momentum,2021-03-23,2022-03-23,-1.226003574178236
B1_residual_momentum,2021-03-24,2022-03-24,1.0761200451075759
B1_residual_momentum,2021-03-25,2022-03-25,1.0834040027303038
B1_residual_momentum,2021-03-26,2022-03-28,-2.1329971439962736
B1_residual_momentum,2021-03-29,2022-03-29,-0.8821891839718154
B1_residual_momentum,2021-03-30,2022-03-30,-1.6643662937485315
B1_residual_momentum,2021-03-31,2022-03-31,-4.086851933340007
B1_residual_momentum,2021-04-01,2022-04-01,-4.96131990202352
B1_residual_momentum,2021-04-01,2022-04-04,-5.158576262009628
B1_residual_momentum,2021-04-05,2022-04-05,-6.121875660646536
B1_residual_momentum,2021-04-06,2022-04-06,-5.593496215469685
B1_residual_momentum,2021-04-07,2022-04-07,-3.194175543576483
B1_residual_momentum,2021-04-08,2022-04-08,-3.9243453039403575
B1_residual_momentum,2021-04-09,2022-04-11,-6.073294295460752
B1_residual_momentum,2021-04-12,2022-04-12,-5.6193357150957635
B1_residual_momentum,2021-04-13,2022-04-13,-5.818019220626269
B1_residual_momentum,2021-04-14,2022-04-14,-5.738777212006452
B1_residual_momentum,2021-04-16,2022-04-18,-6.908627963051728
B1_residual_momentum,2021-04-19,2022-04-19,-4.774213147513862
B1_residual_momentum,2021-04-20,2022-04-20,-2.05067338697843
B1_residual_momentum,2021-04-21,2022-04-21,-5.647566329887221
B1_residual_momentum,2021-04-22,2022-04-22,-7.439156968069838
B1_residual_momentum,2021-04-23,2022-04-25,-9.69399495747787
B1_residual_momentum,2021-04-26,2022-04-26,-11.395548222286944
B1_residual_momentum,2021-04-27,2022-04-27,-11.52341921440544
B1_residual_momentum,2021-04-28,2022-04-28,-9.190518519397429
B1_residual_momentum,2021-04-29,2022-04-29,-12.743739173260282
B1_residual_momentum,2021-04-30,2022-05-02,-11.556727294081659
B1_residual_momentum,2021-05-03,2022-05-03,-12.045906578083843
B1_residual_momentum,2021-05-04,2022-05-04,-11.434996202742564
B1_residual_momentum,2021-05-05,2022-05-05,-12.705152477867365
B1_residual_momentum,2021-05-06,2022-05-06,-12.551720205898553
B1_residual_momentum,2021-05-07,2022-05-09,-14.394205887454204
B1_residual_momentum,2021-05-10,2022-05-10,-13.30188071199403
B1_residual_momentum,2021-05-11,2022-05-11,-12.332015989626676
B1_residual_momentum,2021-05-12,2022-05-12,-8.307144796655464
B1_residual_momentum,2021-05-13,2022-05-13,-9.334181952690578
B1_residual_momentum,2021-05-14,2022-05-16,-11.27135369121579
B1_residual_momentum,2021-05-17,2022-05-17,-11.468460664284075
B1_residual_momentum,2021-05-18,2022-05-18,-10.371544419010558
B1_residual_momentum,2021-05-19,2022-05-19,-9.162252917263691
B1_residual_momentum,2021-05-20,2022-05-20,-10.587361537821094
B1_residual_momentum,2021-05-21,2022-05-23,-10.883622896822754
B1_residual_momentum,2021-05-24,2022-05-24,-11.56389884132687
B1_residual_momentum,2021-05-25,2022-05-25,-11.449475860932544
B1_residual_momentum,2021-05-26,2022-05-26,-12.792825567652354
B1_residual_momentum,2021-05-27,2022-05-27,-14.248225575090146
B1_residual_momentum,2021-05-28,2022-05-31,-13.967327271887353
B1_residual_momentum,2021-06-01,2022-06-01,-14.180224895706473
B1_residual_momentum,2021-06-02,2022-06-02,-13.21637576720953
B1_residual_momentum,2021-06-03,2022-06-03,-12.881030028561247
B1_residual_momentum,2021-06-04,2022-06-06,-12.930814170141591
B1_residual_momentum,2021-06-07,2022-06-07,-12.921196090438425
B1_residual_momentum,2021-06-08,2022-06-08,-13.9460708541717
B1_residual_momentum,2021-06-09,2022-06-09,-12.498353283037556
B1_residual_momentum,2021-06-10,2022-06-10,-11.97166845596177
B1_residual_momentum,2021-06-11,2022-06-13,-12.867934274295179
B1_residual_momentum,2021-06-14,2022-06-14,-11.480880098293223
B1_residual_momentum,2021-06-15,2022-06-15,-11.685927888067372
B1_residual_momentum,2021-06-16,2022-06-16,-11.155416621365976
B1_residual_momentum,2021-06-17,2022-06-17,-9.16335171050392
B1_residual_momentum,2021-06-21,2022-06-21,-9.932094972209615
B1_residual_momentum,2021-06-22,2022-06-22,-10.244327320966251
B1_residual_momentum,2021-06-23,2022-06-23,-10.848268929046267
B1_residual_momentum,2021-06-24,2022-06-24,-11.49739169136641
B1_residual_momentum,2021-06-25,2022-06-27,-11.883685879961725
B1_residual_momentum,2021-06-28,2022-06-28,-11.703432224590049
B1_residual_momentum,2021-06-29,2022-06-29,-11.988790934992243
B1_residual_momentum,2021-06-30,2022-06-30,-12.501292456296953
B1_residual_momentum,2021-07-01,2022-07-01,-12.787590336529032
B1_residual_momentum,2021-07-02,2022-07-05,-12.731496076270544
B1_residual_momentum,2021-07-06,2022-07-06,-11.384360669456706
B1_residual_momentum,2021-07-07,2022-07-07,-11.631606545385775
B1_residual_momentum,2021-07-08,2022-07-08,-10.306700312137384
B1_residual_momentum,2021-07-09,2022-07-11,-12.722650323454532
B1_residual_momentum,2021-07-12,2022-07-12,-13.632806899182292
B1_residual_momentum,2021-07-13,2022-07-13,-12.518845079719975
B1_residual_momentum,2021-07-14,2022-07-14,-11.797741758052705
B1_residual_momentum,2021-07-15,2022-07-15,-11.675543537196543
B1_residual_momentum,2021-07-16,2022-07-18,-10.09825625856644
B1_residual_momentum,2021-07-19,2022-07-19,-8.346710221759345
B1_residual_momentum,2021-07-20,2022-07-20,-11.146282524494655
B1_residual_momentum,2021-07-21,2022-07-21,-12.482561436118655
B1_residual_momentum,2021-07-22,2022-07-22,-11.908628161776402
B1_residual_momentum,2021-07-23,2022-07-25,-12.454750466279318
B1_residual_momentum,2021-07-26,2022-07-26,-12.991419697500017
B1_residual_momentum,2021-07-27,2022-07-27,-12.565411375162084
B1_residual_momentum,2021-07-28,2022-07-28,-12.626912695740856
B1_residual_momentum,2021-07-29,2022-07-29,-13.959745713320636
B1_residual_momentum,2021-07-30,2022-08-01,-13.67747151078451
B1_residual_momentum,2021-08-02,2022-08-02,-12.752187230246136
B1_residual_momentum,2021-08-03,2022-08-03,-13.614678022069015
B1_residual_momentum,2021-08-04,2022-08-04,-12.352754558269474
B1_residual_momentum,2021-08-05,2022-08-05,-13.437111221007104
B1_residual_momentum,2021-08-06,2022-08-08,-14.459158170515906
B1_residual_momentum,2021-08-09,2022-08-09,-14.534756231244028
B1_residual_momentum,2021-08-10,2022-08-10,-15.8146176959436
B1_residual_momentum,2021-08-11,2022-08-11,-16.682153503002738
B1_residual_momentum,2021-08-12,2022-08-12,-16.84020464896152
B1_residual_momentum,2021-08-13,2022-08-15,-16.118098292602067
B1_residual_momentum,2021-08-16,2022-08-16,-15.779229779933113
B1_residual_momentum,2021-08-17,2022-08-17,-13.787494913893084
B1_residual_momentum,2021-08-18,2022-08-18,-12.945273937482437
B1_residual_momentum,2021-08-19,2022-08-19,-11.583487485243815
B1_residual_momentum,2021-08-20,2022-08-22,-12.176434957211802
B1_residual_momentum,2021-08-23,2022-08-23,-13.471575031406758
B1_residual_momentum,2021-08-24,2022-08-24,-14.282682870721587
B1_residual_momentum,2021-08-25,2022-08-25,-14.969133099721255
B1_residual_momentum,2021-08-26,2022-08-26,-14.14374775879974
B1_residual_momentum,2021-08-27,2022-08-29,-15.703396854569519
B1_residual_momentum,2021-08-30,2022-08-30,-14.991697711386998
B1_residual_momentum,2021-08-31,2022-08-31,-14.693564434628447
B1_residual_momentum,2021-09-01,2022-09-01,-14.59098765368898
B1_residual_momentum,2021-09-02,2022-09-02,-15.09930211182926
B1_residual_momentum,2021-09-03,2022-09-06,-15.193878238871516
B1_residual_momentum,2021-09-07,2022-09-07,-14.722365161083017
B1_residual_momentum,2021-09-08,2022-09-08,-14.44702096641084
B1_residual_momentum,2021-09-09,2022-09-09,-14.650232483832914
B1_residual_momentum,2021-09-10,2022-09-12,-14.208414985065899
B1_residual_momentum,2021-09-13,2022-09-13,-13.227009618943553
B1_residual_momentum,2021-09-14,2022-09-14,-12.929288830656539
B1_residual_momentum,2021-09-15,2022-09-15,-13.895231167668465
B1_residual_momentum,2021-09-16,2022-09-16,-13.778147408671703
B1_residual_momentum,2021-09-17,2022-09-19,-12.91476484587134
B1_residual_momentum,2021-09-20,2022-09-20,-11.040470772683008
B1_residual_momentum,2021-09-21,2022-09-21,-11.005504956373557
B1_residual_momentum,2021-09-22,2022-09-22,-12.028342642003631
B1_residual_momentum,2021-09-23,2022-09-23,-13.574751838824007
B1_residual_momentum,2021-09-24,2022-09-26,-12.883534806471486
B1_residual_momentum,2021-09-27,2022-09-27,-11.896255428495717
B1_residual_momentum,2021-09-28,2022-09-28,-9.82537952811885
B1_residual_momentum,2021-09-29,2022-09-29,-9.776751299195885
B1_residual_momentum,2021-09-30,2022-09-30,-7.8075954377104795
B1_residual_momentum,2021-10-01,2022-10-03,-7.831474378334624
B1_residual_momentum,2021-10-04,2022-10-04,-6.646212028720877
B1_residual_momentum,2021-10-05,2022-10-05,-7.5923201322203315
B1_residual_momentum,2021-10-06,2022-10-06,-7.049655243031894
B1_residual_momentum,2021-10-07,2022-10-07,-7.8830935397363415
B1_residual_momentum,2021-10-08,2022-10-10,-7.081021309915359
B1_residual_momentum,2021-10-11,2022-10-11,-6.491042978358519
B1_residual_momentum,2021-10-12,2022-10-12,-7.107361467881789
B1_residual_momentum,2021-10-13,2022-10-13,-7.671708511614018
B1_residual_momentum,2021-10-14,2022-10-14,-9.410948530074737
B1_residual_momentum,2021-10-15,2022-10-17,-9.553167202283852
B1_residual_momentum,2021-10-18,2022-10-18,-10.53035361594491
B1_residual_momentum,2021-10-19,2022-10-19,-10.741172412872968
B1_residual_momentum,2021-10-20,2022-10-20,-11.369789108997608
B1_residual_momentum,2021-10-21,2022-10-21,-11.53632020587998
B1_residual_momentum,2021-10-22,2022-10-24,-11.80321194241044
B1_residual_momentum,2021-10-25,2022-10-25,-12.402776406835647
B1_residual_momentum,2021-10-26,2022-10-26,-12.121076952307853
B1_residual_momentum,2021-10-27,2022-10-27,-10.457660198981444
B1_residual_momentum,2021-10-28,2022-10-28,-11.950690850905598
B1_residual_momentum,2021-10-29,2022-10-31,-12.363765641927571
B1_residual_momentum,2021-11-01,2022-11-01,-12.165944361368764
B1_residual_momentum,2021-11-02,2022-11-02,-12.694562746405591
B1_residual_momentum,2021-11-03,2022-11-03,-12.310069180425899
B1_residual_momentum,2021-11-04,2022-11-04,-11.169026913641765
B1_residual_momentum,2021-11-05,2022-11-07,-11.214917804303647
B1_residual_momentum,2021-11-08,2022-11-08,-11.869634149903273
B1_residual_momentum,2021-11-09,2022-11-09,-11.896385566309064
B1_residual_momentum,2021-11-10,2022-11-10,-10.830524916542416
B1_residual_momentum,2021-11-11,2022-11-11,-11.352069568814526
B1_residual_momentum,2021-11-12,2022-11-14,-11.72355005654866
B1_residual_momentum,2021-11-15,2022-11-15,-12.088907416033202
B1_residual_momentum,2021-11-16,2022-11-16,-11.876882748626405
B1_residual_momentum,2021-11-17,2022-11-17,-11.189363196213197
B1_residual_momentum,2021-11-18,2022-11-18,-11.722505757597368
B1_residual_momentum,2021-11-19,2022-11-21,-10.503521630941759
B1_residual_momentum,2021-11-22,2022-11-22,-10.815138038891114
B1_residual_momentum,2021-11-23,2022-11-23,-12.042139100922011
B1_residual_momentum,2021-11-24,2022-11-25,-12.79612182235076
B1_residual_momentum,2021-11-26,2022-11-28,-10.741189104789918
B1_residual_momentum,2021-11-29,2022-11-29,-12.23483835387471
B1_residual_momentum,2021-11-30,2022-11-30,-9.58857716674788
B1_residual_momentum,2021-12-01,2022-12-01,-9.065466759902085
B1_residual_momentum,2021-12-02,2022-12-02,-10.373602058838582
B1_residual_momentum,2021-12-03,2022-12-05,-11.157749557678297
B1_residual_momentum,2021-12-06,2022-12-06,-11.634873951450853
B1_residual_momentum,2021-12-07,2022-12-07,-13.971802713087744
B1_residual_momentum,2021-12-08,2022-12-08,-14.196542073650098
B1_residual_momentum,2021-12-09,2022-12-09,-14.394857694373409
B1_residual_momentum,2021-12-10,2022-12-12,-14.744247658673547
B1_residual_momentum,2021-12-13,2022-12-13,-15.391147349923784
B1_residual_momentum,2021-12-14,2022-12-14,-14.360854942304469
B1_residual_momentum,2021-12-15,2022-12-15,-17.52876249541131
B1_residual_momentum,2021-12-16,2022-12-16,-17.933013351606753
B1_residual_momentum,2021-12-17,2022-12-19,-17.212015913763643
B1_residual_momentum,2021-12-20,2022-12-20,-15.549546684440385
B1_residual_momentum,2021-12-21,2022-12-21,-15.30321866077944
B1_residual_momentum,2021-12-22,2022-12-22,-16.937371963039126
B1_residual_momentum,2021-12-23,2022-12-23,-16.27946019814526
B1_residual_momentum,2021-12-27,2022-12-27,-17.677800096841512
B1_residual_momentum,2021-12-28,2022-12-28,-18.70229486398508
B1_residual_momentum,2021-12-29,2022-12-29,-18.825837886892096
B1_residual_momentum,2021-12-30,2022-12-30,-18.66555788701323
B1_residual_momentum,2022-01-03,2023-01-03,-17.411715338484957
B1_residual_momentum,2022-01-04,2023-01-04,-18.060223533547514
B1_residual_momentum,2022-01-05,2023-01-05,-15.821212029125142
B1_residual_momentum,2022-01-06,2023-01-06,-16.27219573220673
B1_residual_momentum,2022-01-07,2023-01-09,-14.873208885965772
B1_residual_momentum,2022-01-10,2023-01-10,-14.785911343528946
B1_residual_momentum,2022-01-11,2023-01-11,-15.053950283860296
B1_residual_momentum,2022-01-12,2023-01-12,-15.530752053795505
B1_residual_momentum,2022-01-13,2023-01-13,-14.304077377633472
B1_residual_momentum,2022-01-14,2023-01-17,-13.706750875273677
B1_residual_momentum,2022-01-18,2023-01-18,-12.126422087648702
B1_residual_momentum,2022-01-19,2023-01-19,-10.559909613045093
B1_residual_momentum,2022-01-20,2023-01-20,-9.128577218338641
B1_residual_momentum,2022-01-21,2023-01-23,-7.639427435917801
B1_residual_momentum,2022-01-24,2023-01-24,-8.466956662830361
B1_residual_momentum,2022-01-25,2023-01-25,-7.559909227343953
B1_residual_momentum,2022-01-26,2023-01-26,-7.034998454392316
B1_residual_momentum,2022-01-27,2023-01-27,-6.2540320369199875
B1_residual_momentum,2022-01-28,2023-01-30,-8.568556440256515
B1_residual_momentum,2022-01-31,2023-01-31,-10.06780708440459
B1_residual_momentum,2022-02-01,2023-02-01,-10.515221282006104
B1_residual_momentum,2022-02-02,2023-02-02,-14.175010669234778
B1_residual_momentum,2022-02-03,2023-02-03,-13.535903598652677
B1_residual_momentum,2022-02-04,2023-02-06,-13.307836383568217
B1_residual_momentum,2022-02-07,2023-02-07,-11.55999705856534
B1_residual_momentum,2022-02-08,2023-02-08,-12.283559389126808
B1_residual_momentum,2022-02-09,2023-02-09,-14.61108924514799
B1_residual_momentum,2022-02-10,2023-02-10,-11.694469260922025
B1_residual_momentum,2022-02-11,2023-02-13,-9.641120707753847
B1_residual_momentum,2022-02-14,2023-02-14,-8.938579849443439
B1_residual_momentum,2022-02-15,2023-02-15,-9.274734016672381
B1_residual_momentum,2022-02-16,2023-02-16,-10.325270948292797
B1_residual_momentum,2022-02-17,2023-02-17,-8.742821688132018
B1_residual_momentum,2022-02-18,2023-02-21,-10.159961372944547
B1_residual_momentum,2022-02-22,2023-02-22,-9.23073784762084
B1_residual_momentum,2022-02-23,2023-02-23,-7.191841402921495
B1_residual_momentum,2022-02-24,2023-02-24,-9.125389639199321
B1_residual_momentum,2022-02-25,2023-02-27,-11.527379390269775
B1_residual_momentum,2022-02-28,2023-02-28,-11.63738468866521
B1_residual_momentum,2022-03-01,2023-03-01,-10.616053468864218
B1_residual_momentum,2022-03-02,2023-03-02,-10.321227059469141
B1_residual_momentum,2022-03-03,2023-03-03,-9.045581171758476
B1_residual_momentum,2022-03-04,2023-03-06,-9.131003196831845
B1_residual_momentum,2022-03-07,2023-03-07,-10.260393303877635
B1_residual_momentum,2022-03-08,2023-03-08,-10.601600226335384
B1_residual_momentum,2022-03-09,2023-03-09,-12.07466762689673
B1_residual_momentum,2022-03-10,2023-03-10,-13.466146735923646
B1_residual_momentum,2022-03-11,2023-03-13,-14.724251888951944
B1_residual_momentum,2022-03-14,2023-03-14,-13.580797468724237
B1_residual_momentum,2022-03-15,2023-03-15,-15.7644082728012
B1_residual_momentum,2022-03-16,2023-03-16,-14.613784593528024
B1_residual_momentum,2022-03-17,2023-03-17,-16.32675972271168
B1_residual_momentum,2022-03-18,2023-03-20,-14.650439450981034
B1_residual_momentum,2022-03-21,2023-03-21,-13.559301856302353
B1_residual_momentum,2022-03-22,2023-03-22,-15.143770489644748
B1_residual_momentum,2022-03-23,2023-03-23,-15.935327698742086
B1_residual_momentum,2022-03-24,2023-03-24,-15.4338152759823
B1_residual_momentum,2022-03-25,2023-03-27,-14.536624293779155
B1_residual_momentum,2022-03-28,2023-03-28,-14.041085525896612
B1_residual_momentum,2022-03-29,2023-03-29,-13.126265481910648
B1_residual_momentum,2022-03-30,2023-03-30,-12.669533109271569
B1_residual_momentum,2022-03-31,2023-03-31,-11.509270341932531
B1_residual_momentum,2022-04-01,2023-04-03,-11.690439897706417
B1_residual_momentum,2022-04-04,2023-04-04,-14.339057021002189
B1_residual_momentum,2022-04-05,2023-04-05,-14.80211392775762
B1_residual_momentum,2022-04-06,2023-04-06,-16.006764507671424
B1_residual_momentum,2022-04-08,2023-04-10,-16.605708836391454
B1_residual_momentum,2022-04-11,2023-04-11,-14.460044585495757
B1_residual_momentum,2022-04-12,2023-04-12,-14.518083571452022
B1_residual_momentum,2022-04-13,2023-04-13,-14.7584410202532
B1_residual_momentum,2022-04-14,2023-04-14,-14.560027841245182
B1_residual_momentum,2022-04-14,2023-04-17,-13.844069416612093
B1_residual_momentum,2022-04-18,2023-04-18,-13.438217595685408
B1_residual_momentum,2022-04-19,2023-04-19,-14.860673754237663
B1_residual_momentum,2022-04-20,2023-04-20,-15.457661115625076
B1_residual_momentum,2022-04-21,2023-04-21,-13.828789136265362
B1_residual_momentum,2022-04-22,2023-04-24,-10.975113117592517
B1_residual_momentum,2022-04-25,2023-04-25,-11.356945937500063
B1_residual_momentum,2022-04-26,2023-04-26,-11.486158560132065
B1_residual_momentum,2022-04-27,2023-04-27,-10.110836936821876
B1_residual_momentum,2022-04-28,2023-04-28,-11.499232071375298
B1_residual_momentum,2022-04-29,2023-05-01,-7.235976989135073
B1_residual_momentum,2022-05-02,2023-05-02,-8.321255413633544
B1_residual_momentum,2022-05-03,2023-05-03,-9.613066790241465
B1_residual_momentum,2022-05-04,2023-05-04,-11.111602097369111
B1_residual_momentum,2022-05-05,2023-05-05,-9.381101624078314
B1_residual_momentum,2022-05-06,2023-05-08,-9.209125168688848
B1_residual_momentum,2022-05-09,2023-05-09,-9.094832343915837
B1_residual_momentum,2022-05-10,2023-05-10,-8.875250458151962
B1_residual_momentum,2022-05-11,2023-05-11,-8.811238239941567
B1_residual_momentum,2022-05-12,2023-05-12,-7.502771123349461
B1_residual_momentum,2022-05-13,2023-05-15,-7.576077017071148
B1_residual_momentum,2022-05-16,2023-05-16,-8.771020640892157
B1_residual_momentum,2022-05-17,2023-05-17,-7.9535994585527625
B1_residual_momentum,2022-05-18,2023-05-18,-6.257215139845118
B1_residual_momentum,2022-05-19,2023-05-19,-6.531692490894924
B1_residual_momentum,2022-05-20,2023-05-22,-6.853496081225796
B1_residual_momentum,2022-05-23,2023-05-23,-8.592304873895218
B1_residual_momentum,2022-05-24,2023-05-24,-9.15169745781811
B1_residual_momentum,2022-05-25,2023-05-25,-8.111454333437685
B1_residual_momentum,2022-05-26,2023-05-26,-7.023489381025971
B1_residual_momentum,2022-05-27,2023-05-30,-6.965440592120419
B1_residual_momentum,2022-05-31,2023-05-31,-8.053826835980193
B1_residual_momentum,2022-06-01,2023-06-01,-7.2598010932702906
B1_residual_momentum,2022-06-02,2023-06-02,-5.999578767089964
B1_residual_momentum,2022-06-03,2023-06-05,-6.174823674354368
B1_residual_momentum,2022-06-06,2023-06-06,-6.529730562768843
B1_residual_momentum,2022-06-07,2023-06-07,-6.989866881700113
B1_residual_momentum,2022-06-08,2023-06-08,-6.2809065754438675
B1_residual_momentum,2022-06-09,2023-06-09,-6.104926130392596
B1_residual_momentum,2022-06-10,2023-06-12,-5.287375229506475
B1_residual_momentum,2022-06-13,2023-06-13,-4.7047719837313595
B1_residual_momentum,2022-06-14,2023-06-14,-4.77958768448099
B1_residual_momentum,2022-06-15,2023-06-15,-4.045629135699114
B1_residual_momentum,2022-06-16,2023-06-16,-4.17383846072018
B1_residual_momentum,2022-06-17,2023-06-20,-4.720351857426108
B1_residual_momentum,2022-06-21,2023-06-21,-4.523292899058163
B1_residual_momentum,2022-06-22,2023-06-22,-4.329006538981773
B1_residual_momentum,2022-06-23,2023-06-23,-5.263668902410778
B1_residual_momentum,2022-06-24,2023-06-26,-5.201399563897702
B1_residual_momentum,2022-06-27,2023-06-27,-4.227033039838767
B1_residual_momentum,2022-06-28,2023-06-28,-4.32137331785758
B1_residual_momentum,2022-06-29,2023-06-29,-3.5950359803569754
B1_residual_momentum,2022-06-30,2023-06-30,-2.317865722591561
B1_residual_momentum,2022-07-01,2023-07-03,-2.847818304641192
B1_residual_momentum,2022-07-05,2023-07-05,-3.244668993354871
B1_residual_momentum,2022-07-06,2023-07-06,-4.462719872993281
B1_residual_momentum,2022-07-07,2023-07-07,-4.331163640739788
B1_residual_momentum,2022-07-08,2023-07-10,-3.1742729560232386
B1_residual_momentum,2022-07-11,2023-07-11,-2.603630574187066
B1_residual_momentum,2022-07-12,2023-07-12,-1.7034382841410456
B1_residual_momentum,2022-07-13,2023-07-13,-1.116654276466833
B1_residual_momentum,2022-07-14,2023-07-14,-0.9674225915012769
B1_residual_momentum,2022-07-15,2023-07-17,0.22016732368794756
B1_residual_momentum,2022-07-18,2023-07-18,0.3778509350046422
B1_residual_momentum,2022-07-19,2023-07-19,-0.5872049131902979
B1_residual_momentum,2022-07-20,2023-07-20,-1.533086585924659
B1_residual_momentum,2022-07-21,2023-07-21,-1.9881839177964378
B1_residual_momentum,2022-07-22,2023-07-24,-2.2352871441802313
B1_residual_momentum,2022-07-25,2023-07-25,-1.376348905280489
B1_residual_momentum,2022-07-26,2023-07-26,-2.1875256014943556
B1_residual_momentum,2022-07-27,2023-07-27,-2.7593876456047495
B1_residual_momentum,2022-07-28,2023-07-28,-2.4917871299518946
B1_residual_momentum,2022-07-29,2023-07-31,-1.939340916047294
B1_residual_momentum,2022-08-01,2023-08-01,-2.298504168776927
B1_residual_momentum,2022-08-02,2023-08-02,-3.5753510649704334
B1_residual_momentum,2022-08-03,2023-08-03,-3.753489748259231
B1_residual_momentum,2022-08-04,2023-08-04,-4.120805792530202
B1_residual_momentum,2022-08-05,2023-08-07,-2.6890850786312925
B1_residual_momentum,2022-08-08,2023-08-08,-3.6115442874562476
B1_residual_momentum,2022-08-09,2023-08-09,-3.7205092407941343
B1_residual_momentum,2022-08-10,2023-08-10,-3.7920397114049598
B1_residual_momentum,2022-08-11,2023-08-11,-3.9263462873580957
B1_residual_momentum,2022-08-12,2023-08-14,-3.07243118670385
B1_residual_momentum,2022-08-15,2023-08-15,-3.962421224636925
B1_residual_momentum,2022-08-16,2023-08-16,-4.6867825704609345
B1_residual_momentum,2022-08-17,2023-08-17,-6.484978221285209
B1_residual_momentum,2022-08-18,2023-08-18,-5.83750004626803
B1_residual_momentum,2022-08-19,2023-08-21,-5.373560692315338
B1_residual_momentum,2022-08-22,2023-08-22,-5.545888779487607
B1_residual_momentum,2022-08-23,2023-08-23,-4.342610656441992
B1_residual_momentum,2022-08-24,2023-08-24,-5.831254153440502
B1_residual_momentum,2022-08-25,2023-08-25,-5.3146194400866875
B1_residual_momentum,2022-08-26,2023-08-28,-4.704585544654205
B1_residual_momentum,2022-08-29,2023-08-29,-3.377267603105649
B1_residual_momentum,2022-08-30,2023-08-30,-2.8257598807223117
B1_residual_momentum,2022-08-31,2023-08-31,-2.813005195609697
B1_residual_momentum,2022-09-01,2023-09-01,-2.6680547417891054
B1_residual_momentum,2022-09-02,2023-09-05,-4.109686129134394
B1_residual_momentum,2022-09-06,2023-09-06,-3.8289089774690033
B1_residual_momentum,2022-09-07,2023-09-07,-3.6979348561943515
B1_residual_momentum,2022-09-08,2023-09-08,-3.5868838108866097
B1_residual_momentum,2022-09-09,2023-09-11,-2.9562122076057795
B1_residual_momentum,2022-09-12,2023-09-12,-4.673542857883961
B1_residual_momentum,2022-09-13,2023-09-13,-5.668259907081518
B1_residual_momentum,2022-09-14,2023-09-14,-4.520425184946298
B1_residual_momentum,2022-09-15,2023-09-15,-6.023738376429055
B1_residual_momentum,2022-09-16,2023-09-18,-5.748239036435232
B1_residual_momentum,2022-09-19,2023-09-19,-5.7900843566948135
B1_residual_momentum,2022-09-20,2023-09-20,-6.641525177734142
B1_residual_momentum,2022-09-21,2023-09-21,-8.78909788417519
B1_residual_momentum,2022-09-22,2023-09-22,-8.629123580217202
B1_residual_momentum,2022-09-23,2023-09-25,-8.38966212644856
B1_residual_momentum,2022-09-26,2023-09-26,-9.541552619032334
B1_residual_momentum,2022-09-27,2023-09-27,-9.06261659811528
B1_residual_momentum,2022-09-28,2023-09-28,-8.016943112687846
B1_residual_momentum,2022-09-29,2023-09-29,-8.852766278226042
B1_residual_momentum,2022-09-30,2023-10-02,-9.497727233310016
B1_residual_momentum,2022-10-03,2023-10-03,-11.055666354532567
B1_residual_momentum,2022-10-04,2023-10-04,-10.033840382166925
B1_residual_momentum,2022-10-05,2023-10-05,-10.0950671779356
B1_residual_momentum,2022-10-06,2023-10-06,-8.571104252534967
B1_residual_momentum,2022-10-07,2023-10-09,-8.130182790845398
B1_residual_momentum,2022-10-10,2023-10-10,-7.54675223666148
B1_residual_momentum,2022-10-11,2023-10-11,-6.362210800577095
B1_residual_momentum,2022-10-12,2023-10-12,-6.9117073893739445
B1_residual_momentum,2022-10-13,2023-10-13,-8.460433911618804
B1_residual_momentum,2022-10-14,2023-10-16,-7.497681053008476
B1_residual_momentum,2022-10-17,2023-10-17,-7.347503797113619
B1_residual_momentum,2022-10-18,2023-10-18,-9.422652662820719
B1_residual_momentum,2022-10-19,2023-10-19,-10.681874867924822
B1_residual_momentum,2022-10-20,2023-10-20,-12.088331963746246
B1_residual_momentum,2022-10-21,2023-10-23,-11.793663053153914
B1_residual_momentum,2022-10-24,2023-10-24,-10.405637254429156
B1_residual_momentum,2022-10-25,2023-10-25,-11.899436271407826
B1_residual_momentum,2022-10-26,2023-10-26,-12.831651297437585
B1_residual_momentum,2022-10-27,2023-10-27,-13.340073218352755
B1_residual_momentum,2022-10-28,2023-10-30,-12.186417735757116
B1_residual_momentum,2022-10-31,2023-10-31,-11.723287391502534
B1_residual_momentum,2022-11-01,2023-11-01,-11.589945527497624
B1_residual_momentum,2022-11-02,2023-11-02,-11.589945527497624
B1_residual_momentum,2022-11-03,2023-11-03,-11.589945527497624
B1_residual_momentum,2022-11-04,2023-11-06,-11.589945527497624
B1_residual_momentum,2022-11-07,2023-11-07,-11.589945527497624
B1_residual_momentum,2022-11-08,2023-11-08,-11.589945527497624
B1_residual_momentum,2022-11-09,2023-11-09,-11.589945527497624
B1_residual_momentum,2022-11-10,2023-11-10,-11.589945527497624
B1_residual_momentum,2022-11-11,2023-11-13,-11.589945527497624
B1_residual_momentum,2022-11-14,2023-11-14,-11.589945527497624
B1_residual_momentum,2022-11-15,2023-11-15,-11.589945527497624
B1_residual_momentum,2022-11-16,2023-11-16,-11.589945527497624
B1_residual_momentum,2022-11-17,2023-11-17,-11.589945527497624
B1_residual_momentum,2022-11-18,2023-11-20,-11.589945527497624
B1_residual_momentum,2022-11-21,2023-11-21,-11.589945527497624
B1_residual_momentum,2022-11-22,2023-11-22,-11.589945527497624
B1_residual_momentum,2022-11-23,2023-11-24,-11.589945527497624
B1_residual_momentum,2022-11-25,2023-11-27,-11.589945527497624
B1_residual_momentum,2022-11-28,2023-11-28,-11.589945527497624
B1_residual_momentum,2022-11-29,2023-11-29,-11.589945527497624
B1_residual_momentum,2022-11-30,2023-11-30,-11.589945527497624
B1_residual_momentum,2022-12-01,2023-12-01,-10.41974575394493
B1_residual_momentum,2022-12-02,2023-12-04,-11.759466544702246
B1_residual_momentum,2022-12-05,2023-12-05,-10.149585441488806
B1_residual_momentum,2022-12-06,2023-12-06,-10.117445858053975
B1_residual_momentum,2022-12-07,2023-12-07,-9.676745340875748
B1_residual_momentum,2022-12-08,2023-12-08,-8.578101112324743
B1_residual_momentum,2022-12-09,2023-12-11,-6.013667467945272
B1_residual_momentum,2022-12-12,2023-12-12,-5.991944326420374
B1_residual_momentum,2022-12-13,2023-12-13,-5.031305785048712
B1_residual_momentum,2022-12-14,2023-12-14,-6.606119057099614
B1_residual_momentum,2022-12-15,2023-12-15,-5.056932241468903
B1_residual_momentum,2022-12-16,2023-12-18,-3.6808805562385305
B1_residual_momentum,2022-12-19,2023-12-19,-2.999379433356031
B1_residual_momentum,2022-12-20,2023-12-20,-5.366428806038293
B1_residual_momentum,2022-12-21,2023-12-21,-5.508019391418428
B1_residual_momentum,2022-12-22,2023-12-22,-4.832242859401825
B1_residual_momentum,2022-12-23,2023-12-26,-5.4595540919856855
B1_residual_momentum,2022-12-27,2023-12-27,-5.498792496324989
B1_residual_momentum,2022-12-28,2023-12-28,-4.15730017789715
B1_residual_momentum,2022-12-29,2023-12-29,-4.661620339742411
B1_residual_momentum,2022-12-30,2024-01-02,-6.690205740595124
B1_residual_momentum,2023-01-03,2024-01-03,-7.252501693534175
B1_residual_momentum,2023-01-04,2024-01-04,-7.513208197240095
B1_residual_momentum,2023-01-05,2024-01-05,-7.139092059002428
B1_residual_momentum,2023-01-06,2024-01-08,-4.817978467491457
B1_residual_momentum,2023-01-09,2024-01-09,-4.349248637488101
B1_residual_momentum,2023-01-10,2024-01-10,-2.741068531622348
B1_residual_momentum,2023-01-11,2024-01-11,-1.946168947907112
B1_residual_momentum,2023-01-12,2024-01-12,-1.7135205696119926
B1_residual_momentum,2023-01-13,2024-01-16,-1.2871625842813095
B1_residual_momentum,2023-01-17,2024-01-17,-1.4091081320475984
B1_residual_momentum,2023-01-18,2024-01-18,-0.39393674555756597
B1_residual_momentum,2023-01-19,2024-01-19,1.3104603476392862
B1_residual_momentum,2023-01-20,2024-01-22,2.2288565697117457
B1_residual_momentum,2023-01-23,2024-01-23,1.6080542644870244
B1_residual_momentum,2023-01-24,2024-01-24,1.5955732887137586
B1_residual_momentum,2023-01-25,2024-01-25,2.3483982673308645
B1_residual_momentum,2023-01-26,2024-01-26,1.6775256359363055
B1_residual_momentum,2023-01-27,2024-01-29,3.39978439642048
B1_residual_momentum,2023-01-30,2024-01-30,3.414843605575979
B1_residual_momentum,2023-01-31,2024-01-31,2.044893506911394
B1_residual_momentum,2023-02-01,2024-02-01,3.7488678173102086
B1_residual_momentum,2023-02-02,2024-02-02,7.244544494356031
B1_residual_momentum,2023-02-03,2024-02-05,7.713183079667418
B1_residual_momentum,2023-02-06,2024-02-06,7.777105007094143
B1_residual_momentum,2023-02-07,2024-02-07,7.969682786094134
B1_residual_momentum,2023-02-08,2024-02-08,8.680744826298238
B1_residual_momentum,2023-02-09,2024-02-09,9.834650720068105
B1_residual_momentum,2023-02-10,2024-02-12,7.99932166077888
B1_residual_momentum,2023-02-13,2024-02-13,6.335853115767809
B1_residual_momentum,2023-02-14,2024-02-14,8.753667304921642
B1_residual_momentum,2023-02-15,2024-02-15,8.64475520127681
B1_residual_momentum,2023-02-16,2024-02-16,9.006382803181978
B1_residual_momentum,2023-02-17,2024-02-20,8.058703958729563
B1_residual_momentum,2023-02-21,2024-02-21,8.117438890159058
B1_residual_momentum,2023-02-22,2024-02-22,11.716747438582198
B1_residual_momentum,2023-02-23,2024-02-23,11.5670267461476
B1_residual_momentum,2023-02-24,2024-02-26,12.740086969435671
B1_residual_momentum,2023-02-27,2024-02-27,12.46463168198737
B1_residual_momentum,2023-02-28,2024-02-28,13.060831956210638
B1_residual_momentum,2023-03-01,2024-02-29,12.161570895873819
B1_residual_momentum,2023-03-02,2024-03-01,13.354396848942196
B1_residual_momentum,2023-03-03,2024-03-04,12.651684846191348
B1_residual_momentum,2023-03-06,2024-03-05,11.536020466961272
B1_residual_momentum,2023-03-07,2024-03-06,13.675019498918717
B1_residual_momentum,2023-03-08,2024-03-07,15.846754241578376
B1_residual_momentum,2023-03-09,2024-03-08,16.01717827726732
B1_residual_momentum,2023-03-10,2024-03-11,16.597584216846116
B1_residual_momentum,2023-03-13,2024-03-12,20.54585165606062
B1_residual_momentum,2023-03-14,2024-03-13,18.233061088116887
B1_residual_momentum,2023-03-15,2024-03-14,20.5879031453313
B1_residual_momentum,2023-03-16,2024-03-15,17.988567832137537
B1_residual_momentum,2023-03-17,2024-03-18,21.26810032227762
B1_residual_momentum,2023-03-20,2024-03-19,19.967093241801237
B1_residual_momentum,2023-03-21,2024-03-20,19.45609711170091
B1_residual_momentum,2023-03-22,2024-03-21,22.552569769481458
B1_residual_momentum,2023-03-23,2024-03-22,23.4698469492322
B1_residual_momentum,2023-03-24,2024-03-25,22.41522713622306
B1_residual_momentum,2023-03-27,2024-03-26,20.68009609118837
B1_residual_momentum,2023-03-28,2024-03-27,20.470548121269736
B1_residual_momentum,2023-03-29,2024-03-28,19.21097080124938
B1_residual_momentum,2023-03-31,2024-04-01,16.782350851489603
B1_residual_momentum,2023-04-03,2024-04-02,15.826518753416963
B1_residual_momentum,2023-04-04,2024-04-03,20.581059347738375
B1_residual_momentum,2023-04-05,2024-04-04,19.869822422436734
B1_residual_momentum,2023-04-06,2024-04-05,21.7573628822902
B1_residual_momentum,2023-04-06,2024-04-08,21.43758974192618
B1_residual_momentum,2023-04-10,2024-04-09,18.358469081997654
B1_residual_momentum,2023-04-11,2024-04-10,17.372060777882716
B1_residual_momentum,2023-04-12,2024-04-11,16.83911822564308
B1_residual_momentum,2023-04-13,2024-04-12,15.661139896222354
B1_residual_momentum,2023-04-14,2024-04-15,14.657404918607032
B1_residual_momentum,2023-04-17,2024-04-16,14.740862541327138
B1_residual_momentum,2023-04-18,2024-04-17,13.66517171338164
B1_residual_momentum,2023-04-19,2024-04-18,14.018686262431256
B1_residual_momentum,2023-04-20,2024-04-19,11.626628831329722
B1_residual_momentum,2023-04-21,2024-04-22,12.000962005456394
B1_residual_momentum,2023-04-24,2024-04-23,13.454085690756212
B1_residual_momentum,2023-04-25,2024-04-24,14.593225907437922
B1_residual_momentum,2023-04-26,2024-04-25,16.12738378268761
B1_residual_momentum,2023-04-27,2024-04-26,14.110312903358778
B1_residual_momentum,2023-04-28,2024-04-29,14.614319376447682
B1_residual_momentum,2023-05-01,2024-04-30,13.124408208477668
B1_residual_momentum,2023-05-02,2024-05-01,12.792060363398994
B1_residual_momentum,2023-05-03,2024-05-02,15.283522213329093
B1_residual_momentum,2023-05-04,2024-05-03,18.11136562737914
B1_residual_momentum,2023-05-05,2024-05-06,18.12579821427218
B1_residual_momentum,2023-05-08,2024-05-07,17.708212365470843
B1_residual_momentum,2023-05-09,2024-05-08,17.665075659738072
B1_residual_momentum,2023-05-10,2024-05-09,18.380834317604844
B1_residual_momentum,2023-05-11,2024-05-10,18.153512320704724
B1_residual_momentum,2023-05-12,2024-05-13,15.416049569079826
B1_residual_momentum,2023-05-15,2024-05-14,16.02015340895486
B1_residual_momentum,2023-05-16,2024-05-15,19.58216902144454
B1_residual_momentum,2023-05-17,2024-05-16,17.67106143516348
B1_residual_momentum,2023-05-18,2024-05-17,15.339600284439147
B1_residual_momentum,2023-05-19,2024-05-20,15.833012184828421
B1_residual_momentum,2023-05-22,2024-05-21,16.948930471401937
B1_residual_momentum,2023-05-23,2024-05-22,18.87228471737061
B1_residual_momentum,2023-05-24,2024-05-23,19.762058032864015
B1_residual_momentum,2023-05-25,2024-05-24,20.060906050718287
B1_residual_momentum,2023-05-26,2024-05-28,18.190699675627965
B1_residual_momentum,2023-05-30,2024-05-29,16.95600438392917
B1_residual_momentum,2023-05-31,2024-05-30,18.57286548443222
B1_residual_momentum,2023-06-01,2024-05-31,17.92984468435195
B1_residual_momentum,2023-06-02,2024-06-03,14.845266380447564
B1_residual_momentum,2023-06-05,2024-06-04,14.534843508696028
B1_residual_momentum,2023-06-06,2024-06-05,16.148581966407516
B1_residual_momentum,2023-06-07,2024-06-06,15.617889692865393
B1_residual_momentum,2023-06-08,2024-06-07,14.630982874389131
B1_residual_momentum,2023-06-09,2024-06-10,15.603055020618918
B1_residual_momentum,2023-06-12,2024-06-11,14.564334857491223
B1_residual_momentum,2023-06-13,2024-06-12,13.887554671325365
B1_residual_momentum,2023-06-14,2024-06-13,13.708675765780765
B1_residual_momentum,2023-06-15,2024-06-14,11.885440599368046
B1_residual_momentum,2023-06-16,2024-06-17,13.169422311023492
B1_residual_momentum,2023-06-16,2024-06-18,14.661688920209603
B1_residual_momentum,2023-06-21,2024-06-20,15.403386327573187
B1_residual_momentum,2023-06-22,2024-06-21,14.6967663891439
B1_residual_momentum,2023-06-23,2024-06-24,16.590286827112433
B1_residual_momentum,2023-06-26,2024-06-25,16.490893710206713
B1_residual_momentum,2023-06-27,2024-06-26,13.849639231676747
B1_residual_momentum,2023-06-28,2024-06-27,13.910815270165934
B1_residual_momentum,2023-06-29,2024-06-28,12.0988617657958
B1_residual_momentum,2023-06-30,2024-07-01,11.114879824725055
B1_residual_momentum,2023-07-03,2024-07-02,11.927839189286903
B1_residual_momentum,2023-07-03,2024-07-03,13.072029643512106
B1_residual_momentum,2023-07-06,2024-07-05,14.367242075426635
B1_residual_momentum,2023-07-07,2024-07-08,14.939234232497833
B1_residual_momentum,2023-07-10,2024-07-09,13.646398665300087
B1_residual_momentum,2023-07-11,2024-07-10,13.81761405132651
B1_residual_momentum,2023-07-12,2024-07-11,12.33288216050823
B1_residual_momentum,2023-07-13,2024-07-12,11.949652833021783
B1_residual_momentum,2023-07-14,2024-07-15,11.645065167232694
B1_residual_momentum,2023-07-17,2024-07-16,10.547617771627294
B1_residual_momentum,2023-07-18,2024-07-17,7.939133450735758
B1_residual_momentum,2023-07-19,2024-07-18,9.494803584668144
B1_residual_momentum,2023-07-20,2024-07-19,9.043389525022105
B1_residual_momentum,2023-07-21,2024-07-22,10.495632050737935
B1_residual_momentum,2023-07-24,2024-07-23,11.17143839723338
B1_residual_momentum,2023-07-25,2024-07-24,6.445203441729919
B1_residual_momentum,2023-07-26,2024-07-25,6.732367027265185
B1_residual_momentum,2023-07-27,2024-07-26,8.927181689243714
B1_residual_momentum,2023-07-28,2024-07-29,8.75724251147747
B1_residual_momentum,2023-07-31,2024-07-30,7.078250804254216
B1_residual_momentum,2023-08-01,2024-07-31,10.09455285020433
B1_residual_momentum,2023-08-02,2024-08-01,10.461081248975379
B1_residual_momentum,2023-08-03,2024-08-02,9.002097322893409
B1_residual_momentum,2023-08-04,2024-08-05,6.960898333482701
B1_residual_momentum,2023-08-07,2024-08-06,7.907423792059598
B1_residual_momentum,2023-08-08,2024-08-07,8.821178576606691
B1_residual_momentum,2023-08-09,2024-08-08,11.61784915723134
B1_residual_momentum,2023-08-10,2024-08-09,12.630318640742466
B1_residual_momentum,2023-08-11,2024-08-12,12.96427449667319
B1_residual_momentum,2023-08-14,2024-08-13,12.945871473410154
B1_residual_momentum,2023-08-15,2024-08-14,15.417421304082058
B1_residual_momentum,2023-08-16,2024-08-15,17.713514349287518
B1_residual_momentum,2023-08-17,2024-08-16,19.755703168416794
B1_residual_momentum,2023-08-18,2024-08-19,20.007255222850006
B1_residual_momentum,2023-08-21,2024-08-20,19.161645490292912
B1_residual_momentum,2023-08-22,2024-08-21,20.558426032314593
B1_residual_momentum,2023-08-23,2024-08-22,18.834210645266115
B1_residual_momentum,2023-08-24,2024-08-23,21.55996978656358
B1_residual_momentum,2023-08-25,2024-08-26,20.916062148186377
B1_residual_momentum,2023-08-28,2024-08-27,20.893814435556624
B1_residual_momentum,2023-08-29,2024-08-28,18.464528517375566
B1_residual_momentum,2023-08-30,2024-08-29,18.347274035991212
B1_residual_momentum,2023-08-31,2024-08-30,19.673119360664472
B1_residual_momentum,2023-09-01,2024-09-03,17.298735498257223
B1_residual_momentum,2023-09-05,2024-09-04,19.321505773151102
B1_residual_momentum,2023-09-06,2024-09-05,17.2722337743642
B1_residual_momentum,2023-09-07,2024-09-06,15.673106659231607
B1_residual_momentum,2023-09-08,2024-09-09,17.06148096558151
B1_residual_momentum,2023-09-11,2024-09-10,16.481907068762357
B1_residual_momentum,2023-09-12,2024-09-11,18.999621595088236
B1_residual_momentum,2023-09-13,2024-09-12,21.167050911186625
B1_residual_momentum,2023-09-14,2024-09-13,20.802686070008214
B1_residual_momentum,2023-09-15,2024-09-16,23.522301950362156
B1_residual_momentum,2023-09-18,2024-09-17,22.54817065713668
B1_residual_momentum,2023-09-19,2024-09-18,22.123715417568633
B1_residual_momentum,2023-09-20,2024-09-19,23.74853347223711
B1_residual_momentum,2023-09-21,2024-09-20,28.735555027450577
B1_residual_momentum,2023-09-22,2024-09-23,29.701894156425524
B1_residual_momentum,2023-09-25,2024-09-24,29.018418665971257
B1_residual_momentum,2023-09-26,2024-09-25,31.276578137286904
B1_residual_momentum,2023-09-27,2024-09-26,29.223006319023792
B1_residual_momentum,2023-09-28,2024-09-27,28.09084311206478
B1_residual_momentum,2023-09-29,2024-09-30,30.377176409304617
B1_residual_momentum,2023-10-02,2024-10-01,31.44782279067386
B1_residual_momentum,2023-10-03,2024-10-02,34.02868605722127
B1_residual_momentum,2023-10-04,2024-10-03,32.03090145680909
B1_residual_momentum,2023-10-05,2024-10-04,32.76312865224489
B1_residual_momentum,2023-10-06,2024-10-07,28.828198754209765
B1_residual_momentum,2023-10-09,2024-10-08,29.384267373997375
B1_residual_momentum,2023-10-10,2024-10-09,29.096334349981625
B1_residual_momentum,2023-10-11,2024-10-10,26.7284886884265
B1_residual_momentum,2023-10-12,2024-10-11,28.737438357794343
B1_residual_momentum,2023-10-13,2024-10-14,31.948627237252957
B1_residual_momentum,2023-10-16,2024-10-15,30.623932897771144
B1_residual_momentum,2023-10-17,2024-10-16,31.461913792525298
B1_residual_momentum,2023-10-18,2024-10-17,33.653155105843815
B1_residual_momentum,2023-10-19,2024-10-18,35.92730585900175
B1_residual_momentum,2023-10-20,2024-10-21,37.45500504181436
B1_residual_momentum,2023-10-23,2024-10-22,36.09722091535736
B1_residual_momentum,2023-10-24,2024-10-23,33.96206769312713
B1_residual_momentum,2023-10-25,2024-10-24,36.352048598711264
B1_residual_momentum,2023-10-26,2024-10-25,35.218202494788486
B1_residual_momentum,2023-10-27,2024-10-28,36.340478922033114
B1_residual_momentum,2023-10-30,2024-10-29,34.70246187228847
B1_residual_momentum,2023-10-31,2024-10-30,33.77889055308898
B1_residual_momentum,2023-11-01,2024-10-31,32.70521677090981
B1_residual_momentum,2023-11-02,2024-11-01,31.12634201335458
B1_residual_momentum,2023-11-03,2024-11-04,31.54336909793689
B1_residual_momentum,2023-11-06,2024-11-05,33.76508616866667
B1_residual_momentum,2023-11-07,2024-11-06,34.91599168701798
B1_residual_momentum,2023-11-08,2024-11-07,35.08663036961892
B1_residual_momentum,2023-11-09,2024-11-08,37.46939753723109
B1_residual_momentum,2023-11-10,2024-11-11,38.277293215404406
B1_residual_momentum,2023-11-13,2024-11-12,37.568723089176494
B1_residual_momentum,2023-11-14,2024-11-13,37.26475913965051
B1_residual_momentum,2023-11-15,2024-11-14,34.59846752279601
B1_residual_momentum,2023-11-16,2024-11-15,34.94077807569109
B1_residual_momentum,2023-11-17,2024-11-18,35.674369112956384
B1_residual_momentum,2023-11-20,2024-11-19,35.80891282803948
B1_residual_momentum,2023-11-21,2024-11-20,36.82768958471265
B1_residual_momentum,2023-11-22,2024-11-21,38.529725220469956
B1_residual_momentum,2023-11-22,2024-11-22,39.260107692403444
B1_residual_momentum,2023-11-24,2024-11-25,38.26493703534586
B1_residual_momentum,2023-11-27,2024-11-26,40.100989972243696
B1_residual_momentum,2023-11-28,2024-11-27,39.96959947085288
B1_residual_momentum,2023-11-30,2024-11-29,40.25079770414144
B1_residual_momentum,2023-12-01,2024-12-02,37.18153709276466
B1_residual_momentum,2023-12-04,2024-12-03,38.34764960914055
B1_residual_momentum,2023-12-05,2024-12-04,38.776700668509044
B1_residual_momentum,2023-12-06,2024-12-05,40.59009203400743
B1_residual_momentum,2023-12-07,2024-12-06,38.879502247120314
B1_residual_momentum,2023-12-08,2024-12-09,33.9312196789344
B1_residual_momentum,2023-12-11,2024-12-10,32.08114315241526
B1_residual_momentum,2023-12-12,2024-12-11,30.60014001536546
B1_residual_momentum,2023-12-13,2024-12-12,29.21921151445408
B1_residual_momentum,2023-12-14,2024-12-13,31.599229930141593
B1_residual_momentum,2023-12-15,2024-12-16,30.503863142477993
B1_residual_momentum,2023-12-18,2024-12-17,28.27148836466018
B1_residual_momentum,2023-12-19,2024-12-18,24.293106024976296
B1_residual_momentum,2023-12-20,2024-12-19,26.998637014983306
B1_residual_momentum,2023-12-21,2024-12-20,27.322103948051147
B1_residual_momentum,2023-12-22,2024-12-23,28.16059701006801
B1_residual_momentum,2023-12-22,2024-12-24,29.256991530192412
B1_residual_momentum,2023-12-27,2024-12-26,28.47593794151213
B1_residual_momentum,2023-12-28,2024-12-27,27.21822391466948
B1_residual_momentum,2023-12-29,2024-12-30,26.53592029869547
B1_residual_momentum,2023-12-29,2024-12-31,26.741165559129087
B1_residual_momentum,2024-01-03,2025-01-02,32.53913293706239
B1_residual_momentum,2024-01-04,2025-01-03,34.95316546077372
B1_residual_momentum,2024-01-05,2025-01-06,33.88840225823926
B1_residual_momentum,2024-01-08,2025-01-07,30.53940846730272
B1_residual_momentum,2024-01-09,2025-01-08,31.133029758936548
B1_residual_momentum,2024-01-11,2025-01-10,27.301287720024003
B1_residual_momentum,2024-01-12,2025-01-13,27.315506753477624
B1_residual_momentum,2024-01-12,2025-01-14,29.53066965624551
B1_residual_momentum,2024-01-16,2025-01-15,29.935038721082986
B1_residual_momentum,2024-01-17,2025-01-16,32.10238695044243
B1_residual_momentum,2024-01-18,2025-01-17,31.36728625567775
B1_residual_momentum,2024-01-22,2025-01-21,30.09030273776434
B1_residual_momentum,2024-01-23,2025-01-22,29.885685735875754
B1_residual_momentum,2024-01-24,2025-01-23,30.411101595740874
B1_residual_momentum,2024-01-25,2025-01-24,29.234652664947003
B1_residual_momentum,2024-01-26,2025-01-27,23.961272437755166
B1_residual_momentum,2024-01-29,2025-01-28,23.028819102511157
B1_residual_momentum,2024-01-30,2025-01-29,23.637577183629755
B1_residual_momentum,2024-01-31,2025-01-30,27.965724060454722
B1_residual_momentum,2024-02-01,2025-01-31,24.29459305860022
B1_residual_momentum,2024-02-02,2025-02-03,23.716766351732765
B1_residual_momentum,2024-02-05,2025-02-04,25.66119666426905
B1_residual_momentum,2024-02-06,2025-02-05,27.1052571341555
B1_residual_momentum,2024-02-07,2025-02-06,25.458440610659096
B1_residual_momentum,2024-02-08,2025-02-07,24.828583936060667
B1_residual_momentum,2024-02-09,2025-02-10,25.7349018276821
B1_residual_momentum,2024-02-12,2025-02-11,25.347096938969106
B1_residual_momentum,2024-02-13,2025-02-12,26.860635985873714
B1_residual_momentum,2024-02-14,2025-02-13,25.5433398525875
B1_residual_momentum,2024-02-15,2025-02-14,24.301657173292668
B1_residual_momentum,2024-02-16,2025-02-18,26.79152752276257
B1_residual_momentum,2024-02-20,2025-02-19,26.296804769584448
B1_residual_momentum,2024-02-21,2025-02-20,25.908199500244166
B1_residual_momentum,2024-02-22,2025-02-21,19.49889410071126
B1_residual_momentum,2024-02-23,2025-02-24,17.821314882870997
B1_residual_momentum,2024-02-26,2025-02-25,16.327238268220846
B1_residual_momentum,2024-02-27,2025-02-26,17.542544860748798
B1_residual_momentum,2024-02-28,2025-02-27,15.405404370181852
B1_residual_momentum,2024-02-29,2025-02-28,17.243945305679077
B1_residual_momentum,2024-03-01,2025-03-03,15.307851474834045
B1_residual_momentum,2024-03-04,2025-03-04,11.670721128196293
B1_residual_momentum,2024-03-05,2025-03-05,13.291185485040092
B1_residual_momentum,2024-03-06,2025-03-06,9.638578540496523
B1_residual_momentum,2024-03-07,2025-03-07,8.052246668124784
B1_residual_momentum,2024-03-08,2025-03-10,7.708874584320835
B1_residual_momentum,2024-03-11,2025-03-11,9.019635685032368
B1_residual_momentum,2024-03-12,2025-03-12,7.88057852461157
B1_residual_momentum,2024-03-13,2025-03-13,7.733855347185203
B1_residual_momentum,2024-03-14,2025-03-14,10.85434625188113
B1_residual_momentum,2024-03-15,2025-03-17,13.726746545575953
B1_residual_momentum,2024-03-18,2025-03-18,11.241766995830083
B1_residual_momentum,2024-03-19,2025-03-19,11.808538000569001
B1_residual_momentum,2024-03-20,2025-03-20,11.004968918084979
B1_residual_momentum,2024-03-21,2025-03-21,10.047105769173982
B1_residual_momentum,2024-03-22,2025-03-24,12.22044606923749
B1_residual_momentum,2024-03-25,2025-03-25,12.390198977806044
B1_residual_momentum,2024-03-26,2025-03-26,12.440745390841833
B1_residual_momentum,2024-03-27,2025-03-27,11.331591078584257
B1_residual_momentum,2024-03-28,2025-03-28,10.536380549373781
B1_residual_momentum,2024-03-28,2025-03-31,11.927430428885888
B1_residual_momentum,2024-04-01,2025-04-01,11.745900785784013
B1_residual_momentum,2024-04-02,2025-04-02,12.495825434711193
B1_residual_momentum,2024-04-03,2025-04-03,11.63297968555237
B1_residual_momentum,2024-04-04,2025-04-04,13.337881832185051
B1_residual_momentum,2024-04-05,2025-04-07,11.67463898438541
B1_residual_momentum,2024-04-08,2025-04-08,11.968704027037735
B1_residual_momentum,2024-04-09,2025-04-09,13.233604357614027
B1_residual_momentum,2024-04-10,2025-04-10,13.339332134753068
B1_residual_momentum,2024-04-11,2025-04-11,13.195177813357795
B1_residual_momentum,2024-04-12,2025-04-14,14.277319878593264
B1_residual_momentum,2024-04-15,2025-04-15,15.269535051386619
B1_residual_momentum,2024-04-16,2025-04-16,14.228496255296207
B1_residual_momentum,2024-04-17,2025-04-17,14.734310084508584
B1_residual_momentum,2024-04-19,2025-04-21,17.412431500146553
B1_residual_momentum,2024-04-22,2025-04-22,17.03681687534726
B1_residual_momentum,2024-04-23,2025-04-23,15.081170971258562
B1_residual_momentum,2024-04-24,2025-04-24,15.251694194221187
B1_residual_momentum,2024-04-25,2025-04-25,15.228154961868734
B1_residual_momentum,2024-04-26,2025-04-28,15.444050145809873
B1_residual_momentum,2024-04-29,2025-04-29,14.817301740664002
B1_residual_momentum,2024-04-30,2025-04-30,15.79095895056215
B1_residual_momentum,2024-05-01,2025-05-01,17.519203985340283
B1_residual_momentum,2024-05-02,2025-05-02,16.622713102923402
B1_residual_momentum,2024-05-03,2025-05-05,15.749536075380544
B1_residual_momentum,2024-05-06,2025-05-06,13.525257111262468
B1_residual_momentum,2024-05-07,2025-05-07,13.712200457783453
B1_residual_momentum,2024-05-08,2025-05-08,13.61086805908933
B1_residual_momentum,2024-05-09,2025-05-09,12.651838672776684
B1_residual_momentum,2024-05-10,2025-05-12,12.789344796646528
B1_residual_momentum,2024-05-13,2025-05-13,13.831144241006177
B1_residual_momentum,2024-05-14,2025-05-14,13.328253219582443
B1_residual_momentum,2024-05-15,2025-05-15,11.392714165893203
B1_residual_momentum,2024-05-16,2025-05-16,12.196561571783949
B1_residual_momentum,2024-05-17,2025-05-19,12.393122126982291
B1_residual_momentum,2024-05-20,2025-05-20,12.243008773523112
B1_residual_momentum,2024-05-21,2025-05-21,11.55607231003013
B1_residual_momentum,2024-05-22,2025-05-22,11.838841714832405
B1_residual_momentum,2024-05-23,2025-05-23,11.691458227079977
B1_residual_momentum,2024-05-24,2025-05-27,10.15216418218281
B1_residual_momentum,2024-05-28,2025-05-28,10.585829984664175
B1_residual_momentum,2024-05-29,2025-05-29,11.68354754186618
B1_residual_momentum,2024-05-30,2025-05-30,11.464623870701928
B1_residual_momentum,2024-05-31,2025-06-02,11.999974259438462
B1_residual_momentum,2024-06-03,2025-06-03,13.194983564322648
B1_residual_momentum,2024-06-04,2025-06-04,12.744928173029013
B1_residual_momentum,2024-06-05,2025-06-05,11.155382271580038
B1_residual_momentum,2024-06-06,2025-06-06,13.179684195625029
B1_residual_momentum,2024-06-07,2025-06-09,12.88531263829702
B1_residual_momentum,2024-06-10,2025-06-10,11.69730550862489
B1_residual_momentum,2024-06-11,2025-06-11,12.144909825859717
B1_residual_momentum,2024-06-12,2025-06-12,12.788702427438569
B1_residual_momentum,2024-06-13,2025-06-13,12.758957962054684
B1_residual_momentum,2024-06-14,2025-06-16,13.830014103137556
B1_residual_momentum,2024-06-17,2025-06-17,12.258004764491815
B1_residual_momentum,2024-06-18,2025-06-18,11.102809963378046
B1_residual_momentum,2024-06-20,2025-06-20,10.975009587995466
B1_residual_momentum,2024-06-21,2025-06-23,12.962770653681854
B1_residual_momentum,2024-06-24,2025-06-24,12.725533716005245
B1_residual_momentum,2024-06-25,2025-06-25,11.60158746404858
B1_residual_momentum,2024-06-26,2025-06-26,13.753380974058715
B1_residual_momentum,2024-06-27,2025-06-27,13.83375365722188
B1_residual_momentum,2024-06-28,2025-06-30,15.861980541354193
B1_residual_momentum,2024-07-01,2025-07-01,13.632742063500448
B1_residual_momentum,2024-07-02,2025-07-02,12.557710723344062
B1_residual_momentum,2024-07-03,2025-07-03,12.808895520441578
B1_residual_momentum,2024-07-05,2025-07-07,14.019575809367035
B1_residual_momentum,2024-07-08,2025-07-08,12.396072939903991
B1_residual_momentum,2024-07-09,2025-07-09,13.15326761046116
B1_residual_momentum,2024-07-10,2025-07-10,11.854474733223096
B1_residual_momentum,2024-07-11,2025-07-11,11.386268033217473
B1_residual_momentum,2024-07-12,2025-07-14,12.712152424740308
B1_residual_momentum,2024-07-15,2025-07-15,12.099273536892907
B1_residual_momentum,2024-07-16,2025-07-16,12.337223137455599
B1_residual_momentum,2024-07-17,2025-07-17,15.457065314013342
B1_residual_momentum,2024-07-18,2025-07-18,15.215110680872467
B1_residual_momentum,2024-07-19,2025-07-21,16.888978554413427
B1_residual_momentum,2024-07-22,2025-07-22,15.001476030938798
B1_residual_momentum,2024-07-23,2025-07-23,15.919303841670441
B1_residual_momentum,2024-07-24,2025-07-24,20.039402978397035
B1_residual_momentum,2024-07-25,2025-07-25,22.181537598949962
B1_residual_momentum,2024-07-26,2025-07-28,19.2088800389673
B1_residual_momentum,2024-07-29,2025-07-29,18.824817897427938
B1_residual_momentum,2024-07-30,2025-07-30,20.64326803356691
B1_residual_momentum,2024-07-31,2025-07-31,17.71940778159209
B1_residual_momentum,2024-08-01,2025-08-01,18.67094489538472
B1_residual_momentum,2024-08-02,2025-08-04,22.552149102196452
B1_residual_momentum,2024-08-05,2025-08-05,25.97966086468435
B1_residual_momentum,2024-08-06,2025-08-06,24.008972335182488
B1_residual_momentum,2024-08-07,2025-08-07,23.970815361914056
B1_residual_momentum,2024-08-08,2025-08-08,21.775923322876167
B1_residual_momentum,2024-08-09,2025-08-11,20.05330418985163
B1_residual_momentum,2024-08-12,2025-08-12,20.212840377694043
B1_residual_momentum,2024-08-13,2025-08-13,18.27506947552444
B1_residual_momentum,2024-08-14,2025-08-14,15.339127627847926
B1_residual_momentum,2024-08-15,2025-08-15,13.69809236053079
B1_residual_momentum,2024-08-16,2025-08-18,14.603365951831426
B1_residual_momentum,2024-08-19,2025-08-19,12.184814543595856
B1_residual_momentum,2024-08-20,2025-08-20,12.842019082514389
B1_residual_momentum,2024-08-21,2025-08-21,11.62783934172882
B1_residual_momentum,2024-08-22,2025-08-22,12.175550881537589
B1_residual_momentum,2024-08-23,2025-08-25,10.823067404933372
B1_residual_momentum,2024-08-26,2025-08-26,12.005258186622925
B1_residual_momentum,2024-08-27,2025-08-27,11.163355984083779
B1_residual_momentum,2024-08-28,2025-08-28,12.55466879964131
B1_residual_momentum,2024-08-29,2025-08-29,11.013008370321376
B1_residual_momentum,2024-08-30,2025-09-02,9.340297082115502
B1_residual_momentum,2024-09-03,2025-09-03,11.791805029684955
B1_residual_momentum,2024-09-04,2025-09-04,12.86116886270474
B1_residual_momentum,2024-09-05,2025-09-05,13.105775198872482
B1_residual_momentum,2024-09-06,2025-09-08,14.999967843411932
B1_residual_momentum,2024-09-09,2025-09-09,14.403941895857585
B1_residual_momentum,2024-09-10,2025-09-10,14.980308503334472
B1_residual_momentum,2024-09-11,2025-09-11,15.437061436481713
B1_residual_momentum,2024-09-12,2025-09-12,13.887364862799444
B1_residual_momentum,2024-09-13,2025-09-15,12.948444579913044
B1_residual_momentum,2024-09-16,2025-09-16,11.429644433773767
B1_residual_momentum,2024-09-17,2025-09-17,12.098548572214419
B1_residual_momentum,2024-09-18,2025-09-18,14.242740635113948
B1_residual_momentum,2024-09-19,2025-09-19,14.093547565413633
B1_residual_momentum,2024-09-20,2025-09-22,12.290489918721104
B1_residual_momentum,2024-09-23,2025-09-23,12.146382496006192
B1_residual_momentum,2024-09-24,2025-09-24,11.38102397967029
B1_residual_momentum,2024-09-25,2025-09-25,9.561236188310929
B1_residual_momentum,2024-09-26,2025-09-26,11.76410035621711
B1_residual_momentum,2024-09-27,2025-09-29,12.175269459632254
B1_residual_momentum,2024-09-30,2025-09-30,11.573383560793227
B1_residual_momentum,2024-10-01,2025-10-01,9.840279078829738
B1_residual_momentum,2024-10-02,2025-10-02,9.41321269977957
B1_residual_momentum,2024-10-03,2025-10-03,8.78253126572648
B1_residual_momentum,2024-10-04,2025-10-06,7.63444510992255
B1_residual_momentum,2024-10-07,2025-10-07,9.889855787841073
B1_residual_momentum,2024-10-08,2025-10-08,9.167852115397658
B1_residual_momentum,2024-10-09,2025-10-09,8.48198087732932
B1_residual_momentum,2024-10-10,2025-10-10,6.631603374982831
B1_residual_momentum,2024-10-11,2025-10-13,7.288347896969105
B1_residual_momentum,2024-10-14,2025-10-14,6.7945307009037
B1_residual_momentum,2024-10-15,2025-10-15,6.956702870529696
B1_residual_momentum,2024-10-16,2025-10-16,4.854746350422134
B1_residual_momentum,2024-10-17,2025-10-17,5.873306406245704
B1_residual_momentum,2024-10-18,2025-10-20,6.160937502797514
B1_residual_momentum,2024-10-21,2025-10-21,6.383760273434325
B1_residual_momentum,2024-10-22,2025-10-22,5.483050086419938
B1_residual_momentum,2024-10-23,2025-10-23,6.702131551540935
B1_residual_momentum,2024-10-24,2025-10-24,7.435541377305599
B1_residual_momentum,2024-10-25,2025-10-27,10.628091213743662
B1_residual_momentum,2024-10-28,2025-10-28,9.319037641834926
B1_residual_momentum,2024-10-29,2025-10-29,8.91937588835956
B1_residual_momentum,2024-10-30,2025-10-30,8.194317873145751
B1_residual_momentum,2024-10-31,2025-10-31,9.888119074902146
B1_residual_momentum,2024-11-01,2025-11-03,11.825451075555415
B1_residual_momentum,2024-11-04,2025-11-04,9.199674298929693
B1_residual_momentum,2024-11-05,2025-11-05,9.482160165094665
B1_residual_momentum,2024-11-06,2025-11-06,6.936284091105116
B1_residual_momentum,2024-11-07,2025-11-07,6.961921200673249
B1_residual_momentum,2024-11-08,2025-11-10,8.085771487649263
B1_residual_momentum,2024-11-11,2025-11-11,6.4068193631001025
B1_residual_momentum,2024-11-12,2025-11-12,6.511390575802922
B1_residual_momentum,2024-11-13,2025-11-13,3.494763332810402
B1_residual_momentum,2024-11-14,2025-11-14,5.58651591292838
B1_residual_momentum,2024-11-15,2025-11-17,4.79807428993777
B1_residual_momentum,2024-11-18,2025-11-18,3.721483445522056
B1_residual_momentum,2024-11-19,2025-11-19,4.18939843768007
B1_residual_momentum,2024-11-20,2025-11-20,-0.19753152408232832
B1_residual_momentum,2024-11-21,2025-11-21,-0.7578166950918619
B1_residual_momentum,2024-11-22,2025-11-24,1.416595136428267
B1_residual_momentum,2024-11-25,2025-11-25,3.25200212985568
B1_residual_momentum,2024-11-26,2025-11-26,4.0825987317305135
B1_residual_momentum,2024-11-27,2025-11-28,4.897069769052931
B1_residual_momentum,2024-11-29,2025-12-01,3.49082543639887
B1_residual_momentum,2024-12-02,2025-12-02,5.272960056386067
B1_residual_momentum,2024-12-03,2025-12-03,4.998524454866504
B1_residual_momentum,2024-12-04,2025-12-04,5.940149934025363
B1_residual_momentum,2024-12-05,2025-12-05,6.7078526379900305
B1_residual_momentum,2024-12-06,2025-12-08,8.05324056344583
B1_residual_momentum,2024-12-09,2025-12-09,11.490846295933842
B1_residual_momentum,2024-12-10,2025-12-10,13.86417776649187
B1_residual_momentum,2024-12-11,2025-12-11,14.398966954801583
B1_residual_momentum,2024-12-12,2025-12-12,10.472408564244894
B1_residual_momentum,2024-12-13,2025-12-15,9.685991390247771
B1_residual_momentum,2024-12-16,2025-12-16,9.999459905525686
B1_residual_momentum,2024-12-17,2025-12-17,8.090436470947493
B1_residual_momentum,2024-12-18,2025-12-18,14.59108497593531
B1_residual_momentum,2024-12-19,2025-12-19,17.57364887556161
B1_residual_momentum,2024-12-20,2025-12-22,17.001557564657467
B1_residual_momentum,2024-12-23,2025-12-23,17.15284485263997
B1_residual_momentum,2024-12-24,2025-12-24,16.90976690403556
B1_residual_momentum,2024-12-26,2025-12-26,16.967938220140066
B1_residual_momentum,2024-12-27,2025-12-29,16.821749218417192
B1_residual_momentum,2024-12-30,2025-12-30,16.886943519659468
B1_residual_momentum,2024-12-31,2025-12-31,15.032614606507355
B2_residual_momentum_vol_target,2015-01-02,2016-01-04,-0.8356837313882148
B2_residual_momentum_vol_target,2015-01-05,2016-01-05,-0.5789780826677138
B2_residual_momentum_vol_target,2015-01-06,2016-01-06,-0.9703338939794803
B2_residual_momentum_vol_target,2015-01-07,2016-01-07,-2.446548540602156
B2_residual_momentum_vol_target,2015-01-08,2016-01-08,-3.6577618688130586
B2_residual_momentum_vol_target,2015-01-09,2016-01-11,-3.516750439463079
B2_residual_momentum_vol_target,2015-01-12,2016-01-12,-3.658680772280709
B2_residual_momentum_vol_target,2015-01-13,2016-01-13,-3.489418464271554
B2_residual_momentum_vol_target,2015-01-14,2016-01-14,-4.076411385503653
B2_residual_momentum_vol_target,2015-01-15,2016-01-15,-4.331930013120722
B2_residual_momentum_vol_target,2015-01-16,2016-01-19,-5.155514263910166
B2_residual_momentum_vol_target,2015-01-20,2016-01-20,-4.961599185469767
B2_residual_momentum_vol_target,2015-01-21,2016-01-21,-5.299246456571282
B2_residual_momentum_vol_target,2015-01-22,2016-01-22,-6.90807556108326
B2_residual_momentum_vol_target,2015-01-23,2016-01-25,-6.809482300324388
B2_residual_momentum_vol_target,2015-01-26,2016-01-26,-7.176994676856873
B2_residual_momentum_vol_target,2015-01-27,2016-01-27,-6.785147062219399
B2_residual_momentum_vol_target,2015-01-28,2016-01-28,-6.674233422362041
B2_residual_momentum_vol_target,2015-01-29,2016-01-29,-7.238232030236369
B2_residual_momentum_vol_target,2015-01-30,2016-02-01,-5.363097097679404
B2_residual_momentum_vol_target,2015-02-02,2016-02-02,-5.854040569479368
B2_residual_momentum_vol_target,2015-02-03,2016-02-03,-6.4793255931197224
B2_residual_momentum_vol_target,2015-02-04,2016-02-04,-6.957982770723559
B2_residual_momentum_vol_target,2015-02-05,2016-02-05,-7.253689913609962
B2_residual_momentum_vol_target,2015-02-06,2016-02-08,-5.496756251396995
B2_residual_momentum_vol_target,2015-02-09,2016-02-09,-4.750130341148839
B2_residual_momentum_vol_target,2015-02-10,2016-02-10,-5.938214216784421
B2_residual_momentum_vol_target,2015-02-11,2016-02-11,-6.192218452390897
B2_residual_momentum_vol_target,2015-02-12,2016-02-12,-6.959618927685385
B2_residual_momentum_vol_target,2015-02-13,2016-02-16,-6.399799451445132
B2_residual_momentum_vol_target,2015-02-17,2016-02-17,-6.465607353833269
B2_residual_momentum_vol_target,2015-02-18,2016-02-18,-7.275017866136846
B2_residual_momentum_vol_target,2015-02-19,2016-02-19,-6.360343482425734
B2_residual_momentum_vol_target,2015-02-20,2016-02-22,-7.058154691974705
B2_residual_momentum_vol_target,2015-02-23,2016-02-23,-7.6735221850870445
B2_residual_momentum_vol_target,2015-02-24,2016-02-24,-7.042441590584003
B2_residual_momentum_vol_target,2015-02-25,2016-02-25,-6.570320089441884
B2_residual_momentum_vol_target,2015-02-26,2016-02-26,-6.3227782911716375
B2_residual_momentum_vol_target,2015-02-27,2016-02-29,-6.369954805319589
B2_residual_momentum_vol_target,2015-03-02,2016-03-01,-6.97995268513345
B2_residual_momentum_vol_target,2015-03-03,2016-03-02,-6.650852205286684
B2_residual_momentum_vol_target,2015-03-04,2016-03-03,-5.968091355808214
B2_residual_momentum_vol_target,2015-03-05,2016-03-04,-6.744596400901437
B2_residual_momentum_vol_target,2015-03-06,2016-03-07,-4.734073823497409
B2_residual_momentum_vol_target,2015-03-09,2016-03-08,-5.624827617594841
B2_residual_momentum_vol_target,2015-03-10,2016-03-09,-5.041189709009641
B2_residual_momentum_vol_target,2015-03-11,2016-03-10,-4.8640922189025275
B2_residual_momentum_vol_target,2015-03-12,2016-03-11,-6.35411665942458
B2_residual_momentum_vol_target,2015-03-13,2016-03-14,-6.1272063580292695
B2_residual_momentum_vol_target,2015-03-16,2016-03-15,-7.7255436759338
B2_residual_momentum_vol_target,2015-03-17,2016-03-16,-7.227011930008775
B2_residual_momentum_vol_target,2015-03-18,2016-03-17,-8.294700246202124
B2_residual_momentum_vol_target,2015-03-19,2016-03-18,-8.363315400702586
B2_residual_momentum_vol_target,2015-03-20,2016-03-21,-9.121409647684974
B2_residual_momentum_vol_target,2015-03-23,2016-03-22,-9.072594694021463
B2_residual_momentum_vol_target,2015-03-24,2016-03-23,-8.568882054908379
B2_residual_momentum_vol_target,2015-03-25,2016-03-24,-7.035308697395926
B2_residual_momentum_vol_target,2015-03-27,2016-03-28,-7.109712097004928
B2_residual_momentum_vol_target,2015-03-30,2016-03-29,-8.042366533096867
B2_residual_momentum_vol_target,2015-03-31,2016-03-30,-7.24018814530436
B2_residual_momentum_vol_target,2015-04-01,2016-03-31,-6.586673629560114
B2_residual_momentum_vol_target,2015-04-02,2016-04-01,-5.99130006106543
B2_residual_momentum_vol_target,2015-04-02,2016-04-04,-6.294779403720274
B2_residual_momentum_vol_target,2015-04-06,2016-04-05,-7.1106363980016685
B2_residual_momentum_vol_target,2015-04-07,2016-04-06,-6.307836856451421
B2_residual_momentum_vol_target,2015-04-08,2016-04-07,-7.358273273508242
B2_residual_momentum_vol_target,2015-04-09,2016-04-08,-7.128113866591712
B2_residual_momentum_vol_target,2015-04-10,2016-04-11,-7.662733195939686
B2_residual_momentum_vol_target,2015-04-13,2016-04-12,-6.99337106071074
B2_residual_momentum_vol_target,2015-04-14,2016-04-13,-6.996988542637261
B2_residual_momentum_vol_target,2015-04-15,2016-04-14,-7.104849946132319
B2_residual_momentum_vol_target,2015-04-16,2016-04-15,-6.7060531290631715
B2_residual_momentum_vol_target,2015-04-17,2016-04-18,-5.109159424626853
B2_residual_momentum_vol_target,2015-04-20,2016-04-19,-6.081588647839964
B2_residual_momentum_vol_target,2015-04-21,2016-04-20,-6.837048920159194
B2_residual_momentum_vol_target,2015-04-22,2016-04-21,-7.885250573710534
B2_residual_momentum_vol_target,2015-04-23,2016-04-22,-8.581205551870907
B2_residual_momentum_vol_target,2015-04-24,2016-04-25,-8.132166500855542
B2_residual_momentum_vol_target,2015-04-27,2016-04-26,-7.492823531918669
B2_residual_momentum_vol_target,2015-04-28,2016-04-27,-6.9814751822726
B2_residual_momentum_vol_target,2015-04-29,2016-04-28,-6.197868417267626
B2_residual_momentum_vol_target,2015-04-30,2016-04-29,-4.996159701286174
B2_residual_momentum_vol_target,2015-05-01,2016-05-02,-5.680367244723328
B2_residual_momentum_vol_target,2015-05-04,2016-05-03,-5.70098213943816
B2_residual_momentum_vol_target,2015-05-05,2016-05-04,-3.782079197689814
B2_residual_momentum_vol_target,2015-05-06,2016-05-05,-4.209613924633604
B2_residual_momentum_vol_target,2015-05-07,2016-05-06,-4.045392740132692
B2_residual_momentum_vol_target,2015-05-08,2016-05-09,-4.380835623052248
B2_residual_momentum_vol_target,2015-05-11,2016-05-10,-3.4289859927863153
B2_residual_momentum_vol_target,2015-05-12,2016-05-11,-4.210653804970255
B2_residual_momentum_vol_target,2015-05-13,2016-05-12,-2.922371476406238
B2_residual_momentum_vol_target,2015-05-14,2016-05-13,-4.457824664815158
B2_residual_momentum_vol_target,2015-05-15,2016-05-16,-4.391010822974817
B2_residual_momentum_vol_target,2015-05-18,2016-05-17,-6.851356693973532
B2_residual_momentum_vol_target,2015-05-19,2016-05-18,-7.621394427443917
B2_residual_momentum_vol_target,2015-05-20,2016-05-19,-7.166319845203639
B2_residual_momentum_vol_target,2015-05-21,2016-05-20,-7.606716890692522
B2_residual_momentum_vol_target,2015-05-22,2016-05-23,-7.484791071773733
B2_residual_momentum_vol_target,2015-05-22,2016-05-24,-6.265436873520402
B2_residual_momentum_vol_target,2015-05-26,2016-05-25,-5.699844399034559
B2_residual_momentum_vol_target,2015-05-27,2016-05-26,-6.677668294989414
B2_residual_momentum_vol_target,2015-05-28,2016-05-27,-6.3017050355403725
B2_residual_momentum_vol_target,2015-06-01,2016-05-31,-6.922362478334588
B2_residual_momentum_vol_target,2015-06-02,2016-06-01,-6.2865942327559265
B2_residual_momentum_vol_target,2015-06-03,2016-06-02,-6.535185089452655
B2_residual_momentum_vol_target,2015-06-04,2016-06-03,-5.254355087489815
B2_residual_momentum_vol_target,2015-06-05,2016-06-06,-5.022361686490406
B2_residual_momentum_vol_target,2015-06-08,2016-06-07,-4.212151310861745
B2_residual_momentum_vol_target,2015-06-09,2016-06-08,-3.7847754070757467
B2_residual_momentum_vol_target,2015-06-10,2016-06-09,-4.334534467131146
B2_residual_momentum_vol_target,2015-06-11,2016-06-10,-4.826593176371552
B2_residual_momentum_vol_target,2015-06-12,2016-06-13,-5.0541933545709234
B2_residual_momentum_vol_target,2015-06-15,2016-06-14,-4.3281216103504665
B2_residual_momentum_vol_target,2015-06-16,2016-06-15,-5.560340167961897
B2_residual_momentum_vol_target,2015-06-17,2016-06-16,-5.244777585438143
B2_residual_momentum_vol_target,2015-06-18,2016-06-17,-6.976621839796982
B2_residual_momentum_vol_target,2015-06-19,2016-06-20,-6.736952503925064
B2_residual_momentum_vol_target,2015-06-22,2016-06-21,-6.649551049193114
B2_residual_momentum_vol_target,2015-06-23,2016-06-22,-6.8167449945166325
B2_residual_momentum_vol_target,2015-06-24,2016-06-23,-5.410378058550236
B2_residual_momentum_vol_target,2015-06-25,2016-06-24,-6.980762064678469
B2_residual_momentum_vol_target,2015-06-26,2016-06-27,-6.439873203148039
B2_residual_momentum_vol_target,2015-06-29,2016-06-28,-3.5751189877090472
B2_residual_momentum_vol_target,2015-06-30,2016-06-29,-2.698300166652423
B2_residual_momentum_vol_target,2015-07-01,2016-06-30,-1.0007903006863939
B2_residual_momentum_vol_target,2015-07-02,2016-07-01,-1.2175569813482778
B2_residual_momentum_vol_target,2015-07-06,2016-07-05,-0.24714502176296227
B2_residual_momentum_vol_target,2015-07-07,2016-07-06,-0.6629428271849869
B2_residual_momentum_vol_target,2015-07-08,2016-07-07,-0.011786690178261505
B2_residual_momentum_vol_target,2015-07-09,2016-07-08,0.47780825875876065
B2_residual_momentum_vol_target,2015-07-10,2016-07-11,-1.0578734073358964
B2_residual_momentum_vol_target,2015-07-13,2016-07-12,-2.4778920117273784
B2_residual_momentum_vol_target,2015-07-14,2016-07-13,-2.218945081009327
B2_residual_momentum_vol_target,2015-07-15,2016-07-14,-2.4035298963840046
B2_residual_momentum_vol_target,2015-07-16,2016-07-15,-2.9796955465639763
B2_residual_momentum_vol_target,2015-07-17,2016-07-18,-2.8839888432593885
B2_residual_momentum_vol_target,2015-07-20,2016-07-19,-3.175082876996038
B2_residual_momentum_vol_target,2015-07-21,2016-07-20,-2.8913225320891134
B2_residual_momentum_vol_target,2015-07-22,2016-07-21,-3.5416077291506975
B2_residual_momentum_vol_target,2015-07-23,2016-07-22,-2.419518628521311
B2_residual_momentum_vol_target,2015-07-24,2016-07-25,-1.5460259783654062
B2_residual_momentum_vol_target,2015-07-27,2016-07-26,-1.2721161641384482
B2_residual_momentum_vol_target,2015-07-28,2016-07-27,-3.2763189243458446
B2_residual_momentum_vol_target,2015-07-29,2016-07-28,-3.5981463128427538
B2_residual_momentum_vol_target,2015-07-30,2016-07-29,-3.7893053299377866
B2_residual_momentum_vol_target,2015-07-31,2016-08-01,-3.3608367598229383
B2_residual_momentum_vol_target,2015-08-03,2016-08-02,-3.9811015002157224
B2_residual_momentum_vol_target,2015-08-04,2016-08-03,-4.915535693474482
B2_residual_momentum_vol_target,2015-08-05,2016-08-04,-5.05964874160526
B2_residual_momentum_vol_target,2015-08-06,2016-08-05,-4.432262309130508
B2_residual_momentum_vol_target,2015-08-07,2016-08-08,-4.9242305216145805
B2_residual_momentum_vol_target,2015-08-10,2016-08-09,-5.353588553391042
B2_residual_momentum_vol_target,2015-08-11,2016-08-10,-4.606637378054302
B2_residual_momentum_vol_target,2015-08-12,2016-08-11,-4.6130096259407
B2_residual_momentum_vol_target,2015-08-13,2016-08-12,-4.969644470886458
B2_residual_momentum_vol_target,2015-08-14,2016-08-15,-5.824412987579263
B2_residual_momentum_vol_target,2015-08-17,2016-08-16,-7.780515014518663
B2_residual_momentum_vol_target,2015-08-18,2016-08-17,-7.126862214951435
B2_residual_momentum_vol_target,2015-08-19,2016-08-18,-6.564458415939811
B2_residual_momentum_vol_target,2015-08-20,2016-08-19,-4.751951113725172
B2_residual_momentum_vol_target,2015-08-21,2016-08-22,-1.159081948288443
B2_residual_momentum_vol_target,2015-08-24,2016-08-23,1.236033408025361
B2_residual_momentum_vol_target,2015-08-25,2016-08-24,1.837898786131631
B2_residual_momentum_vol_target,2015-08-26,2016-08-25,-1.4269819917763216
B2_residual_momentum_vol_target,2015-08-27,2016-08-26,-4.013580901023728
B2_residual_momentum_vol_target,2015-08-28,2016-08-29,-3.1883735840444016
B2_residual_momentum_vol_target,2015-08-31,2016-08-30,-3.237725348024978
B2_residual_momentum_vol_target,2015-09-01,2016-08-31,-1.0510328020575277
B2_residual_momentum_vol_target,2015-09-02,2016-09-01,-0.9887930851551929
B2_residual_momentum_vol_target,2015-09-03,2016-09-02,0.013968809412534533
B2_residual_momentum_vol_target,2015-09-04,2016-09-06,0.9850282116656173
B2_residual_momentum_vol_target,2015-09-08,2016-09-07,1.0148830766126604
B2_residual_momentum_vol_target,2015-09-09,2016-09-08,0.40991398463803286
B2_residual_momentum_vol_target,2015-09-10,2016-09-09,-3.471703939148074
B2_residual_momentum_vol_target,2015-09-11,2016-09-12,-1.9874330427128162
B2_residual_momentum_vol_target,2015-09-14,2016-09-13,-3.666993276808439
B2_residual_momentum_vol_target,2015-09-15,2016-09-14,-3.680740565251628
B2_residual_momentum_vol_target,2015-09-16,2016-09-15,-2.822846642098098
B2_residual_momentum_vol_target,2015-09-17,2016-09-16,-2.9627173283339525
B2_residual_momentum_vol_target,2015-09-18,2016-09-19,-2.0769422304034
B2_residual_momentum_vol_target,2015-09-21,2016-09-20,-1.9351026827100437
B2_residual_momentum_vol_target,2015-09-22,2016-09-21,0.06234645209741707
B2_residual_momentum_vol_target,2015-09-23,2016-09-22,1.0237547626881671
B2_residual_momentum_vol_target,2015-09-24,2016-09-23,0.4579997006580294
B2_residual_momentum_vol_target,2015-09-25,2016-09-26,0.4458587832829153
B2_residual_momentum_vol_target,2015-09-28,2016-09-27,0.2004527379593002
B2_residual_momentum_vol_target,2015-09-29,2016-09-28,0.4958053095028836
B2_residual_momentum_vol_target,2015-09-30,2016-09-29,-0.8590971552264515
B2_residual_momentum_vol_target,2015-10-01,2016-09-30,-0.8092624138569149
B2_residual_momentum_vol_target,2015-10-02,2016-10-03,-1.4481178745376355
B2_residual_momentum_vol_target,2015-10-05,2016-10-04,-3.292243565417008
B2_residual_momentum_vol_target,2015-10-06,2016-10-05,-3.3043765388965585
B2_residual_momentum_vol_target,2015-10-07,2016-10-06,-3.2734309139840545
B2_residual_momentum_vol_target,2015-10-08,2016-10-07,-4.050855488979743
B2_residual_momentum_vol_target,2015-10-09,2016-10-10,-3.4991028304715344
B2_residual_momentum_vol_target,2015-10-12,2016-10-11,-4.802223155519602
B2_residual_momentum_vol_target,2015-10-13,2016-10-12,-4.133628350785923
B2_residual_momentum_vol_target,2015-10-14,2016-10-13,-4.004436318228954
B2_residual_momentum_vol_target,2015-10-15,2016-10-14,-4.233154386856652
B2_residual_momentum_vol_target,2015-10-16,2016-10-17,-4.074222471722
B2_residual_momentum_vol_target,2015-10-19,2016-10-18,-3.5890378377544274
B2_residual_momentum_vol_target,2015-10-20,2016-10-19,-3.906912324226075
B2_residual_momentum_vol_target,2015-10-21,2016-10-20,-4.001047653757883
B2_residual_momentum_vol_target,2015-10-22,2016-10-21,-4.532858232255776
B2_residual_momentum_vol_target,2015-10-23,2016-10-24,-4.141836974931001
B2_residual_momentum_vol_target,2015-10-26,2016-10-25,-4.359639669441551
B2_residual_momentum_vol_target,2015-10-27,2016-10-26,-4.96160582345988
B2_residual_momentum_vol_target,2015-10-28,2016-10-27,-5.751361032080348
B2_residual_momentum_vol_target,2015-10-29,2016-10-28,-5.229070447338458
B2_residual_momentum_vol_target,2015-10-30,2016-10-31,-4.292498699121106
B2_residual_momentum_vol_target,2015-11-02,2016-11-01,-5.475363872551586
B2_residual_momentum_vol_target,2015-11-03,2016-11-02,-6.0531895509118305
B2_residual_momentum_vol_target,2015-11-04,2016-11-03,-5.434145622247555
B2_residual_momentum_vol_target,2015-11-05,2016-11-04,-5.556628264707131
B2_residual_momentum_vol_target,2015-11-06,2016-11-07,-3.750351241983263
B2_residual_momentum_vol_target,2015-11-09,2016-11-08,-2.822340126294487
B2_residual_momentum_vol_target,2015-11-10,2016-11-09,-3.9995039156109136
B2_residual_momentum_vol_target,2015-11-11,2016-11-10,-4.944480311103627
B2_residual_momentum_vol_target,2015-11-12,2016-11-11,-5.081108418934333
B2_residual_momentum_vol_target,2015-11-13,2016-11-14,-4.046650311664035
B2_residual_momentum_vol_target,2015-11-16,2016-11-15,-3.5115771218312775
B2_residual_momentum_vol_target,2015-11-17,2016-11-16,-3.461520042959798
B2_residual_momentum_vol_target,2015-11-18,2016-11-17,-3.813865702350827
B2_residual_momentum_vol_target,2015-11-19,2016-11-18,-4.179581480697947
B2_residual_momentum_vol_target,2015-11-20,2016-11-21,-4.911371933729313
B2_residual_momentum_vol_target,2015-11-23,2016-11-22,-5.091759204741031
B2_residual_momentum_vol_target,2015-11-24,2016-11-23,-5.008036351698408
B2_residual_momentum_vol_target,2015-11-25,2016-11-25,-4.625336239043176
B2_residual_momentum_vol_target,2015-11-27,2016-11-28,-4.883358806791572
B2_residual_momentum_vol_target,2015-11-30,2016-11-29,-3.7084284889902563
B2_residual_momentum_vol_target,2015-12-01,2016-11-30,-5.555804904312267
B2_residual_momentum_vol_target,2015-12-02,2016-12-01,-6.262055695942714
B2_residual_momentum_vol_target,2015-12-03,2016-12-02,-4.231467428638613
B2_residual_momentum_vol_target,2015-12-04,2016-12-05,-5.8661601879563925
B2_residual_momentum_vol_target,2015-12-07,2016-12-06,-5.6542468890173225
B2_residual_momentum_vol_target,2015-12-08,2016-12-07,-4.838360961053489
B2_residual_momentum_vol_target,2015-12-09,2016-12-08,-3.4524975224956345
B2_residual_momentum_vol_target,2015-12-10,2016-12-09,-3.389985276073082
B2_residual_momentum_vol_target,2015-12-11,2016-12-12,-2.067358902421057
B2_residual_momentum_vol_target,2015-12-14,2016-12-13,-2.283571810296825
B2_residual_momentum_vol_target,2015-12-15,2016-12-14,-3.9826730624086815
B2_residual_momentum_vol_target,2015-12-16,2016-12-15,-4.818798030027571
B2_residual_momentum_vol_target,2015-12-17,2016-12-16,-3.709303804000841
B2_residual_momentum_vol_target,2015-12-18,2016-12-19,-2.150326914231304
B2_residual_momentum_vol_target,2015-12-21,2016-12-20,-2.8418059335755808
B2_residual_momentum_vol_target,2015-12-22,2016-12-21,-3.6376434666805735
B2_residual_momentum_vol_target,2015-12-23,2016-12-22,-3.633277410062019
B2_residual_momentum_vol_target,2015-12-24,2016-12-23,-3.222447373641968
B2_residual_momentum_vol_target,2015-12-28,2016-12-27,-3.4149457652809523
B2_residual_momentum_vol_target,2015-12-29,2016-12-28,-4.879589936769834
B2_residual_momentum_vol_target,2015-12-30,2016-12-29,-3.7346893874492193
B2_residual_momentum_vol_target,2015-12-31,2016-12-30,-3.4404559564643056
B2_residual_momentum_vol_target,2016-01-04,2017-01-03,-1.8761977768481541
B2_residual_momentum_vol_target,2016-01-05,2017-01-04,-1.2771249541829954
B2_residual_momentum_vol_target,2016-01-06,2017-01-05,-1.4126290963081045
B2_residual_momentum_vol_target,2016-01-07,2017-01-06,-1.564797036964749
B2_residual_momentum_vol_target,2016-01-08,2017-01-09,-2.059437598909486
B2_residual_momentum_vol_target,2016-01-11,2017-01-10,-1.8306538026426122
B2_residual_momentum_vol_target,2016-01-12,2017-01-11,-1.1835153179619362
B2_residual_momentum_vol_target,2016-01-13,2017-01-12,-2.0052844240627365
B2_residual_momentum_vol_target,2016-01-14,2017-01-13,-1.6292281904667916
B2_residual_momentum_vol_target,2016-01-15,2017-01-17,-2.199506165354337
B2_residual_momentum_vol_target,2016-01-19,2017-01-18,-1.661857367985231
B2_residual_momentum_vol_target,2016-01-20,2017-01-19,-1.867989072350873
B2_residual_momentum_vol_target,2016-01-21,2017-01-20,-1.4998252020756109
B2_residual_momentum_vol_target,2016-01-22,2017-01-23,-1.5712555342180523
B2_residual_momentum_vol_target,2016-01-25,2017-01-24,-0.0024686232465764846
B2_residual_momentum_vol_target,2016-01-26,2017-01-25,0.3642796600970666
B2_residual_momentum_vol_target,2016-01-27,2017-01-26,0.2334697651495965
B2_residual_momentum_vol_target,2016-01-28,2017-01-27,0.3087984657487164
B2_residual_momentum_vol_target,2016-01-29,2017-01-30,-0.27937743218481303
B2_residual_momentum_vol_target,2016-02-01,2017-01-31,-0.9683377626110934
B2_residual_momentum_vol_target,2016-02-02,2017-02-01,-1.3099847958112143
B2_residual_momentum_vol_target,2016-02-03,2017-02-02,-1.0116405990092447
B2_residual_momentum_vol_target,2016-02-04,2017-02-03,0.015412554239846443
B2_residual_momentum_vol_target,2016-02-05,2017-02-06,-0.7307023278595226
B2_residual_momentum_vol_target,2016-02-08,2017-02-07,-0.6046149339489548
B2_residual_momentum_vol_target,2016-02-09,2017-02-08,-0.573849339433008
B2_residual_momentum_vol_target,2016-02-10,2017-02-09,-0.16884899722076074
B2_residual_momentum_vol_target,2016-02-11,2017-02-10,0.3203480437472539
B2_residual_momentum_vol_target,2016-02-12,2017-02-13,0.7922899989912802
B2_residual_momentum_vol_target,2016-02-12,2017-02-14,0.8867858087468372
B2_residual_momentum_vol_target,2016-02-16,2017-02-15,1.006051716455092
B2_residual_momentum_vol_target,2016-02-17,2017-02-16,1.0143515365776734
B2_residual_momentum_vol_target,2016-02-18,2017-02-17,0.9475610803751922
B2_residual_momentum_vol_target,2016-02-22,2017-02-21,1.776647831923639
B2_residual_momentum_vol_target,2016-02-23,2017-02-22,1.338064438120079
B2_residual_momentum_vol_target,2016-02-24,2017-02-23,0.9414116539146589
B2_residual_momentum_vol_target,2016-02-25,2017-02-24,1.514989372379416
B2_residual_momentum_vol_target,2016-02-26,2017-02-27,2.0397108474698333
B2_residual_momentum_vol_target,2016-02-29,2017-02-28,1.9554831697257136
B2_residual_momentum_vol_target,2016-03-01,2017-03-01,4.004259828956447
B2_residual_momentum_vol_target,2016-03-02,2017-03-02,2.592056681400301
B2_residual_momentum_vol_target,2016-03-03,2017-03-03,3.0785768434158145
B2_residual_momentum_vol_target,2016-03-04,2017-03-06,2.7683824037881832
B2_residual_momentum_vol_target,2016-03-07,2017-03-07,2.222040118015567
B2_residual_momentum_vol_target,2016-03-08,2017-03-08,1.5678573444833033
B2_residual_momentum_vol_target,2016-03-09,2017-03-09,1.259001524233061
B2_residual_momentum_vol_target,2016-03-10,2017-03-10,1.8057328304922127
B2_residual_momentum_vol_target,2016-03-11,2017-03-13,2.1004528541687773
B2_residual_momentum_vol_target,2016-03-14,2017-03-14,1.3941388415499079
B2_residual_momentum_vol_target,2016-03-15,2017-03-15,2.422317269205032
B2_residual_momentum_vol_target,2016-03-16,2017-03-16,1.9543021046111386
B2_residual_momentum_vol_target,2016-03-17,2017-03-17,1.767550465202139
B2_residual_momentum_vol_target,2016-03-18,2017-03-20,1.4206125061221098
B2_residual_momentum_vol_target,2016-03-21,2017-03-21,-1.1210766216115942
B2_residual_momentum_vol_target,2016-03-22,2017-03-22,-0.5420295671250352
B2_residual_momentum_vol_target,2016-03-23,2017-03-23,-0.4823831267517176
B2_residual_momentum_vol_target,2016-03-24,2017-03-24,-0.5856321451862656
B2_residual_momentum_vol_target,2016-03-24,2017-03-27,-1.14349437693273
B2_residual_momentum_vol_target,2016-03-28,2017-03-28,-0.09294001775077554
B2_residual_momentum_vol_target,2016-03-29,2017-03-29,0.20549352837442303
B2_residual_momentum_vol_target,2016-03-30,2017-03-30,0.7795457391789107
B2_residual_momentum_vol_target,2016-03-31,2017-03-31,0.6045346273474861
B2_residual_momentum_vol_target,2016-04-01,2017-04-03,-0.42919796862066484
B2_residual_momentum_vol_target,2016-04-04,2017-04-04,-0.2084874750256982
B2_residual_momentum_vol_target,2016-04-05,2017-04-05,-0.11351208872799612
B2_residual_momentum_vol_target,2016-04-06,2017-04-06,-0.46058889957526494
B2_residual_momentum_vol_target,2016-04-07,2017-04-07,0.16897846716195097
B2_residual_momentum_vol_target,2016-04-08,2017-04-10,-0.4926090486060519
B2_residual_momentum_vol_target,2016-04-11,2017-04-11,-0.3572741863879014
B2_residual_momentum_vol_target,2016-04-12,2017-04-12,-1.5217154423954882
B2_residual_momentum_vol_target,2016-04-13,2017-04-13,-1.9799261762500908
B2_residual_momentum_vol_target,2016-04-15,2017-04-17,-0.6314879323572553
B2_residual_momentum_vol_target,2016-04-18,2017-04-18,-1.6481476040485443
B2_residual_momentum_vol_target,2016-04-19,2017-04-19,-0.9569393355527867
B2_residual_momentum_vol_target,2016-04-20,2017-04-20,1.117656197039496
B2_residual_momentum_vol_target,2016-04-21,2017-04-21,1.929075610843345
B2_residual_momentum_vol_target,2016-04-22,2017-04-24,3.7575692587629606
B2_residual_momentum_vol_target,2016-04-25,2017-04-25,3.962064590486669
B2_residual_momentum_vol_target,2016-04-26,2017-04-26,3.9948386654298007
B2_residual_momentum_vol_target,2016-04-27,2017-04-27,3.651619181892518
B2_residual_momentum_vol_target,2016-04-28,2017-04-28,3.600918916464213
B2_residual_momentum_vol_target,2016-04-29,2017-05-01,4.377443719155316
B2_residual_momentum_vol_target,2016-05-02,2017-05-02,1.6414377607088193
B2_residual_momentum_vol_target,2016-05-03,2017-05-03,1.4146279337482914
B2_residual_momentum_vol_target,2016-05-04,2017-05-04,0.8913925028476877
B2_residual_momentum_vol_target,2016-05-05,2017-05-05,1.5319077600092434
B2_residual_momentum_vol_target,2016-05-06,2017-05-08,-0.13448286554625932
B2_residual_momentum_vol_target,2016-05-09,2017-05-09,-0.5722108134863735
B2_residual_momentum_vol_target,2016-05-10,2017-05-10,-0.9259803813785994
B2_residual_momentum_vol_target,2016-05-11,2017-05-11,-0.17605752057858748
B2_residual_momentum_vol_target,2016-05-12,2017-05-12,-1.0506830044551552
B2_residual_momentum_vol_target,2016-05-13,2017-05-15,0.2457386983514942
B2_residual_momentum_vol_target,2016-05-16,2017-05-16,0.39723900176942273
B2_residual_momentum_vol_target,2016-05-17,2017-05-17,-0.4095943952739489
B2_residual_momentum_vol_target,2016-05-18,2017-05-18,1.549066118870357
B2_residual_momentum_vol_target,2016-05-19,2017-05-19,2.307355156199309
B2_residual_momentum_vol_target,2016-05-20,2017-05-22,3.408185141588471
B2_residual_momentum_vol_target,2016-05-23,2017-05-23,3.7575950000133806
B2_residual_momentum_vol_target,2016-05-24,2017-05-24,3.0314281410247945
B2_residual_momentum_vol_target,2016-05-25,2017-05-25,4.346846418659278
B2_residual_momentum_vol_target,2016-05-26,2017-05-26,4.060109665150691
B2_residual_momentum_vol_target,2016-05-27,2017-05-30,3.871627348257922
B2_residual_momentum_vol_target,2016-05-31,2017-05-31,4.587221990962864
B2_residual_momentum_vol_target,2016-06-01,2017-06-01,4.612485776630049
B2_residual_momentum_vol_target,2016-06-02,2017-06-02,5.134084533759253
B2_residual_momentum_vol_target,2016-06-03,2017-06-05,4.079883324209277
B2_residual_momentum_vol_target,2016-06-06,2017-06-06,4.378773175440398
B2_residual_momentum_vol_target,2016-06-07,2017-06-07,5.037710202515111
B2_residual_momentum_vol_target,2016-06-08,2017-06-08,4.501168342639583
B2_residual_momentum_vol_target,2016-06-09,2017-06-09,1.67300239831345
B2_residual_momentum_vol_target,2016-06-10,2017-06-12,1.4467166771174433
B2_residual_momentum_vol_target,2016-06-13,2017-06-13,3.1172352497328637
B2_residual_momentum_vol_target,2016-06-14,2017-06-14,1.9980325437787272
B2_residual_momentum_vol_target,2016-06-15,2017-06-15,2.0690694035378376
B2_residual_momentum_vol_target,2016-06-16,2017-06-16,0.8256944009858991
B2_residual_momentum_vol_target,2016-06-17,2017-06-19,3.1208446650891286
B2_residual_momentum_vol_target,2016-06-20,2017-06-20,2.205224217503088
B2_residual_momentum_vol_target,2016-06-21,2017-06-21,2.846737730380555
B2_residual_momentum_vol_target,2016-06-22,2017-06-22,3.0092737725214924
B2_residual_momentum_vol_target,2016-06-23,2017-06-23,2.4613398197111946
B2_residual_momentum_vol_target,2016-06-24,2017-06-26,3.3868955412925894
B2_residual_momentum_vol_target,2016-06-27,2017-06-27,1.8560172138498698
B2_residual_momentum_vol_target,2016-06-28,2017-06-28,2.2284900479268455
B2_residual_momentum_vol_target,2016-06-29,2017-06-29,-0.4334678479545606
B2_residual_momentum_vol_target,2016-06-30,2017-06-30,-3.1495085917990995
B2_residual_momentum_vol_target,2016-07-01,2017-07-03,-3.3752689204561093
B2_residual_momentum_vol_target,2016-07-05,2017-07-05,-2.861460326140264
B2_residual_momentum_vol_target,2016-07-06,2017-07-06,-3.4531205869151482
B2_residual_momentum_vol_target,2016-07-07,2017-07-07,-1.4168231418664745
B2_residual_momentum_vol_target,2016-07-08,2017-07-10,-1.944631385754536
B2_residual_momentum_vol_target,2016-07-11,2017-07-11,-1.8071215892472514
B2_residual_momentum_vol_target,2016-07-12,2017-07-12,-0.4052143113184359
B2_residual_momentum_vol_target,2016-07-13,2017-07-13,-1.1152450202042363
B2_residual_momentum_vol_target,2016-07-14,2017-07-14,-0.016847594235980257
B2_residual_momentum_vol_target,2016-07-15,2017-07-17,0.37712930089186525
B2_residual_momentum_vol_target,2016-07-18,2017-07-18,0.8402814539514303
B2_residual_momentum_vol_target,2016-07-19,2017-07-19,1.3161024578080882
B2_residual_momentum_vol_target,2016-07-20,2017-07-20,1.5814376138606923
B2_residual_momentum_vol_target,2016-07-21,2017-07-21,1.974392433187
B2_residual_momentum_vol_target,2016-07-22,2017-07-24,0.9565098877057254
B2_residual_momentum_vol_target,2016-07-25,2017-07-25,1.1420931924016386
B2_residual_momentum_vol_target,2016-07-26,2017-07-26,2.1549635548114177
B2_residual_momentum_vol_target,2016-07-27,2017-07-27,2.2250346894234774
B2_residual_momentum_vol_target,2016-07-28,2017-07-28,2.1345230271743842
B2_residual_momentum_vol_target,2016-07-29,2017-07-31,1.6239309371246957
B2_residual_momentum_vol_target,2016-08-01,2017-08-01,1.4185416719728838
B2_residual_momentum_vol_target,2016-08-02,2017-08-02,2.368043334979242
B2_residual_momentum_vol_target,2016-08-03,2017-08-03,3.495930767096822
B2_residual_momentum_vol_target,2016-08-04,2017-08-04,3.3105230594178803
B2_residual_momentum_vol_target,2016-08-05,2017-08-07,4.670292284774669
B2_residual_momentum_vol_target,2016-08-08,2017-08-08,4.895383074058768
B2_residual_momentum_vol_target,2016-08-09,2017-08-09,4.467467163324357
B2_residual_momentum_vol_target,2016-08-10,2017-08-10,2.5522798374065347
B2_residual_momentum_vol_target,2016-08-11,2017-08-11,2.7756754185128907
B2_residual_momentum_vol_target,2016-08-12,2017-08-14,3.9624430420183154
B2_residual_momentum_vol_target,2016-08-15,2017-08-15,4.815222792357221
B2_residual_momentum_vol_target,2016-08-16,2017-08-16,6.483813347118139
B2_residual_momentum_vol_target,2016-08-17,2017-08-17,3.5755536471724803
B2_residual_momentum_vol_target,2016-08-18,2017-08-18,2.9937426551121415
B2_residual_momentum_vol_target,2016-08-19,2017-08-21,3.068255270494502
B2_residual_momentum_vol_target,2016-08-22,2017-08-22,4.236502876980852
B2_residual_momentum_vol_target,2016-08-23,2017-08-23,4.47233272876546
B2_residual_momentum_vol_target,2016-08-24,2017-08-24,4.530685594522832
B2_residual_momentum_vol_target,2016-08-25,2017-08-25,4.62377072365916
B2_residual_momentum_vol_target,2016-08-26,2017-08-28,5.7822661492858085
B2_residual_momentum_vol_target,2016-08-29,2017-08-29,4.882144530961896
B2_residual_momentum_vol_target,2016-08-30,2017-08-30,6.145737822962838
B2_residual_momentum_vol_target,2016-08-31,2017-08-31,6.24091184406701
B2_residual_momentum_vol_target,2016-09-01,2017-09-01,6.040671170122169
B2_residual_momentum_vol_target,2016-09-02,2017-09-05,3.5297473413802294
B2_residual_momentum_vol_target,2016-09-06,2017-09-06,2.5417329539166422
B2_residual_momentum_vol_target,2016-09-07,2017-09-07,2.209231506289555
B2_residual_momentum_vol_target,2016-09-08,2017-09-08,3.4951479280700637
B2_residual_momentum_vol_target,2016-09-09,2017-09-11,9.380789786023257
B2_residual_momentum_vol_target,2016-09-12,2017-09-12,7.910935060810154
B2_residual_momentum_vol_target,2016-09-13,2017-09-13,9.730448741686226
B2_residual_momentum_vol_target,2016-09-14,2017-09-14,9.856144741486506
B2_residual_momentum_vol_target,2016-09-15,2017-09-15,8.731156940236605
B2_residual_momentum_vol_target,2016-09-16,2017-09-18,9.283650034041347
B2_residual_momentum_vol_target,2016-09-19,2017-09-19,8.903342026803696
B2_residual_momentum_vol_target,2016-09-20,2017-09-20,9.094813745542417
B2_residual_momentum_vol_target,2016-09-21,2017-09-21,6.540259383535618
B2_residual_momentum_vol_target,2016-09-22,2017-09-22,5.512651521804557
B2_residual_momentum_vol_target,2016-09-23,2017-09-25,5.296828746668503
B2_residual_momentum_vol_target,2016-09-26,2017-09-26,5.269103904235939
B2_residual_momentum_vol_target,2016-09-27,2017-09-27,5.902177011560306
B2_residual_momentum_vol_target,2016-09-28,2017-09-28,6.069367737805931
B2_residual_momentum_vol_target,2016-09-29,2017-09-29,8.11156712221921
B2_residual_momentum_vol_target,2016-09-30,2017-10-02,8.296606705613275
B2_residual_momentum_vol_target,2016-10-03,2017-10-03,9.274958406730516
B2_residual_momentum_vol_target,2016-10-04,2017-10-04,11.591921029104824
B2_residual_momentum_vol_target,2016-10-05,2017-10-05,12.036393682262126
B2_residual_momentum_vol_target,2016-10-06,2017-10-06,12.126590019537197
B2_residual_momentum_vol_target,2016-10-07,2017-10-09,13.238382801058247
B2_residual_momentum_vol_target,2016-10-10,2017-10-10,12.716370194457017
B2_residual_momentum_vol_target,2016-10-11,2017-10-11,14.899995438777601
B2_residual_momentum_vol_target,2016-10-12,2017-10-12,14.32393117563513
B2_residual_momentum_vol_target,2016-10-13,2017-10-13,14.58712064854424
B2_residual_momentum_vol_target,2016-10-14,2017-10-16,14.954943484069027
B2_residual_momentum_vol_target,2016-10-17,2017-10-17,14.899016904384954
B2_residual_momentum_vol_target,2016-10-18,2017-10-18,14.340175917984865
B2_residual_momentum_vol_target,2016-10-19,2017-10-19,15.154363570931695
B2_residual_momentum_vol_target,2016-10-20,2017-10-20,16.190305652026215
B2_residual_momentum_vol_target,2016-10-21,2017-10-23,16.564071028112636
B2_residual_momentum_vol_target,2016-10-24,2017-10-24,16.465813605470657
B2_residual_momentum_vol_target,2016-10-25,2017-10-25,15.971260450285119
B2_residual_momentum_vol_target,2016-10-26,2017-10-26,17.812382528825353
B2_residual_momentum_vol_target,2016-10-27,2017-10-27,20.707286549433125
B2_residual_momentum_vol_target,2016-10-28,2017-10-30,19.939599847548184
B2_residual_momentum_vol_target,2016-10-31,2017-10-31,19.560444907394235
B2_residual_momentum_vol_target,2016-11-01,2017-11-01,20.69719842987525
B2_residual_momentum_vol_target,2016-11-02,2017-11-02,22.539628776831442
B2_residual_momentum_vol_target,2016-11-03,2017-11-03,22.719309916120412
B2_residual_momentum_vol_target,2016-11-04,2017-11-06,22.899003136772443
B2_residual_momentum_vol_target,2016-11-07,2017-11-07,21.50714492576167
B2_residual_momentum_vol_target,2016-11-08,2017-11-08,20.805348775141617
B2_residual_momentum_vol_target,2016-11-09,2017-11-09,21.187164330398044
B2_residual_momentum_vol_target,2016-11-10,2017-11-10,22.520209246001155
B2_residual_momentum_vol_target,2016-11-11,2017-11-13,24.46574612766641
B2_residual_momentum_vol_target,2016-11-14,2017-11-14,24.651022927059564
B2_residual_momentum_vol_target,2016-11-15,2017-11-15,22.457846555423842
B2_residual_momentum_vol_target,2016-11-16,2017-11-16,23.37087606054713
B2_residual_momentum_vol_target,2016-11-17,2017-11-17,22.684257670071272
B2_residual_momentum_vol_target,2016-11-18,2017-11-20,23.683107762433607
B2_residual_momentum_vol_target,2016-11-21,2017-11-21,24.5565373914727
B2_residual_momentum_vol_target,2016-11-22,2017-11-22,23.930347723290257
B2_residual_momentum_vol_target,2016-11-23,2017-11-24,24.518911615286655
B2_residual_momentum_vol_target,2016-11-25,2017-11-27,23.917226134962412
B2_residual_momentum_vol_target,2016-11-28,2017-11-28,25.243825248487518
B2_residual_momentum_vol_target,2016-11-29,2017-11-29,23.64054288095634
B2_residual_momentum_vol_target,2016-11-30,2017-11-30,26.926600566880165
B2_residual_momentum_vol_target,2016-12-01,2017-12-01,27.725827218119647
B2_residual_momentum_vol_target,2016-12-02,2017-12-04,23.913357010669543
B2_residual_momentum_vol_target,2016-12-05,2017-12-05,23.941282735336245
B2_residual_momentum_vol_target,2016-12-06,2017-12-06,24.716340987609108
B2_residual_momentum_vol_target,2016-12-07,2017-12-07,24.017514259575144
B2_residual_momentum_vol_target,2016-12-08,2017-12-08,24.039625640206964
B2_residual_momentum_vol_target,2016-12-09,2017-12-11,24.120744905321324
B2_residual_momentum_vol_target,2016-12-12,2017-12-12,23.91232901297453
B2_residual_momentum_vol_target,2016-12-13,2017-12-13,23.434622363509195
B2_residual_momentum_vol_target,2016-12-14,2017-12-14,24.612493590059636
B2_residual_momentum_vol_target,2016-12-15,2017-12-15,25.28987265063092
B2_residual_momentum_vol_target,2016-12-16,2017-12-18,25.03632270897258
B2_residual_momentum_vol_target,2016-12-19,2017-12-19,23.96502730377492
B2_residual_momentum_vol_target,2016-12-20,2017-12-20,23.47732735253265
B2_residual_momentum_vol_target,2016-12-21,2017-12-21,22.811079911052
B2_residual_momentum_vol_target,2016-12-22,2017-12-22,22.787055424989422
B2_residual_momentum_vol_target,2016-12-23,2017-12-26,22.393751385175896
B2_residual_momentum_vol_target,2016-12-27,2017-12-27,22.865745220037724
B2_residual_momentum_vol_target,2016-12-28,2017-12-28,24.311427066897906
B2_residual_momentum_vol_target,2016-12-29,2017-12-29,22.641773341877226
B2_residual_momentum_vol_target,2016-12-30,2018-01-02,23.543361533092778
B2_residual_momentum_vol_target,2017-01-03,2018-01-03,24.21767761796716
B2_residual_momentum_vol_target,2017-01-04,2018-01-04,23.26537969009248
B2_residual_momentum_vol_target,2017-01-05,2018-01-05,24.786598286368378
B2_residual_momentum_vol_target,2017-01-06,2018-01-08,25.85724926851356
B2_residual_momentum_vol_target,2017-01-09,2018-01-09,26.908068248520344
B2_residual_momentum_vol_target,2017-01-10,2018-01-10,25.910293120779126
B2_residual_momentum_vol_target,2017-01-11,2018-01-11,25.417126366172106
B2_residual_momentum_vol_target,2017-01-12,2018-01-12,26.561630427022287
B2_residual_momentum_vol_target,2017-01-13,2018-01-16,25.906179043755717
B2_residual_momentum_vol_target,2017-01-17,2018-01-17,28.68582577253742
B2_residual_momentum_vol_target,2017-01-18,2018-01-18,27.601648852934257
B2_residual_momentum_vol_target,2017-01-19,2018-01-19,28.709019630500453
B2_residual_momentum_vol_target,2017-01-20,2018-01-22,28.853808341776954
B2_residual_momentum_vol_target,2017-01-23,2018-01-23,29.24169873065672
B2_residual_momentum_vol_target,2017-01-24,2018-01-24,27.174341148254676
B2_residual_momentum_vol_target,2017-01-25,2018-01-25,27.797421795115305
B2_residual_momentum_vol_target,2017-01-26,2018-01-26,29.607131445695735
B2_residual_momentum_vol_target,2017-01-27,2018-01-29,27.44051978625035
B2_residual_momentum_vol_target,2017-01-30,2018-01-30,26.94327531644687
B2_residual_momentum_vol_target,2017-01-31,2018-01-31,28.442660686095735
B2_residual_momentum_vol_target,2017-02-01,2018-02-01,28.186203523821018
B2_residual_momentum_vol_target,2017-02-02,2018-02-02,25.83395981716352
B2_residual_momentum_vol_target,2017-02-03,2018-02-05,20.318022289170834
B2_residual_momentum_vol_target,2017-02-06,2018-02-06,21.984590170436636
B2_residual_momentum_vol_target,2017-02-07,2018-02-07,21.680666405064496
B2_residual_momentum_vol_target,2017-02-08,2018-02-08,16.793679678888317
B2_residual_momentum_vol_target,2017-02-09,2018-02-09,17.803966409127646
B2_residual_momentum_vol_target,2017-02-10,2018-02-12,18.735003270081265
B2_residual_momentum_vol_target,2017-02-13,2018-02-13,18.716632578187298
B2_residual_momentum_vol_target,2017-02-14,2018-02-14,20.32022320295992
B2_residual_momentum_vol_target,2017-02-15,2018-02-15,21.739724610471512
B2_residual_momentum_vol_target,2017-02-16,2018-02-16,22.280445370480685
B2_residual_momentum_vol_target,2017-02-17,2018-02-20,20.94488280519087
B2_residual_momentum_vol_target,2017-02-21,2018-02-21,19.2546249212884
B2_residual_momentum_vol_target,2017-02-22,2018-02-22,20.344537106769756
B2_residual_momentum_vol_target,2017-02-23,2018-02-23,22.434672761943
B2_residual_momentum_vol_target,2017-02-24,2018-02-26,22.53631442925206
B2_residual_momentum_vol_target,2017-02-27,2018-02-27,20.206044444346283
B2_residual_momentum_vol_target,2017-02-28,2018-02-28,18.945809099891207
B2_residual_momentum_vol_target,2017-03-01,2018-03-01,14.990825214017267
B2_residual_momentum_vol_target,2017-03-02,2018-03-02,16.855910017134356
B2_residual_momentum_vol_target,2017-03-03,2018-03-05,17.012596516177346
B2_residual_momentum_vol_target,2017-03-06,2018-03-06,17.499051214100938
B2_residual_momentum_vol_target,2017-03-07,2018-03-07,18.373130840848816
B2_residual_momentum_vol_target,2017-03-08,2018-03-08,19.8558976953062
B2_residual_momentum_vol_target,2017-03-09,2018-03-09,21.747774765669938
B2_residual_momentum_vol_target,2017-03-10,2018-03-12,20.811736654974112
B2_residual_momentum_vol_target,2017-03-13,2018-03-13,20.289806699724554
B2_residual_momentum_vol_target,2017-03-14,2018-03-14,21.07242893923338
B2_residual_momentum_vol_target,2017-03-15,2018-03-15,19.70360707126604
B2_residual_momentum_vol_target,2017-03-16,2018-03-16,20.277758489158295
B2_residual_momentum_vol_target,2017-03-17,2018-03-19,19.46584017732771
B2_residual_momentum_vol_target,2017-03-20,2018-03-20,20.559383400213704
B2_residual_momentum_vol_target,2017-03-21,2018-03-21,23.090374497724287
B2_residual_momentum_vol_target,2017-03-22,2018-03-22,19.84489468980959
B2_residual_momentum_vol_target,2017-03-23,2018-03-23,18.397284504032285
B2_residual_momentum_vol_target,2017-03-24,2018-03-26,20.753809503243858
B2_residual_momentum_vol_target,2017-03-27,2018-03-27,19.804051839480287
B2_residual_momentum_vol_target,2017-03-28,2018-03-28,18.494559639912445
B2_residual_momentum_vol_target,2017-03-29,2018-03-29,19.56356403335484
B2_residual_momentum_vol_target,2017-03-31,2018-04-02,17.393148826357184
B2_residual_momentum_vol_target,2017-04-03,2018-04-03,18.225404443029692
B2_residual_momentum_vol_target,2017-04-04,2018-04-04,18.736655182616822
B2_residual_momentum_vol_target,2017-04-05,2018-04-05,20.252912053620985
B2_residual_momentum_vol_target,2017-04-06,2018-04-06,18.008700129359756
B2_residual_momentum_vol_target,2017-04-07,2018-04-09,18.50957767420338
B2_residual_momentum_vol_target,2017-04-10,2018-04-10,20.521419825684028
B2_residual_momentum_vol_target,2017-04-11,2018-04-11,20.376517287814842
B2_residual_momentum_vol_target,2017-04-12,2018-04-12,22.288948687355735
B2_residual_momentum_vol_target,2017-04-13,2018-04-13,22.717997622544406
B2_residual_momentum_vol_target,2017-04-13,2018-04-16,23.055459512685637
B2_residual_momentum_vol_target,2017-04-17,2018-04-17,22.624917837237103
B2_residual_momentum_vol_target,2017-04-18,2018-04-18,23.74660301025415
B2_residual_momentum_vol_target,2017-04-19,2018-04-19,22.554957929982923
B2_residual_momentum_vol_target,2017-04-20,2018-04-20,19.977046350949124
B2_residual_momentum_vol_target,2017-04-21,2018-04-23,20.02717988117384
B2_residual_momentum_vol_target,2017-04-24,2018-04-24,16.81249210744664
B2_residual_momentum_vol_target,2017-04-25,2018-04-25,16.271797656754128
B2_residual_momentum_vol_target,2017-04-26,2018-04-26,17.205187904914297
B2_residual_momentum_vol_target,2017-04-27,2018-04-27,16.979480157420635
B2_residual_momentum_vol_target,2017-04-28,2018-04-30,16.98963217483451
B2_residual_momentum_vol_target,2017-05-01,2018-05-01,16.180084228953696
B2_residual_momentum_vol_target,2017-05-02,2018-05-02,17.194926917607688
B2_residual_momentum_vol_target,2017-05-03,2018-05-03,17.717197074363035
B2_residual_momentum_vol_target,2017-05-04,2018-05-04,18.171182318819067
B2_residual_momentum_vol_target,2017-05-05,2018-05-07,17.847279245023806
B2_residual_momentum_vol_target,2017-05-08,2018-05-08,18.561310131268737
B2_residual_momentum_vol_target,2017-05-09,2018-05-09,18.819804661876226
B2_residual_momentum_vol_target,2017-05-10,2018-05-10,18.761773230207734
B2_residual_momentum_vol_target,2017-05-11,2018-05-11,19.02469823844686
B2_residual_momentum_vol_target,2017-05-12,2018-05-14,19.012668553138433
B2_residual_momentum_vol_target,2017-05-15,2018-05-15,17.927510923025647
B2_residual_momentum_vol_target,2017-05-16,2018-05-16,17.525059809676048
B2_residual_momentum_vol_target,2017-05-17,2018-05-17,20.80880264023115
B2_residual_momentum_vol_target,2017-05-18,2018-05-18,20.174022501485457
B2_residual_momentum_vol_target,2017-05-19,2018-05-21,20.253193889911202
B2_residual_momentum_vol_target,2017-05-22,2018-05-22,18.819155368616226
B2_residual_momentum_vol_target,2017-05-23,2018-05-23,18.972425468396615
B2_residual_momentum_vol_target,2017-05-24,2018-05-24,18.479985400972133
B2_residual_momentum_vol_target,2017-05-25,2018-05-25,17.050015522658878
B2_residual_momentum_vol_target,2017-05-26,2018-05-29,16.364803918503213
B2_residual_momentum_vol_target,2017-05-30,2018-05-30,17.16710943973634
B2_residual_momentum_vol_target,2017-05-31,2018-05-31,16.367763623159327
B2_residual_momentum_vol_target,2017-06-01,2018-06-01,17.390991184020987
B2_residual_momentum_vol_target,2017-06-02,2018-06-04,15.387094551605408
B2_residual_momentum_vol_target,2017-06-05,2018-06-05,16.49141570729402
B2_residual_momentum_vol_target,2017-06-06,2018-06-06,17.276606916261763
B2_residual_momentum_vol_target,2017-06-07,2018-06-07,15.688605660584521
B2_residual_momentum_vol_target,2017-06-08,2018-06-08,16.046519447863105
B2_residual_momentum_vol_target,2017-06-09,2018-06-11,18.73542458002364
B2_residual_momentum_vol_target,2017-06-12,2018-06-12,19.671523928969137
B2_residual_momentum_vol_target,2017-06-13,2018-06-13,18.266865113261876
B2_residual_momentum_vol_target,2017-06-14,2018-06-14,19.285996313935925
B2_residual_momentum_vol_target,2017-06-15,2018-06-15,19.94649813471414
B2_residual_momentum_vol_target,2017-06-16,2018-06-18,20.391552530838688
B2_residual_momentum_vol_target,2017-06-19,2018-06-19,17.946917323256194
B2_residual_momentum_vol_target,2017-06-20,2018-06-20,18.710947618771012
B2_residual_momentum_vol_target,2017-06-21,2018-06-21,16.49807794551488
B2_residual_momentum_vol_target,2017-06-22,2018-06-22,16.000201682645997
B2_residual_momentum_vol_target,2017-06-23,2018-06-25,14.141615547034615
B2_residual_momentum_vol_target,2017-06-26,2018-06-26,14.49621376414063
B2_residual_momentum_vol_target,2017-06-27,2018-06-27,14.888996690629686
B2_residual_momentum_vol_target,2017-06-28,2018-06-28,14.046290505706672
B2_residual_momentum_vol_target,2017-06-29,2018-06-29,16.00067309626334
B2_residual_momentum_vol_target,2017-06-30,2018-07-02,16.47450041326195
B2_residual_momentum_vol_target,2017-07-03,2018-07-03,16.620886400544666
B2_residual_momentum_vol_target,2017-07-05,2018-07-05,15.428433071833503
B2_residual_momentum_vol_target,2017-07-06,2018-07-06,16.797620781314613
B2_residual_momentum_vol_target,2017-07-07,2018-07-09,16.337113794416446
B2_residual_momentum_vol_target,2017-07-10,2018-07-10,16.083213967448874
B2_residual_momentum_vol_target,2017-07-11,2018-07-11,15.174273187937004
B2_residual_momentum_vol_target,2017-07-12,2018-07-12,15.400361854458033
B2_residual_momentum_vol_target,2017-07-13,2018-07-13,15.642887945614593
B2_residual_momentum_vol_target,2017-07-14,2018-07-16,14.689083713113815
B2_residual_momentum_vol_target,2017-07-17,2018-07-17,14.979965442011167
B2_residual_momentum_vol_target,2017-07-18,2018-07-18,14.761208881825304
B2_residual_momentum_vol_target,2017-07-19,2018-07-19,13.7663168294069
B2_residual_momentum_vol_target,2017-07-20,2018-07-20,13.821991342663754
B2_residual_momentum_vol_target,2017-07-21,2018-07-23,14.107968400092519
B2_residual_momentum_vol_target,2017-07-24,2018-07-24,13.787320909953227
B2_residual_momentum_vol_target,2017-07-25,2018-07-25,15.582129631118647
B2_residual_momentum_vol_target,2017-07-26,2018-07-26,14.77122442722074
B2_residual_momentum_vol_target,2017-07-27,2018-07-27,14.68287991882078
B2_residual_momentum_vol_target,2017-07-28,2018-07-30,13.121568335719891
B2_residual_momentum_vol_target,2017-07-31,2018-07-31,14.50202128521636
B2_residual_momentum_vol_target,2017-08-01,2018-08-01,14.134269173407565
B2_residual_momentum_vol_target,2017-08-02,2018-08-02,15.105921480228513
B2_residual_momentum_vol_target,2017-08-03,2018-08-03,15.086772735866006
B2_residual_momentum_vol_target,2017-08-04,2018-08-06,15.777017720152298
B2_residual_momentum_vol_target,2017-08-07,2018-08-07,16.345434715834294
B2_residual_momentum_vol_target,2017-08-08,2018-08-08,16.68070187394537
B2_residual_momentum_vol_target,2017-08-09,2018-08-09,16.267566122170972
B2_residual_momentum_vol_target,2017-08-10,2018-08-10,18.035792317797615
B2_residual_momentum_vol_target,2017-08-11,2018-08-13,17.278800881188406
B2_residual_momentum_vol_target,2017-08-14,2018-08-14,17.190200929235246
B2_residual_momentum_vol_target,2017-08-15,2018-08-15,14.703227645414385
B2_residual_momentum_vol_target,2017-08-16,2018-08-16,14.604543678139304
B2_residual_momentum_vol_target,2017-08-17,2018-08-17,17.103056458096976
B2_residual_momentum_vol_target,2017-08-18,2018-08-20,18.420444282947624
B2_residual_momentum_vol_target,2017-08-21,2018-08-21,19.316743474201893
B2_residual_momentum_vol_target,2017-08-22,2018-08-22,18.115020711920327
B2_residual_momentum_vol_target,2017-08-23,2018-08-23,19.07608087486139
B2_residual_momentum_vol_target,2017-08-24,2018-08-24,20.620243549426643
B2_residual_momentum_vol_target,2017-08-25,2018-08-27,21.05186418720104
B2_residual_momentum_vol_target,2017-08-28,2018-08-28,21.164287767301527
B2_residual_momentum_vol_target,2017-08-29,2018-08-29,22.02196230540645
B2_residual_momentum_vol_target,2017-08-30,2018-08-30,20.930991200475944
B2_residual_momentum_vol_target,2017-08-31,2018-08-31,20.72654277962347
B2_residual_momentum_vol_target,2017-09-01,2018-09-04,21.27755357537342
B2_residual_momentum_vol_target,2017-09-05,2018-09-05,21.13475259746278
B2_residual_momentum_vol_target,2017-09-06,2018-09-06,20.850804644122924
B2_residual_momentum_vol_target,2017-09-07,2018-09-07,20.57119016041764
B2_residual_momentum_vol_target,2017-09-08,2018-09-10,20.256118619549767
B2_residual_momentum_vol_target,2017-09-11,2018-09-11,18.983878487799434
B2_residual_momentum_vol_target,2017-09-12,2018-09-12,18.58621092159698
B2_residual_momentum_vol_target,2017-09-13,2018-09-13,19.238232295152045
B2_residual_momentum_vol_target,2017-09-14,2018-09-14,19.273088034683084
B2_residual_momentum_vol_target,2017-09-15,2018-09-17,17.94218538888892
B2_residual_momentum_vol_target,2017-09-18,2018-09-18,18.743144999260664
B2_residual_momentum_vol_target,2017-09-19,2018-09-19,15.604838943736699
B2_residual_momentum_vol_target,2017-09-20,2018-09-20,15.676173490455447
B2_residual_momentum_vol_target,2017-09-21,2018-09-21,16.028776615823514
B2_residual_momentum_vol_target,2017-09-22,2018-09-24,16.312303851893574
B2_residual_momentum_vol_target,2017-09-25,2018-09-25,17.951340490575497
B2_residual_momentum_vol_target,2017-09-26,2018-09-26,17.674285350651118
B2_residual_momentum_vol_target,2017-09-27,2018-09-27,17.011169495185797
B2_residual_momentum_vol_target,2017-09-28,2018-09-28,16.78201790622118
B2_residual_momentum_vol_target,2017-09-29,2018-10-01,16.18520447216465
B2_residual_momentum_vol_target,2017-10-02,2018-10-02,14.880781725364823
B2_residual_momentum_vol_target,2017-10-03,2018-10-03,15.250442716213254
B2_residual_momentum_vol_target,2017-10-04,2018-10-04,13.027357499498194
B2_residual_momentum_vol_target,2017-10-05,2018-10-05,12.173888650682386
B2_residual_momentum_vol_target,2017-10-06,2018-10-08,10.528262703833512
B2_residual_momentum_vol_target,2017-10-09,2018-10-09,10.362343208330893
B2_residual_momentum_vol_target,2017-10-10,2018-10-10,4.712907277315281
B2_residual_momentum_vol_target,2017-10-11,2018-10-11,2.3018803014434264
B2_residual_momentum_vol_target,2017-10-12,2018-10-12,4.670895732772329
B2_residual_momentum_vol_target,2017-10-13,2018-10-15,2.982850051988861
B2_residual_momentum_vol_target,2017-10-16,2018-10-16,5.456115281788665
B2_residual_momentum_vol_target,2017-10-17,2018-10-17,5.280197815411691
B2_residual_momentum_vol_target,2017-10-18,2018-10-18,3.649530694717029
B2_residual_momentum_vol_target,2017-10-19,2018-10-19,1.2389779469741846
B2_residual_momentum_vol_target,2017-10-20,2018-10-22,1.4049185875042003
B2_residual_momentum_vol_target,2017-10-23,2018-10-23,0.40641360724422704
B2_residual_momentum_vol_target,2017-10-24,2018-10-24,-3.5501975220515347
B2_residual_momentum_vol_target,2017-10-25,2018-10-25,-0.14798638972781664
B2_residual_momentum_vol_target,2017-10-26,2018-10-26,-3.014091546281128
B2_residual_momentum_vol_target,2017-10-27,2018-10-29,-5.191060553660753
B2_residual_momentum_vol_target,2017-10-30,2018-10-30,-3.3174442385600633
B2_residual_momentum_vol_target,2017-10-31,2018-10-31,-1.9452427246631543
B2_residual_momentum_vol_target,2017-11-01,2018-11-01,-1.7605382641667222
B2_residual_momentum_vol_target,2017-11-02,2018-11-02,-2.4876826326790114
B2_residual_momentum_vol_target,2017-11-03,2018-11-05,-3.138072998243513
B2_residual_momentum_vol_target,2017-11-06,2018-11-06,-3.4156052974413265
B2_residual_momentum_vol_target,2017-11-07,2018-11-07,-3.88037371123382
B2_residual_momentum_vol_target,2017-11-08,2018-11-08,-3.747071291983417
B2_residual_momentum_vol_target,2017-11-09,2018-11-09,-3.161882828506868
B2_residual_momentum_vol_target,2017-11-10,2018-11-12,-3.2585425247522504
B2_residual_momentum_vol_target,2017-11-13,2018-11-13,-4.008743379809044
B2_residual_momentum_vol_target,2017-11-14,2018-11-14,-4.129830361981823
B2_residual_momentum_vol_target,2017-11-15,2018-11-15,-3.6706541655381675
B2_residual_momentum_vol_target,2017-11-16,2018-11-16,-4.507073326607713
B2_residual_momentum_vol_target,2017-11-17,2018-11-19,-4.22389517312568
B2_residual_momentum_vol_target,2017-11-20,2018-11-20,-4.795900792084984
B2_residual_momentum_vol_target,2017-11-21,2018-11-21,-5.374134043397227
B2_residual_momentum_vol_target,2017-11-22,2018-11-23,-4.889456643948931
B2_residual_momentum_vol_target,2017-11-24,2018-11-26,-5.169628833802276
B2_residual_momentum_vol_target,2017-11-27,2018-11-27,-5.335303338840891
B2_residual_momentum_vol_target,2017-11-28,2018-11-28,-6.146783436597058
B2_residual_momentum_vol_target,2017-11-29,2018-11-29,-5.528373479222459
B2_residual_momentum_vol_target,2017-11-30,2018-11-30,-6.693216115126788
B2_residual_momentum_vol_target,2017-12-01,2018-12-03,-6.376570131785497
B2_residual_momentum_vol_target,2017-12-04,2018-12-04,-6.072657215681998
B2_residual_momentum_vol_target,2017-12-06,2018-12-06,-6.606795876260064
B2_residual_momentum_vol_target,2017-12-07,2018-12-07,-8.683751647707261
B2_residual_momentum_vol_target,2017-12-08,2018-12-10,-8.468379909413049
B2_residual_momentum_vol_target,2017-12-11,2018-12-11,-8.499582664272898
B2_residual_momentum_vol_target,2017-12-12,2018-12-12,-7.903706862393078
B2_residual_momentum_vol_target,2017-12-13,2018-12-13,-8.284791577764217
B2_residual_momentum_vol_target,2017-12-14,2018-12-14,-9.384310649166439
B2_residual_momentum_vol_target,2017-12-15,2018-12-17,-11.617278098232454
B2_residual_momentum_vol_target,2017-12-18,2018-12-18,-11.568904149094184
B2_residual_momentum_vol_target,2017-12-19,2018-12-19,-11.778451383181155
B2_residual_momentum_vol_target,2017-12-20,2018-12-20,-12.31262207522239
B2_residual_momentum_vol_target,2017-12-21,2018-12-21,-12.650349363439961
B2_residual_momentum_vol_target,2017-12-22,2018-12-24,-14.018359730343466
B2_residual_momentum_vol_target,2017-12-26,2018-12-26,-11.472025594170876
B2_residual_momentum_vol_target,2017-12-27,2018-12-27,-11.405236562574906
B2_residual_momentum_vol_target,2017-12-28,2018-12-28,-11.822008950502294
B2_residual_momentum_vol_target,2017-12-29,2018-12-31,-10.6067053439041
B2_residual_momentum_vol_target,2018-01-02,2019-01-02,-11.714146925536284
B2_residual_momentum_vol_target,2018-01-03,2019-01-03,-12.478729797746336
B2_residual_momentum_vol_target,2018-01-04,2019-01-04,-12.337778240436226
B2_residual_momentum_vol_target,2018-01-05,2019-01-07,-13.287410698788804
B2_residual_momentum_vol_target,2018-01-08,2019-01-08,-13.892157233314528
B2_residual_momentum_vol_target,2018-01-09,2019-01-09,-14.173864331153085
B2_residual_momentum_vol_target,2018-01-10,2019-01-10,-13.69533876159117
B2_residual_momentum_vol_target,2018-01-11,2019-01-11,-13.923392909953646
B2_residual_momentum_vol_target,2018-01-12,2019-01-14,-13.986490478768754
B2_residual_momentum_vol_target,2018-01-12,2019-01-15,-13.986490478768754
B2_residual_momentum_vol_target,2018-01-16,2019-01-16,-13.869243313197499
B2_residual_momentum_vol_target,2018-01-17,2019-01-17,-15.238306653688527
B2_residual_momentum_vol_target,2018-01-18,2019-01-18,-14.98548173676344
B2_residual_momentum_vol_target,2018-01-22,2019-01-22,-15.950114578225449
B2_residual_momentum_vol_target,2018-01-23,2019-01-23,-16.141559286374086
B2_residual_momentum_vol_target,2018-01-24,2019-01-24,-16.115328008690966
B2_residual_momentum_vol_target,2018-01-25,2019-01-25,-16.82934504000776
B2_residual_momentum_vol_target,2018-01-26,2019-01-28,-17.883633823024468
B2_residual_momentum_vol_target,2018-01-29,2019-01-29,-16.55029161694189
B2_residual_momentum_vol_target,2018-01-30,2019-01-30,-15.729279887502923
B2_residual_momentum_vol_target,2018-01-31,2019-01-31,-16.13359564071186
B2_residual_momentum_vol_target,2018-02-01,2019-02-01,-15.674896161809649
B2_residual_momentum_vol_target,2018-02-02,2019-02-04,-14.357488257627116
B2_residual_momentum_vol_target,2018-02-05,2019-02-05,-11.351014387564861
B2_residual_momentum_vol_target,2018-02-06,2019-02-06,-11.904958374981312
B2_residual_momentum_vol_target,2018-02-07,2019-02-07,-11.796953506702934
B2_residual_momentum_vol_target,2018-02-08,2019-02-08,-8.134716721837265
B2_residual_momentum_vol_target,2018-02-09,2019-02-11,-9.292041171651299
B2_residual_momentum_vol_target,2018-02-12,2019-02-12,-10.442164832522394
B2_residual_momentum_vol_target,2018-02-13,2019-02-13,-10.847709801443662
B2_residual_momentum_vol_target,2018-02-14,2019-02-14,-12.11829562659863
B2_residual_momentum_vol_target,2018-02-15,2019-02-15,-13.245566990966928
B2_residual_momentum_vol_target,2018-02-16,2019-02-19,-13.636289340027286
B2_residual_momentum_vol_target,2018-02-20,2019-02-20,-12.624825309380972
B2_residual_momentum_vol_target,2018-02-21,2019-02-21,-12.108270107041674
B2_residual_momentum_vol_target,2018-02-22,2019-02-22,-12.527326580566944
B2_residual_momentum_vol_target,2018-02-23,2019-02-25,-13.682751711198826
B2_residual_momentum_vol_target,2018-02-26,2019-02-26,-14.241653552524113
B2_residual_momentum_vol_target,2018-02-27,2019-02-27,-13.028720320711384
B2_residual_momentum_vol_target,2018-02-28,2019-02-28,-12.034646186466203
B2_residual_momentum_vol_target,2018-03-01,2019-03-01,-10.702711707657453
B2_residual_momentum_vol_target,2018-03-02,2019-03-04,-11.246727557159774
B2_residual_momentum_vol_target,2018-03-05,2019-03-05,-11.688982002796289
B2_residual_momentum_vol_target,2018-03-06,2019-03-06,-12.201530855211528
B2_residual_momentum_vol_target,2018-03-07,2019-03-07,-12.539956408873831
B2_residual_momentum_vol_target,2018-03-08,2019-03-08,-13.132386334617385
B2_residual_momentum_vol_target,2018-03-09,2019-03-11,-13.868830304687885
B2_residual_momentum_vol_target,2018-03-12,2019-03-12,-13.2532934102907
B2_residual_momentum_vol_target,2018-03-13,2019-03-13,-12.849447242257561
B2_residual_momentum_vol_target,2018-03-14,2019-03-14,-12.800199073138696
B2_residual_momentum_vol_target,2018-03-15,2019-03-15,-12.465070925155064
B2_residual_momentum_vol_target,2018-03-16,2019-03-18,-12.535735496345435
B2_residual_momentum_vol_target,2018-03-19,2019-03-19,-11.764536557799499
B2_residual_momentum_vol_target,2018-03-20,2019-03-20,-12.290327344675989
B2_residual_momentum_vol_target,2018-03-21,2019-03-21,-11.040872504913146
B2_residual_momentum_vol_target,2018-03-22,2019-03-22,-9.695557702982939
B2_residual_momentum_vol_target,2018-03-23,2019-03-25,-8.31632493776353
B2_residual_momentum_vol_target,2018-03-26,2019-03-26,-9.612797715828759
B2_residual_momentum_vol_target,2018-03-27,2019-03-27,-8.68682760868732
B2_residual_momentum_vol_target,2018-03-28,2019-03-28,-8.444713860996423
B2_residual_momentum_vol_target,2018-03-29,2019-03-29,-9.216919329563344
B2_residual_momentum_vol_target,2018-03-29,2019-04-01,-9.318004249433876
B2_residual_momentum_vol_target,2018-04-02,2019-04-02,-7.838142047227836
B2_residual_momentum_vol_target,2018-04-03,2019-04-03,-8.367714628868772
B2_residual_momentum_vol_target,2018-04-04,2019-04-04,-9.265652268010594
B2_residual_momentum_vol_target,2018-04-05,2019-04-05,-9.281603548340101
B2_residual_momentum_vol_target,2018-04-06,2019-04-08,-7.9421527324515235
B2_residual_momentum_vol_target,2018-04-09,2019-04-09,-8.566812428515524
B2_residual_momentum_vol_target,2018-04-10,2019-04-10,-9.091919852597407
B2_residual_momentum_vol_target,2018-04-11,2019-04-11,-8.865744779847573
B2_residual_momentum_vol_target,2018-04-12,2019-04-12,-9.410773877530133
B2_residual_momentum_vol_target,2018-04-13,2019-04-15,-8.964510970447249
B2_residual_momentum_vol_target,2018-04-16,2019-04-16,-10.968645135359601
B2_residual_momentum_vol_target,2018-04-17,2019-04-17,-13.18748386162991
B2_residual_momentum_vol_target,2018-04-18,2019-04-18,-13.307206249067837
B2_residual_momentum_vol_target,2018-04-20,2019-04-22,-12.656954013018385
B2_residual_momentum_vol_target,2018-04-23,2019-04-23,-10.987054931234974
B2_residual_momentum_vol_target,2018-04-24,2019-04-24,-9.369499136210745
B2_residual_momentum_vol_target,2018-04-25,2019-04-25,-9.817456163292137
B2_residual_momentum_vol_target,2018-04-26,2019-04-26,-10.486108529337923
B2_residual_momentum_vol_target,2018-04-27,2019-04-29,-10.95164112169259
B2_residual_momentum_vol_target,2018-04-30,2019-04-30,-9.79295070733681
B2_residual_momentum_vol_target,2018-05-01,2019-05-01,-11.014214002839918
B2_residual_momentum_vol_target,2018-05-02,2019-05-02,-9.904860538843918
B2_residual_momentum_vol_target,2018-05-03,2019-05-03,-9.72906904674231
B2_residual_momentum_vol_target,2018-05-04,2019-05-06,-10.317844203520732
B2_residual_momentum_vol_target,2018-05-07,2019-05-07,-12.224158210777947
B2_residual_momentum_vol_target,2018-05-08,2019-05-08,-12.310320359789584
B2_residual_momentum_vol_target,2018-05-09,2019-05-09,-12.752949017260528
B2_residual_momentum_vol_target,2018-05-10,2019-05-10,-12.496297493815733
B2_residual_momentum_vol_target,2018-05-11,2019-05-13,-13.641537493640232
B2_residual_momentum_vol_target,2018-05-14,2019-05-14,-13.212647448184377
B2_residual_momentum_vol_target,2018-05-15,2019-05-15,-12.438244144289168
B2_residual_momentum_vol_target,2018-05-16,2019-05-16,-11.954988837117742
B2_residual_momentum_vol_target,2018-05-17,2019-05-17,-12.267996967122208
B2_residual_momentum_vol_target,2018-05-18,2019-05-20,-13.543391051302777
B2_residual_momentum_vol_target,2018-05-21,2019-05-21,-13.22021506393547
B2_residual_momentum_vol_target,2018-05-22,2019-05-22,-12.456812381547566
B2_residual_momentum_vol_target,2018-05-23,2019-05-23,-13.13446866080109
B2_residual_momentum_vol_target,2018-05-24,2019-05-24,-13.11725576432724
B2_residual_momentum_vol_target,2018-05-25,2019-05-28,-13.611317857292015
B2_residual_momentum_vol_target,2018-05-29,2019-05-29,-13.994628928905584
B2_residual_momentum_vol_target,2018-05-30,2019-05-30,-13.66063707127565
B2_residual_momentum_vol_target,2018-05-31,2019-05-31,-13.798141573456657
B2_residual_momentum_vol_target,2018-06-01,2019-06-03,-14.764296644623142
B2_residual_momentum_vol_target,2018-06-04,2019-06-04,-13.853003785317119
B2_residual_momentum_vol_target,2018-06-05,2019-06-05,-14.312893524332914
B2_residual_momentum_vol_target,2018-06-06,2019-06-06,-14.97247735828452
B2_residual_momentum_vol_target,2018-06-07,2019-06-07,-14.517561028268366
B2_residual_momentum_vol_target,2018-06-08,2019-06-10,-14.812441323220249
B2_residual_momentum_vol_target,2018-06-11,2019-06-11,-14.897964932903719
B2_residual_momentum_vol_target,2018-06-12,2019-06-12,-15.129824911788292
B2_residual_momentum_vol_target,2018-06-13,2019-06-13,-14.962852433514795
B2_residual_momentum_vol_target,2018-06-14,2019-06-14,-15.091568215155359
B2_residual_momentum_vol_target,2018-06-15,2019-06-17,-15.26013843387457
B2_residual_momentum_vol_target,2018-06-18,2019-06-18,-15.27301309033301
B2_residual_momentum_vol_target,2018-06-19,2019-06-19,-14.8622956434318
B2_residual_momentum_vol_target,2018-06-20,2019-06-20,-14.941683835264975
B2_residual_momentum_vol_target,2018-06-21,2019-06-21,-14.28900740461062
B2_residual_momentum_vol_target,2018-06-22,2019-06-24,-13.928990442032285
B2_residual_momentum_vol_target,2018-06-25,2019-06-25,-12.739232400720091
B2_residual_momentum_vol_target,2018-06-26,2019-06-26,-13.01413846040238
B2_residual_momentum_vol_target,2018-06-27,2019-06-27,-12.157905907262146
B2_residual_momentum_vol_target,2018-06-28,2019-06-28,-12.603920491299315
B2_residual_momentum_vol_target,2018-06-29,2019-07-01,-12.78270306417233
B2_residual_momentum_vol_target,2018-07-02,2019-07-02,-11.998001210934328
B2_residual_momentum_vol_target,2018-07-03,2019-07-03,-10.382309416527235
B2_residual_momentum_vol_target,2018-07-05,2019-07-05,-11.11777465722562
B2_residual_momentum_vol_target,2018-07-06,2019-07-08,-11.663526664163937
B2_residual_momentum_vol_target,2018-07-09,2019-07-09,-12.2651299132993
B2_residual_momentum_vol_target,2018-07-10,2019-07-10,-12.159491557650416
B2_residual_momentum_vol_target,2018-07-11,2019-07-11,-11.917851824528846
B2_residual_momentum_vol_target,2018-07-12,2019-07-12,-12.653542424522623
B2_residual_momentum_vol_target,2018-07-13,2019-07-15,-12.339553964381423
B2_residual_momentum_vol_target,2018-07-16,2019-07-16,-12.316396331253864
B2_residual_momentum_vol_target,2018-07-17,2019-07-17,-12.650719306913484
B2_residual_momentum_vol_target,2018-07-18,2019-07-18,-12.183025138177673
B2_residual_momentum_vol_target,2018-07-19,2019-07-19,-12.829381410520856
B2_residual_momentum_vol_target,2018-07-20,2019-07-22,-12.822676264269251
B2_residual_momentum_vol_target,2018-07-23,2019-07-23,-12.853774631023828
B2_residual_momentum_vol_target,2018-07-24,2019-07-24,-12.952502363588891
B2_residual_momentum_vol_target,2018-07-25,2019-07-25,-13.980521133327828
B2_residual_momentum_vol_target,2018-07-26,2019-07-26,-12.447808260656512
B2_residual_momentum_vol_target,2018-07-27,2019-07-29,-11.55227803781288
B2_residual_momentum_vol_target,2018-07-30,2019-07-30,-10.315794324742889
B2_residual_momentum_vol_target,2018-07-31,2019-07-31,-11.590685848403236
B2_residual_momentum_vol_target,2018-08-01,2019-08-01,-11.520345384905738
B2_residual_momentum_vol_target,2018-08-02,2019-08-02,-12.64956379340203
B2_residual_momentum_vol_target,2018-08-03,2019-08-05,-14.431524764520375
B2_residual_momentum_vol_target,2018-08-06,2019-08-06,-13.877196490415123
B2_residual_momentum_vol_target,2018-08-07,2019-08-07,-14.492881742558472
B2_residual_momentum_vol_target,2018-08-08,2019-08-08,-13.33947647588738
B2_residual_momentum_vol_target,2018-08-09,2019-08-09,-12.689588398367412
B2_residual_momentum_vol_target,2018-08-10,2019-08-12,-13.455618743199892
B2_residual_momentum_vol_target,2018-08-13,2019-08-13,-12.187393197551543
B2_residual_momentum_vol_target,2018-08-14,2019-08-14,-15.328999782914131
B2_residual_momentum_vol_target,2018-08-15,2019-08-15,-12.564623816386089
B2_residual_momentum_vol_target,2018-08-16,2019-08-16,-12.141471852892094
B2_residual_momentum_vol_target,2018-08-17,2019-08-19,-11.688941249507822
B2_residual_momentum_vol_target,2018-08-20,2019-08-20,-12.995509204980104
B2_residual_momentum_vol_target,2018-08-21,2019-08-21,-12.531712880309897
B2_residual_momentum_vol_target,2018-08-22,2019-08-22,-13.082921187282748
B2_residual_momentum_vol_target,2018-08-23,2019-08-23,-15.078644435960376
B2_residual_momentum_vol_target,2018-08-24,2019-08-26,-14.89306849118044
B2_residual_momentum_vol_target,2018-08-27,2019-08-27,-14.994048586948983
B2_residual_momentum_vol_target,2018-08-28,2019-08-28,-14.75648396003687
B2_residual_momentum_vol_target,2018-08-29,2019-08-29,-14.899131054445135
B2_residual_momentum_vol_target,2018-08-30,2019-08-30,-14.632768136443875
B2_residual_momentum_vol_target,2018-08-31,2019-09-03,-14.397951583728908
B2_residual_momentum_vol_target,2018-09-04,2019-09-04,-14.127609580735678
B2_residual_momentum_vol_target,2018-09-05,2019-09-05,-13.100048780535001
B2_residual_momentum_vol_target,2018-09-06,2019-09-06,-12.791175450052839
B2_residual_momentum_vol_target,2018-09-07,2019-09-09,-14.395052353009119
B2_residual_momentum_vol_target,2018-09-10,2019-09-10,-16.758219985877666
B2_residual_momentum_vol_target,2018-09-11,2019-09-11,-17.103455403116175
B2_residual_momentum_vol_target,2018-09-12,2019-09-12,-16.262226432148786
B2_residual_momentum_vol_target,2018-09-13,2019-09-13,-17.370922962065695
B2_residual_momentum_vol_target,2018-09-14,2019-09-16,-17.802294776575746
B2_residual_momentum_vol_target,2018-09-17,2019-09-17,-15.409144225081173
B2_residual_momentum_vol_target,2018-09-18,2019-09-18,-15.984054986329832
B2_residual_momentum_vol_target,2018-09-19,2019-09-19,-14.028199611001558
B2_residual_momentum_vol_target,2018-09-20,2019-09-20,-14.554253328194466
B2_residual_momentum_vol_target,2018-09-21,2019-09-23,-14.533824930905325
B2_residual_momentum_vol_target,2018-09-24,2019-09-24,-14.590359310894229
B2_residual_momentum_vol_target,2018-09-25,2019-09-25,-15.323179275985765
B2_residual_momentum_vol_target,2018-09-26,2019-09-26,-14.672776308723401
B2_residual_momentum_vol_target,2018-09-27,2019-09-27,-15.272770617611098
B2_residual_momentum_vol_target,2018-09-28,2019-09-30,-14.942954310362055
B2_residual_momentum_vol_target,2018-10-01,2019-10-01,-15.557944148821479
B2_residual_momentum_vol_target,2018-10-02,2019-10-02,-15.826287501528824
B2_residual_momentum_vol_target,2018-10-03,2019-10-03,-15.601607626972358
B2_residual_momentum_vol_target,2018-10-04,2019-10-04,-12.992212820070437
B2_residual_momentum_vol_target,2018-10-05,2019-10-07,-13.038614239952606
B2_residual_momentum_vol_target,2018-10-08,2019-10-08,-12.577181686628913
B2_residual_momentum_vol_target,2018-10-09,2019-10-09,-11.827957380145815
B2_residual_momentum_vol_target,2018-10-10,2019-10-10,-6.871035493086996
B2_residual_momentum_vol_target,2018-10-11,2019-10-11,-5.6717297114825875
B2_residual_momentum_vol_target,2018-10-12,2019-10-14,-8.332764927034775
B2_residual_momentum_vol_target,2018-10-15,2019-10-15,-7.51149534250255
B2_residual_momentum_vol_target,2018-10-16,2019-10-16,-9.979474924295983
B2_residual_momentum_vol_target,2018-10-17,2019-10-17,-9.52075520512744
B2_residual_momentum_vol_target,2018-10-18,2019-10-18,-7.7799699209232465
B2_residual_momentum_vol_target,2018-10-19,2019-10-21,-5.6261391603344535
B2_residual_momentum_vol_target,2018-10-22,2019-10-22,-7.321649926022678
B2_residual_momentum_vol_target,2018-10-23,2019-10-23,-6.302519219506375
B2_residual_momentum_vol_target,2018-10-24,2019-10-24,-2.386849996851681
B2_residual_momentum_vol_target,2018-10-25,2019-10-25,-6.064604599648105
B2_residual_momentum_vol_target,2018-10-26,2019-10-28,-4.852299359364465
B2_residual_momentum_vol_target,2018-10-29,2019-10-29,-3.9366835217842455
B2_residual_momentum_vol_target,2018-10-30,2019-10-30,-4.991127814739505
B2_residual_momentum_vol_target,2018-10-31,2019-10-31,-6.756019901307475
B2_residual_momentum_vol_target,2018-11-01,2019-11-01,-7.234614827068264
B2_residual_momentum_vol_target,2018-11-02,2019-11-04,-8.56807328623187
B2_residual_momentum_vol_target,2018-11-05,2019-11-05,-9.315654099624272
B2_residual_momentum_vol_target,2018-11-06,2019-11-06,-8.735338921084946
B2_residual_momentum_vol_target,2018-11-07,2019-11-07,-9.596431926196502
B2_residual_momentum_vol_target,2018-11-08,2019-11-08,-9.617095411738086
B2_residual_momentum_vol_target,2018-11-09,2019-11-11,-9.390385149098602
B2_residual_momentum_vol_target,2018-11-12,2019-11-12,-9.37086063514746
B2_residual_momentum_vol_target,2018-11-13,2019-11-13,-8.483974111825688
B2_residual_momentum_vol_target,2018-11-14,2019-11-14,-7.865826082675909
B2_residual_momentum_vol_target,2018-11-15,2019-11-15,-7.844874858024575
B2_residual_momentum_vol_target,2018-11-16,2019-11-18,-7.439734040987734
B2_residual_momentum_vol_target,2018-11-19,2019-11-19,-7.353371671927855
B2_residual_momentum_vol_target,2018-11-20,2019-11-20,-7.077280930589835
B2_residual_momentum_vol_target,2018-11-21,2019-11-21,-7.816814033915865
B2_residual_momentum_vol_target,2018-11-21,2019-11-22,-8.109650701526782
B2_residual_momentum_vol_target,2018-11-23,2019-11-25,-7.911812455863032
B2_residual_momentum_vol_target,2018-11-26,2019-11-26,-6.719513130507282
B2_residual_momentum_vol_target,2018-11-27,2019-11-27,-6.593331196775798
B2_residual_momentum_vol_target,2018-11-29,2019-11-29,-6.946663581845702
B2_residual_momentum_vol_target,2018-11-30,2019-12-02,-8.183536311971684
B2_residual_momentum_vol_target,2018-12-03,2019-12-03,-7.938324093271687
B2_residual_momentum_vol_target,2018-12-04,2019-12-04,-5.81724462758606
B2_residual_momentum_vol_target,2018-12-04,2019-12-05,-5.9051623736618435
B2_residual_momentum_vol_target,2018-12-06,2019-12-06,-5.955424331964476
B2_residual_momentum_vol_target,2018-12-07,2019-12-09,-4.625559409969493
B2_residual_momentum_vol_target,2018-12-10,2019-12-10,-5.404188704154067
B2_residual_momentum_vol_target,2018-12-11,2019-12-11,-5.221454241026047
B2_residual_momentum_vol_target,2018-12-12,2019-12-12,-6.201050997100477
B2_residual_momentum_vol_target,2018-12-13,2019-12-13,-5.289503577131727
B2_residual_momentum_vol_target,2018-12-14,2019-12-16,-3.1958709833081134
B2_residual_momentum_vol_target,2018-12-17,2019-12-17,-1.700011560159731
B2_residual_momentum_vol_target,2018-12-18,2019-12-18,-1.2738000647220193
B2_residual_momentum_vol_target,2018-12-19,2019-12-19,0.07585041884499155
B2_residual_momentum_vol_target,2018-12-20,2019-12-20,1.8068074444583804
B2_residual_momentum_vol_target,2018-12-21,2019-12-23,2.186559055687165
B2_residual_momentum_vol_target,2018-12-24,2019-12-24,3.8448054130091336
B2_residual_momentum_vol_target,2018-12-26,2019-12-26,1.244413332596972
B2_residual_momentum_vol_target,2018-12-27,2019-12-27,1.03489109090531
B2_residual_momentum_vol_target,2018-12-28,2019-12-30,0.7643526921643717
B2_residual_momentum_vol_target,2018-12-31,2019-12-31,0.3751624443400825
B2_residual_momentum_vol_target,2019-01-02,2020-01-02,0.8138474647722438
B2_residual_momentum_vol_target,2019-01-03,2020-01-03,1.316186093416638
B2_residual_momentum_vol_target,2019-01-04,2020-01-06,1.4004473037187992
B2_residual_momentum_vol_target,2019-01-07,2020-01-07,0.9555717933113606
B2_residual_momentum_vol_target,2019-01-08,2020-01-08,1.12822984247678
B2_residual_momentum_vol_target,2019-01-09,2020-01-09,1.911354508550378
B2_residual_momentum_vol_target,2019-01-10,2020-01-10,2.240555183658066
B2_residual_momentum_vol_target,2019-01-11,2020-01-13,3.3640184203493018
B2_residual_momentum_vol_target,2019-01-14,2020-01-14,3.102411200193278
B2_residual_momentum_vol_target,2019-01-15,2020-01-15,4.12173534424205
B2_residual_momentum_vol_target,2019-01-16,2020-01-16,4.943136202239429
B2_residual_momentum_vol_target,2019-01-17,2020-01-17,5.553544069236738
B2_residual_momentum_vol_target,2019-01-18,2020-01-21,6.138761726965658
B2_residual_momentum_vol_target,2019-01-22,2020-01-22,6.268992048562039
B2_residual_momentum_vol_target,2019-01-23,2020-01-23,7.0472103610644155
B2_residual_momentum_vol_target,2019-01-24,2020-01-24,6.856441820592529
B2_residual_momentum_vol_target,2019-01-25,2020-01-27,6.31136727613113
B2_residual_momentum_vol_target,2019-01-28,2020-01-28,7.030681817914308
B2_residual_momentum_vol_target,2019-01-29,2020-01-29,6.93082080327867
B2_residual_momentum_vol_target,2019-01-30,2020-01-30,7.956181354905345
B2_residual_momentum_vol_target,2019-01-31,2020-01-31,6.522535683056008
B2_residual_momentum_vol_target,2019-02-01,2020-02-03,7.413501576691539
B2_residual_momentum_vol_target,2019-02-04,2020-02-04,7.459965345895969
B2_residual_momentum_vol_target,2019-02-05,2020-02-05,7.487118108681345
B2_residual_momentum_vol_target,2019-02-06,2020-02-06,8.062996055623373
B2_residual_momentum_vol_target,2019-02-07,2020-02-07,7.820210353179391
B2_residual_momentum_vol_target,2019-02-08,2020-02-10,8.446288782609734
B2_residual_momentum_vol_target,2019-02-11,2020-02-11,8.395748541087755
B2_residual_momentum_vol_target,2019-02-12,2020-02-12,8.105888413866147
B2_residual_momentum_vol_target,2019-02-13,2020-02-13,9.126458607883103
B2_residual_momentum_vol_target,2019-02-14,2020-02-14,9.914524733408768
B2_residual_momentum_vol_target,2019-02-15,2020-02-18,10.111168935501613
B2_residual_momentum_vol_target,2019-02-19,2020-02-19,9.897479799196528
B2_residual_momentum_vol_target,2019-02-20,2020-02-20,9.661944407944834
B2_residual_momentum_vol_target,2019-02-21,2020-02-21,8.551909625845378
B2_residual_momentum_vol_target,2019-02-22,2020-02-24,6.815176674447554
B2_residual_momentum_vol_target,2019-02-25,2020-02-25,4.128842143052469
B2_residual_momentum_vol_target,2019-02-26,2020-02-26,3.867239929975752
B2_residual_momentum_vol_target,2019-02-27,2020-02-27,-0.32861158198829177
B2_residual_momentum_vol_target,2019-02-28,2020-02-28,-2.948063081445551
B2_residual_momentum_vol_target,2019-03-01,2020-03-02,-2.53702780407028
B2_residual_momentum_vol_target,2019-03-04,2020-03-03,-2.1764436963702116
B2_residual_momentum_vol_target,2019-03-05,2020-03-04,-2.2816063991707436
B2_residual_momentum_vol_target,2019-03-06,2020-03-05,-1.8226249476415157
B2_residual_momentum_vol_target,2019-03-07,2020-03-06,-1.6476203346613039
B2_residual_momentum_vol_target,2019-03-08,2020-03-09,-1.5720025440079333
B2_residual_momentum_vol_target,2019-03-11,2020-03-10,-1.9749161744375798
B2_residual_momentum_vol_target,2019-03-12,2020-03-11,-2.443124353597703
B2_residual_momentum_vol_target,2019-03-13,2020-03-12,-2.755376546331212
B2_residual_momentum_vol_target,2019-03-14,2020-03-13,-2.765890623718248
B2_residual_momentum_vol_target,2019-03-15,2020-03-16,-3.0140059485037285
B2_residual_momentum_vol_target,2019-03-18,2020-03-17,-2.95554848729922
B2_residual_momentum_vol_target,2019-03-19,2020-03-18,-2.972239777637775
B2_residual_momentum_vol_target,2019-03-20,2020-03-19,-2.945091827695412
B2_residual_momentum_vol_target,2019-03-21,2020-03-20,-3.8666883093203874
B2_residual_momentum_vol_target,2019-03-22,2020-03-23,-3.300552051861272
B2_residual_momentum_vol_target,2019-03-25,2020-03-24,-3.6484916505508225
B2_residual_momentum_vol_target,2019-03-26,2020-03-25,-4.074228597444629
B2_residual_momentum_vol_target,2019-03-27,2020-03-26,-3.754142156091378
B2_residual_momentum_vol_target,2019-03-28,2020-03-27,-3.9683865111498573
B2_residual_momentum_vol_target,2019-03-29,2020-03-30,-4.303304703210397
B2_residual_momentum_vol_target,2019-04-01,2020-03-31,-4.196629803789797
B2_residual_momentum_vol_target,2019-04-02,2020-04-01,-4.372960516507374
B2_residual_momentum_vol_target,2019-04-03,2020-04-02,-4.385833610978929
B2_residual_momentum_vol_target,2019-04-04,2020-04-03,-3.757322432403065
B2_residual_momentum_vol_target,2019-04-05,2020-04-06,-4.325750157481989
B2_residual_momentum_vol_target,2019-04-08,2020-04-07,-4.137228215844313
B2_residual_momentum_vol_target,2019-04-09,2020-04-08,-3.946619789431982
B2_residual_momentum_vol_target,2019-04-10,2020-04-09,-4.42876548725768
B2_residual_momentum_vol_target,2019-04-12,2020-04-13,-4.347881035867196
B2_residual_momentum_vol_target,2019-04-15,2020-04-14,-4.4590411417650415
B2_residual_momentum_vol_target,2019-04-16,2020-04-15,-2.5762782150748453
B2_residual_momentum_vol_target,2019-04-17,2020-04-16,-1.005342640204232
B2_residual_momentum_vol_target,2019-04-18,2020-04-17,-1.3168218749732397
B2_residual_momentum_vol_target,2019-04-18,2020-04-20,-1.3168218749732397
B2_residual_momentum_vol_target,2019-04-22,2020-04-21,-1.037564886864628
B2_residual_momentum_vol_target,2019-04-23,2020-04-22,-2.616181071712831
B2_residual_momentum_vol_target,2019-04-24,2020-04-23,-3.0345015815416487
B2_residual_momentum_vol_target,2019-04-25,2020-04-24,-2.6849183578849467
B2_residual_momentum_vol_target,2019-04-26,2020-04-27,-2.6926042002202832
B2_residual_momentum_vol_target,2019-04-29,2020-04-28,-1.948930401289195
B2_residual_momentum_vol_target,2019-04-30,2020-04-29,-2.846286083176919
B2_residual_momentum_vol_target,2019-05-01,2020-04-30,-1.5607759263370657
B2_residual_momentum_vol_target,2019-05-02,2020-05-01,-2.2817794498203425
B2_residual_momentum_vol_target,2019-05-03,2020-05-04,-2.706821917714075
B2_residual_momentum_vol_target,2019-05-06,2020-05-05,-2.4530250137792198
B2_residual_momentum_vol_target,2019-05-07,2020-05-06,-0.7197335342750799
B2_residual_momentum_vol_target,2019-05-08,2020-05-07,-0.6873202544012469
B2_residual_momentum_vol_target,2019-05-09,2020-05-08,-0.7941471875322459
B2_residual_momentum_vol_target,2019-05-10,2020-05-11,-1.4651665423590532
B2_residual_momentum_vol_target,2019-05-13,2020-05-12,-0.3730044918948572
B2_residual_momentum_vol_target,2019-05-14,2020-05-13,-0.9181383068803783
B2_residual_momentum_vol_target,2019-05-15,2020-05-14,-1.5227250272479398
B2_residual_momentum_vol_target,2019-05-16,2020-05-15,-2.3140262932191735
B2_residual_momentum_vol_target,2019-05-17,2020-05-18,-1.8969620921130859
B2_residual_momentum_vol_target,2019-05-20,2020-05-19,-0.7912047421742119
B2_residual_momentum_vol_target,2019-05-21,2020-05-20,-1.6167233481119925
B2_residual_momentum_vol_target,2019-05-22,2020-05-21,-2.0957980161826706
B2_residual_momentum_vol_target,2019-05-23,2020-05-22,-1.742368015428697
B2_residual_momentum_vol_target,2019-05-24,2020-05-26,-1.950559708676869
B2_residual_momentum_vol_target,2019-05-28,2020-05-27,-1.2496134416503768
B2_residual_momentum_vol_target,2019-05-29,2020-05-28,-0.3644566772275204
B2_residual_momentum_vol_target,2019-05-30,2020-05-29,-1.6082031237788619
B2_residual_momentum_vol_target,2019-05-31,2020-06-01,-0.9433627636612152
B2_residual_momentum_vol_target,2019-06-03,2020-06-02,-1.038378749688662
B2_residual_momentum_vol_target,2019-06-04,2020-06-03,-1.0718463160883984
B2_residual_momentum_vol_target,2019-06-05,2020-06-04,-1.1929569340356605
B2_residual_momentum_vol_target,2019-06-06,2020-06-05,-0.7541823842140638
B2_residual_momentum_vol_target,2019-06-07,2020-06-08,-0.7629225459622857
B2_residual_momentum_vol_target,2019-06-10,2020-06-09,-0.6107450428152417
B2_residual_momentum_vol_target,2019-06-11,2020-06-10,-0.41091344695445287
B2_residual_momentum_vol_target,2019-06-12,2020-06-11,-1.4731699699821021
B2_residual_momentum_vol_target,2019-06-13,2020-06-12,-1.3225477100452854
B2_residual_momentum_vol_target,2019-06-14,2020-06-15,-0.997830243838127
B2_residual_momentum_vol_target,2019-06-17,2020-06-16,-0.7476512054456763
B2_residual_momentum_vol_target,2019-06-18,2020-06-17,-0.6116242488879875
B2_residual_momentum_vol_target,2019-06-19,2020-06-18,-0.6182407398911849
B2_residual_momentum_vol_target,2019-06-20,2020-06-19,-0.3496077059419789
B2_residual_momentum_vol_target,2019-06-21,2020-06-22,-0.2955865545990033
B2_residual_momentum_vol_target,2019-06-24,2020-06-23,-0.23263793160855917
B2_residual_momentum_vol_target,2019-06-25,2020-06-24,-0.6145996671787723
B2_residual_momentum_vol_target,2019-06-26,2020-06-25,-0.3611677431780702
B2_residual_momentum_vol_target,2019-06-27,2020-06-26,-0.7387171782820445
B2_residual_momentum_vol_target,2019-06-28,2020-06-29,-0.6144893235895399
B2_residual_momentum_vol_target,2019-07-01,2020-06-30,0.006507898409435775
B2_residual_momentum_vol_target,2019-07-02,2020-07-01,-0.978137860638717
B2_residual_momentum_vol_target,2019-07-03,2020-07-02,-2.0428932152803725
B2_residual_momentum_vol_target,2019-07-05,2020-07-06,-0.8664281659541584
B2_residual_momentum_vol_target,2019-07-08,2020-07-07,-0.7634641565876121
B2_residual_momentum_vol_target,2019-07-09,2020-07-08,-0.37501345151434995
B2_residual_momentum_vol_target,2019-07-10,2020-07-09,-0.29228049077558715
B2_residual_momentum_vol_target,2019-07-11,2020-07-10,-0.32795671506414825
B2_residual_momentum_vol_target,2019-07-12,2020-07-13,-1.5931912167715057
B2_residual_momentum_vol_target,2019-07-15,2020-07-14,-1.181615647574763
B2_residual_momentum_vol_target,2019-07-16,2020-07-15,-1.001861144256888
B2_residual_momentum_vol_target,2019-07-17,2020-07-16,-1.200328835922948
B2_residual_momentum_vol_target,2019-07-18,2020-07-17,-1.2986034006966407
B2_residual_momentum_vol_target,2019-07-19,2020-07-20,0.6039888122663095
B2_residual_momentum_vol_target,2019-07-22,2020-07-21,0.18814201145938014
B2_residual_momentum_vol_target,2019-07-23,2020-07-22,0.3454698940048351
B2_residual_momentum_vol_target,2019-07-24,2020-07-23,0.160679516080231
B2_residual_momentum_vol_target,2019-07-25,2020-07-24,-0.12118640868533648
B2_residual_momentum_vol_target,2019-07-26,2020-07-27,-0.9357186127959882
B2_residual_momentum_vol_target,2019-07-29,2020-07-28,-1.568881693822477
B2_residual_momentum_vol_target,2019-07-30,2020-07-29,-0.8465667799306575
B2_residual_momentum_vol_target,2019-07-31,2020-07-30,0.18670548276586985
B2_residual_momentum_vol_target,2019-08-01,2020-07-31,0.6494991370805225
B2_residual_momentum_vol_target,2019-08-02,2020-08-03,1.5856585227207898
B2_residual_momentum_vol_target,2019-08-05,2020-08-04,4.247471560255667
B2_residual_momentum_vol_target,2019-08-06,2020-08-05,2.7889202172949545
B2_residual_momentum_vol_target,2019-08-07,2020-08-06,2.6501102227998174
B2_residual_momentum_vol_target,2019-08-08,2020-08-07,0.3879033352404804
B2_residual_momentum_vol_target,2019-08-09,2020-08-10,-0.7824496903869438
B2_residual_momentum_vol_target,2019-08-12,2020-08-11,-0.949882974257299
B2_residual_momentum_vol_target,2019-08-13,2020-08-12,-0.6578150668479665
B2_residual_momentum_vol_target,2019-08-14,2020-08-13,1.9886068057024975
B2_residual_momentum_vol_target,2019-08-15,2020-08-14,0.5644482481998114
B2_residual_momentum_vol_target,2019-08-16,2020-08-17,0.8301285399121783
B2_residual_momentum_vol_target,2019-08-19,2020-08-18,0.20466548006747853
B2_residual_momentum_vol_target,2019-08-20,2020-08-19,0.5935155920007817
B2_residual_momentum_vol_target,2019-08-21,2020-08-20,0.2965060388257834
B2_residual_momentum_vol_target,2019-08-22,2020-08-21,0.3858982975626146
B2_residual_momentum_vol_target,2019-08-23,2020-08-24,2.3671917650688323
B2_residual_momentum_vol_target,2019-08-26,2020-08-25,1.5790335840223158
B2_residual_momentum_vol_target,2019-08-27,2020-08-26,1.8510667833123495
B2_residual_momentum_vol_target,2019-08-28,2020-08-27,1.005791468136663
B2_residual_momentum_vol_target,2019-08-29,2020-08-28,0.592518449461954
B2_residual_momentum_vol_target,2019-08-30,2020-08-31,1.5735952102382988
B2_residual_momentum_vol_target,2019-08-30,2020-09-01,1.8591558423968424
B2_residual_momentum_vol_target,2019-09-03,2020-09-02,2.5670614374468936
B2_residual_momentum_vol_target,2019-09-04,2020-09-03,-1.394339985545856
B2_residual_momentum_vol_target,2019-09-05,2020-09-04,-2.14347675023443
B2_residual_momentum_vol_target,2019-09-09,2020-09-08,-1.743962370302754
B2_residual_momentum_vol_target,2019-09-10,2020-09-09,2.549993442919418
B2_residual_momentum_vol_target,2019-09-11,2020-09-10,1.2808807290363156
B2_residual_momentum_vol_target,2019-09-12,2020-09-11,0.02587010344856644
B2_residual_momentum_vol_target,2019-09-13,2020-09-14,1.7639611963452762
B2_residual_momentum_vol_target,2019-09-16,2020-09-15,2.7478630797361348
B2_residual_momentum_vol_target,2019-09-17,2020-09-16,0.06489742096118523
B2_residual_momentum_vol_target,2019-09-18,2020-09-17,-0.7672010202074087
B2_residual_momentum_vol_target,2019-09-19,2020-09-18,-1.5092281206122382
B2_residual_momentum_vol_target,2019-09-20,2020-09-21,-0.8685183216439518
B2_residual_momentum_vol_target,2019-09-23,2020-09-22,-0.01376624079446609
B2_residual_momentum_vol_target,2019-09-24,2020-09-23,-1.5531510339919286
B2_residual_momentum_vol_target,2019-09-25,2020-09-24,-1.0265461270321796
B2_residual_momentum_vol_target,2019-09-26,2020-09-25,-0.43731776374820175
B2_residual_momentum_vol_target,2019-09-27,2020-09-28,1.3362038679486377
B2_residual_momentum_vol_target,2019-09-30,2020-09-29,0.8400368125923263
B2_residual_momentum_vol_target,2019-10-01,2020-09-30,1.7698129588989309
B2_residual_momentum_vol_target,2019-10-02,2020-10-01,3.7228026973989525
B2_residual_momentum_vol_target,2019-10-03,2020-10-02,1.7911333952767894
B2_residual_momentum_vol_target,2019-10-04,2020-10-05,1.674097189084467
B2_residual_momentum_vol_target,2019-10-07,2020-10-06,1.3611759452810235
B2_residual_momentum_vol_target,2019-10-08,2020-10-07,3.2662004168574565
B2_residual_momentum_vol_target,2019-10-09,2020-10-08,2.401539692919452
B2_residual_momentum_vol_target,2019-10-10,2020-10-09,2.6311227087052247
B2_residual_momentum_vol_target,2019-10-11,2020-10-12,3.985889246630525
B2_residual_momentum_vol_target,2019-10-14,2020-10-13,4.65666510177416
B2_residual_momentum_vol_target,2019-10-15,2020-10-14,4.623527363174795
B2_residual_momentum_vol_target,2019-10-16,2020-10-15,4.779135087600239
B2_residual_momentum_vol_target,2019-10-17,2020-10-16,4.191897643668185
B2_residual_momentum_vol_target,2019-10-18,2020-10-19,3.0487623933045827
B2_residual_momentum_vol_target,2019-10-21,2020-10-20,2.7009464398934258
B2_residual_momentum_vol_target,2019-10-22,2020-10-21,3.229562902958838
B2_residual_momentum_vol_target,2019-10-23,2020-10-22,2.8207537936186133
B2_residual_momentum_vol_target,2019-10-24,2020-10-23,2.9445876565396656
B2_residual_momentum_vol_target,2019-10-25,2020-10-26,3.475011276136386
B2_residual_momentum_vol_target,2019-10-28,2020-10-27,4.040538552366613
B2_residual_momentum_vol_target,2019-10-29,2020-10-28,2.351533972565001
B2_residual_momentum_vol_target,2019-10-30,2020-10-29,2.07775309962428
B2_residual_momentum_vol_target,2019-10-31,2020-10-30,0.8014091266404177
B2_residual_momentum_vol_target,2019-11-01,2020-11-02,1.5456331916890997
B2_residual_momentum_vol_target,2019-11-04,2020-11-03,3.816798169172264
B2_residual_momentum_vol_target,2019-11-05,2020-11-04,6.677230707041404
B2_residual_momentum_vol_target,2019-11-06,2020-11-05,7.30949478368228
B2_residual_momentum_vol_target,2019-11-07,2020-11-06,8.602847720975081
B2_residual_momentum_vol_target,2019-11-08,2020-11-09,6.033520371744228
B2_residual_momentum_vol_target,2019-11-11,2020-11-10,4.611457882705539
B2_residual_momentum_vol_target,2019-11-12,2020-11-11,6.089417453117019
B2_residual_momentum_vol_target,2019-11-13,2020-11-12,4.6751325420545164
B2_residual_momentum_vol_target,2019-11-14,2020-11-13,4.094103306458008
B2_residual_momentum_vol_target,2019-11-15,2020-11-16,4.226449429400025
B2_residual_momentum_vol_target,2019-11-18,2020-11-17,3.5832855590236523
B2_residual_momentum_vol_target,2019-11-19,2020-11-18,2.824184382962347
B2_residual_momentum_vol_target,2019-11-20,2020-11-19,3.0077510764501048
B2_residual_momentum_vol_target,2019-11-21,2020-11-20,3.7249680601737944
B2_residual_momentum_vol_target,2019-11-22,2020-11-23,3.904473388528551
B2_residual_momentum_vol_target,2019-11-25,2020-11-24,3.537680489419115
B2_residual_momentum_vol_target,2019-11-26,2020-11-25,2.6573299283457086
B2_residual_momentum_vol_target,2019-11-27,2020-11-27,3.176697476827517
B2_residual_momentum_vol_target,2019-11-29,2020-11-30,4.034594943235836
B2_residual_momentum_vol_target,2019-12-02,2020-12-01,5.6616498403074145
B2_residual_momentum_vol_target,2019-12-03,2020-12-02,5.362174934983122
B2_residual_momentum_vol_target,2019-12-04,2020-12-03,4.723013147036825
B2_residual_momentum_vol_target,2019-12-05,2020-12-04,5.0991817131047945
B2_residual_momentum_vol_target,2019-12-06,2020-12-07,5.33869952313728
B2_residual_momentum_vol_target,2019-12-09,2020-12-08,5.781436142067875
B2_residual_momentum_vol_target,2019-12-10,2020-12-09,5.197261726674429
B2_residual_momentum_vol_target,2019-12-11,2020-12-10,5.257003229165691
B2_residual_momentum_vol_target,2019-12-12,2020-12-11,5.726197596615323
B2_residual_momentum_vol_target,2019-12-13,2020-12-14,5.419027957962874
B2_residual_momentum_vol_target,2019-12-16,2020-12-15,5.248016448545734
B2_residual_momentum_vol_target,2019-12-17,2020-12-16,5.809133177091486
B2_residual_momentum_vol_target,2019-12-18,2020-12-17,5.8353242570346575
B2_residual_momentum_vol_target,2019-12-19,2020-12-18,5.400322698630666
B2_residual_momentum_vol_target,2019-12-20,2020-12-21,4.374596199179304
B2_residual_momentum_vol_target,2019-12-23,2020-12-22,5.686590449449902
B2_residual_momentum_vol_target,2019-12-24,2020-12-23,4.989409182970017
B2_residual_momentum_vol_target,2019-12-24,2020-12-24,5.091296907648379
B2_residual_momentum_vol_target,2019-12-27,2020-12-28,4.077274940990749
B2_residual_momentum_vol_target,2019-12-30,2020-12-29,4.38322377421565
B2_residual_momentum_vol_target,2019-12-31,2020-12-30,4.144349214267762
B2_residual_momentum_vol_target,2019-12-31,2020-12-31,4.300577471151601
B2_residual_momentum_vol_target,2020-01-03,2021-01-04,3.5915286340387764
B2_residual_momentum_vol_target,2020-01-06,2021-01-05,4.175566976081968
B2_residual_momentum_vol_target,2020-01-07,2021-01-06,4.238701344742268
B2_residual_momentum_vol_target,2020-01-08,2021-01-07,5.572460178435912
B2_residual_momentum_vol_target,2020-01-09,2021-01-08,5.528118094293122
B2_residual_momentum_vol_target,2020-01-10,2021-01-11,4.814169698751214
B2_residual_momentum_vol_target,2020-01-13,2021-01-12,3.8730898030346683
B2_residual_momentum_vol_target,2020-01-14,2021-01-13,4.127478364010306
B2_residual_momentum_vol_target,2020-01-15,2021-01-14,2.8881426030189727
B2_residual_momentum_vol_target,2020-01-16,2021-01-15,1.5571880810418604
B2_residual_momentum_vol_target,2020-01-17,2021-01-19,1.7770476044432604
B2_residual_momentum_vol_target,2020-01-21,2021-01-20,1.8421472662854654
B2_residual_momentum_vol_target,2020-01-22,2021-01-21,1.7524578581326722
B2_residual_momentum_vol_target,2020-01-23,2021-01-22,0.9718008769166842
B2_residual_momentum_vol_target,2020-01-24,2021-01-25,1.2190433465486095
B2_residual_momentum_vol_target,2020-01-27,2021-01-26,1.1613307435969444
B2_residual_momentum_vol_target,2020-01-28,2021-01-27,-1.591079138358631
B2_residual_momentum_vol_target,2020-01-29,2021-01-28,-0.585213176339261
B2_residual_momentum_vol_target,2020-01-30,2021-01-29,-2.1854257101598495
B2_residual_momentum_vol_target,2020-01-31,2021-02-01,0.23148014931297922
B2_residual_momentum_vol_target,2020-02-03,2021-02-02,0.46261870943153927
B2_residual_momentum_vol_target,2020-02-04,2021-02-03,0.059570541014841716
B2_residual_momentum_vol_target,2020-02-05,2021-02-04,1.0177725429785234
B2_residual_momentum_vol_target,2020-02-06,2021-02-05,0.8416470295624867
B2_residual_momentum_vol_target,2020-02-07,2021-02-08,1.8105117138198956
B2_residual_momentum_vol_target,2020-02-10,2021-02-09,0.9998310057564463
B2_residual_momentum_vol_target,2020-02-11,2021-02-10,0.8677500676686378
B2_residual_momentum_vol_target,2020-02-12,2021-02-11,1.5705738701835115
B2_residual_momentum_vol_target,2020-02-13,2021-02-12,1.3679117197322066
B2_residual_momentum_vol_target,2020-02-14,2021-02-16,0.5410684114173447
B2_residual_momentum_vol_target,2020-02-18,2021-02-17,-0.1450537741114144
B2_residual_momentum_vol_target,2020-02-19,2021-02-18,-0.5466385556054498
B2_residual_momentum_vol_target,2020-02-20,2021-02-19,0.2160210965081344
B2_residual_momentum_vol_target,2020-02-21,2021-02-22,-0.34676392938146616
B2_residual_momentum_vol_target,2020-02-24,2021-02-23,0.9625257482535954
B2_residual_momentum_vol_target,2020-02-25,2021-02-24,4.504691207900846
B2_residual_momentum_vol_target,2020-02-26,2021-02-25,2.972901091742841
B2_residual_momentum_vol_target,2020-02-27,2021-02-26,7.887847592023234
B2_residual_momentum_vol_target,2020-02-28,2021-03-01,12.877797283895642
B2_residual_momentum_vol_target,2020-03-02,2021-03-02,10.833446840558004
B2_residual_momentum_vol_target,2020-03-03,2021-03-03,8.641050873040012
B2_residual_momentum_vol_target,2020-03-04,2021-03-04,6.506779490265124
B2_residual_momentum_vol_target,2020-03-05,2021-03-05,6.957231496804073
B2_residual_momentum_vol_target,2020-03-06,2021-03-08,4.678029835137432
B2_residual_momentum_vol_target,2020-03-09,2021-03-09,7.202280409080997
B2_residual_momentum_vol_target,2020-03-10,2021-03-10,7.190098494839314
B2_residual_momentum_vol_target,2020-03-11,2021-03-11,9.129528731255231
B2_residual_momentum_vol_target,2020-03-12,2021-03-12,8.760741792346295
B2_residual_momentum_vol_target,2020-03-13,2021-03-15,9.499068479132822
B2_residual_momentum_vol_target,2020-03-16,2021-03-16,8.972608246404024
B2_residual_momentum_vol_target,2020-03-17,2021-03-17,9.247034738208804
B2_residual_momentum_vol_target,2020-03-18,2021-03-18,7.455393903247942
B2_residual_momentum_vol_target,2020-03-19,2021-03-19,7.926083515885929
B2_residual_momentum_vol_target,2020-03-20,2021-03-22,8.882187410364795
B2_residual_momentum_vol_target,2020-03-23,2021-03-23,8.061790661211067
B2_residual_momentum_vol_target,2020-03-24,2021-03-24,6.869345711043229
B2_residual_momentum_vol_target,2020-03-25,2021-03-25,6.865788226993641
B2_residual_momentum_vol_target,2020-03-26,2021-03-26,8.54782309845512
B2_residual_momentum_vol_target,2020-03-27,2021-03-29,7.8808951659504745
B2_residual_momentum_vol_target,2020-03-30,2021-03-30,8.295934484307121
B2_residual_momentum_vol_target,2020-03-31,2021-03-31,9.624380175267966
B2_residual_momentum_vol_target,2020-04-01,2021-04-01,10.321438927350224
B2_residual_momentum_vol_target,2020-04-03,2021-04-05,10.59073870674807
B2_residual_momentum_vol_target,2020-04-06,2021-04-06,10.921106083321973
B2_residual_momentum_vol_target,2020-04-07,2021-04-07,10.421267320720418
B2_residual_momentum_vol_target,2020-04-08,2021-04-08,11.095146762715856
B2_residual_momentum_vol_target,2020-04-09,2021-04-09,11.294670365436122
B2_residual_momentum_vol_target,2020-04-09,2021-04-12,11.366889096502831
B2_residual_momentum_vol_target,2020-04-13,2021-04-13,11.605565759399594
B2_residual_momentum_vol_target,2020-04-14,2021-04-14,11.471888197092085
B2_residual_momentum_vol_target,2020-04-15,2021-04-15,11.825366455213082
B2_residual_momentum_vol_target,2020-04-16,2021-04-16,12.027123984213484
B2_residual_momentum_vol_target,2020-04-17,2021-04-19,11.26899043120202
B2_residual_momentum_vol_target,2020-04-20,2021-04-20,10.640422559759699
B2_residual_momentum_vol_target,2020-04-21,2021-04-21,11.417239072004449
B2_residual_momentum_vol_target,2020-04-22,2021-04-22,11.01176597359943
B2_residual_momentum_vol_target,2020-04-23,2021-04-23,11.764771091662162
B2_residual_momentum_vol_target,2020-04-24,2021-04-26,12.086687160283137
B2_residual_momentum_vol_target,2020-04-27,2021-04-27,12.16040645200569
B2_residual_momentum_vol_target,2020-04-28,2021-04-28,11.74940572930485
B2_residual_momentum_vol_target,2020-04-29,2021-04-29,11.641587429749766
B2_residual_momentum_vol_target,2020-04-30,2021-04-30,11.055675369919848
B2_residual_momentum_vol_target,2020-05-01,2021-05-03,11.259277769104958
B2_residual_momentum_vol_target,2020-05-04,2021-05-04,10.897728395916829
B2_residual_momentum_vol_target,2020-05-05,2021-05-05,11.655036256047712
B2_residual_momentum_vol_target,2020-05-06,2021-05-06,11.562951925300524
B2_residual_momentum_vol_target,2020-05-07,2021-05-07,12.697246746299019
B2_residual_momentum_vol_target,2020-05-08,2021-05-10,12.018968189325086
B2_residual_momentum_vol_target,2020-05-11,2021-05-11,11.430239648019835
B2_residual_momentum_vol_target,2020-05-12,2021-05-12,9.12193257754157
B2_residual_momentum_vol_target,2020-05-13,2021-05-13,9.691901608057375
B2_residual_momentum_vol_target,2020-05-14,2021-05-14,10.801969539436174
B2_residual_momentum_vol_target,2020-05-15,2021-05-17,10.917571320453723
B2_residual_momentum_vol_target,2020-05-18,2021-05-18,10.280350613340183
B2_residual_momentum_vol_target,2020-05-19,2021-05-19,9.59570592507104
B2_residual_momentum_vol_target,2020-05-20,2021-05-20,10.404481410090183
B2_residual_momentum_vol_target,2020-05-21,2021-05-21,10.576293181427477
B2_residual_momentum_vol_target,2020-05-22,2021-05-24,10.973900580139183
B2_residual_momentum_vol_target,2020-05-22,2021-05-25,10.90640247721668
B2_residual_momentum_vol_target,2020-05-26,2021-05-26,11.708745892472061
B2_residual_momentum_vol_target,2020-05-27,2021-05-27,12.606433285089702
B2_residual_momentum_vol_target,2020-05-28,2021-05-28,12.43086961977058
B2_residual_momentum_vol_target,2020-06-01,2021-06-01,12.513328592252492
B2_residual_momentum_vol_target,2020-06-02,2021-06-02,11.821906506193036
B2_residual_momentum_vol_target,2020-06-03,2021-06-03,11.632501392121576
B2_residual_momentum_vol_target,2020-06-04,2021-06-04,11.802745241837087
B2_residual_momentum_vol_target,2020-06-05,2021-06-07,11.302320361297035
B2_residual_momentum_vol_target,2020-06-08,2021-06-08,12.009754039120569
B2_residual_momentum_vol_target,2020-06-09,2021-06-09,10.858268139925563
B2_residual_momentum_vol_target,2020-06-10,2021-06-10,10.28802925578165
B2_residual_momentum_vol_target,2020-06-11,2021-06-11,12.077780331555687
B2_residual_momentum_vol_target,2020-06-12,2021-06-14,10.983328553843098
B2_residual_momentum_vol_target,2020-06-15,2021-06-15,10.753567875867386
B2_residual_momentum_vol_target,2020-06-16,2021-06-16,10.12920254722276
B2_residual_momentum_vol_target,2020-06-17,2021-06-17,8.720565098805455
B2_residual_momentum_vol_target,2020-06-18,2021-06-18,7.903669697084492
B2_residual_momentum_vol_target,2020-06-19,2021-06-21,8.912016919511512
B2_residual_momentum_vol_target,2020-06-22,2021-06-22,9.049071169028355
B2_residual_momentum_vol_target,2020-06-23,2021-06-23,9.363479343242087
B2_residual_momentum_vol_target,2020-06-24,2021-06-24,10.203122197062186
B2_residual_momentum_vol_target,2020-06-25,2021-06-25,10.17479925752298
B2_residual_momentum_vol_target,2020-06-26,2021-06-28,10.475306185883904
B2_residual_momentum_vol_target,2020-06-29,2021-06-29,10.524383832097595
B2_residual_momentum_vol_target,2020-06-30,2021-06-30,10.323163285154923
B2_residual_momentum_vol_target,2020-07-01,2021-07-01,10.456470240730532
B2_residual_momentum_vol_target,2020-07-02,2021-07-02,10.074490298218631
B2_residual_momentum_vol_target,2020-07-06,2021-07-06,8.199785078933154
B2_residual_momentum_vol_target,2020-07-07,2021-07-07,8.373206550222466
B2_residual_momentum_vol_target,2020-07-08,2021-07-08,6.802854882085518
B2_residual_momentum_vol_target,2020-07-09,2021-07-09,8.289719719561495
B2_residual_momentum_vol_target,2020-07-10,2021-07-12,9.335570998902764
B2_residual_momentum_vol_target,2020-07-13,2021-07-13,9.639496988692397
B2_residual_momentum_vol_target,2020-07-14,2021-07-14,8.155402524660627
B2_residual_momentum_vol_target,2020-07-15,2021-07-15,7.865355476635316
B2_residual_momentum_vol_target,2020-07-16,2021-07-16,6.822767612337821
B2_residual_momentum_vol_target,2020-07-17,2021-07-19,4.883943846232364
B2_residual_momentum_vol_target,2020-07-20,2021-07-20,6.142040176845431
B2_residual_momentum_vol_target,2020-07-21,2021-07-21,7.572132750225835
B2_residual_momentum_vol_target,2020-07-22,2021-07-22,6.790322127583326
B2_residual_momentum_vol_target,2020-07-23,2021-07-23,7.910654173710574
B2_residual_momentum_vol_target,2020-07-24,2021-07-26,8.375688942552028
B2_residual_momentum_vol_target,2020-07-27,2021-07-27,7.378998050052954
B2_residual_momentum_vol_target,2020-07-28,2021-07-28,7.990440571723534
B2_residual_momentum_vol_target,2020-07-29,2021-07-29,8.175730498682231
B2_residual_momentum_vol_target,2020-07-30,2021-07-30,7.830036420670927
B2_residual_momentum_vol_target,2020-07-31,2021-08-02,6.945039314221391
B2_residual_momentum_vol_target,2020-08-03,2021-08-03,6.891270175421993
B2_residual_momentum_vol_target,2020-08-04,2021-08-04,5.573720752558042
B2_residual_momentum_vol_target,2020-08-05,2021-08-05,6.244484023106911
B2_residual_momentum_vol_target,2020-08-06,2021-08-06,6.7177379468793985
B2_residual_momentum_vol_target,2020-08-07,2021-08-09,7.572297509252324
B2_residual_momentum_vol_target,2020-08-10,2021-08-10,9.435897087608925
B2_residual_momentum_vol_target,2020-08-11,2021-08-11,11.374513555872001
B2_residual_momentum_vol_target,2020-08-12,2021-08-12,10.032394951933398
B2_residual_momentum_vol_target,2020-08-13,2021-08-13,9.243313062473302
B2_residual_momentum_vol_target,2020-08-14,2021-08-16,9.090704651738935
B2_residual_momentum_vol_target,2020-08-17,2021-08-17,6.479520816600481
B2_residual_momentum_vol_target,2020-08-18,2021-08-18,5.757956341047499
B2_residual_momentum_vol_target,2020-08-19,2021-08-19,5.070116261410318
B2_residual_momentum_vol_target,2020-08-20,2021-08-20,4.837530761294118
B2_residual_momentum_vol_target,2020-08-21,2021-08-23,5.779540038770881
B2_residual_momentum_vol_target,2020-08-24,2021-08-24,6.331176681243966
B2_residual_momentum_vol_target,2020-08-25,2021-08-25,6.316240257946237
B2_residual_momentum_vol_target,2020-08-26,2021-08-26,5.063875237311732
B2_residual_momentum_vol_target,2020-08-27,2021-08-27,6.590988779681117
B2_residual_momentum_vol_target,2020-08-28,2021-08-30,6.004687314532164
B2_residual_momentum_vol_target,2020-08-31,2021-08-31,4.861878290566346
B2_residual_momentum_vol_target,2020-09-01,2021-09-01,4.411165165593456
B2_residual_momentum_vol_target,2020-09-02,2021-09-02,3.869004242595042
B2_residual_momentum_vol_target,2020-09-03,2021-09-03,7.459046914209999
B2_residual_momentum_vol_target,2020-09-04,2021-09-07,8.067686399892393
B2_residual_momentum_vol_target,2020-09-08,2021-09-08,9.754740202995382
B2_residual_momentum_vol_target,2020-09-09,2021-09-09,7.964004797550861
B2_residual_momentum_vol_target,2020-09-10,2021-09-10,8.675072395964056
B2_residual_momentum_vol_target,2020-09-11,2021-09-13,7.963203940207952
B2_residual_momentum_vol_target,2020-09-14,2021-09-14,6.676733633696164
B2_residual_momentum_vol_target,2020-09-15,2021-09-15,7.175346641926295
B2_residual_momentum_vol_target,2020-09-16,2021-09-16,8.16023468962863
B2_residual_momentum_vol_target,2020-09-17,2021-09-17,7.677903320121571
B2_residual_momentum_vol_target,2020-09-18,2021-09-20,6.1770086457809015
B2_residual_momentum_vol_target,2020-09-21,2021-09-21,5.697187776115431
B2_residual_momentum_vol_target,2020-09-22,2021-09-22,5.94777067947958
B2_residual_momentum_vol_target,2020-09-23,2021-09-23,9.208096799777543
B2_residual_momentum_vol_target,2020-09-24,2021-09-24,8.074223197789854
B2_residual_momentum_vol_target,2020-09-25,2021-09-27,5.795859962349725
B2_residual_momentum_vol_target,2020-09-28,2021-09-28,2.66821468543752
B2_residual_momentum_vol_target,2020-09-29,2021-09-29,2.4598586547781354
B2_residual_momentum_vol_target,2020-09-30,2021-09-30,0.2064757284003793
B2_residual_momentum_vol_target,2020-10-01,2021-10-01,-0.4627981644077961
B2_residual_momentum_vol_target,2020-10-02,2021-10-04,-0.4776421409356635
B2_residual_momentum_vol_target,2020-10-05,2021-10-05,-0.8268453307861856
B2_residual_momentum_vol_target,2020-10-06,2021-10-06,-0.576939757712136
B2_residual_momentum_vol_target,2020-10-07,2021-10-07,-0.8578291466855847
B2_residual_momentum_vol_target,2020-10-08,2021-10-08,-1.6059198770190797
B2_residual_momentum_vol_target,2020-10-09,2021-10-11,-2.6551301334181154
B2_residual_momentum_vol_target,2020-10-12,2021-10-12,-2.9233831214620087
B2_residual_momentum_vol_target,2020-10-13,2021-10-13,-2.6952146359557005
B2_residual_momentum_vol_target,2020-10-14,2021-10-14,-0.7558450189630972
B2_residual_momentum_vol_target,2020-10-15,2021-10-15,-0.5260988497779451
B2_residual_momentum_vol_target,2020-10-16,2021-10-18,0.47773065239620216
B2_residual_momentum_vol_target,2020-10-19,2021-10-19,1.4240870265923578
B2_residual_momentum_vol_target,2020-10-20,2021-10-20,2.024647789238121
B2_residual_momentum_vol_target,2020-10-21,2021-10-21,2.530805473442488
B2_residual_momentum_vol_target,2020-10-22,2021-10-22,3.3318072276123267
B2_residual_momentum_vol_target,2020-10-23,2021-10-25,3.3820972357367474
B2_residual_momentum_vol_target,2020-10-26,2021-10-26,3.636311583722396
B2_residual_momentum_vol_target,2020-10-27,2021-10-27,2.177734796129571
B2_residual_momentum_vol_target,2020-10-28,2021-10-28,5.03001719118692
B2_residual_momentum_vol_target,2020-10-29,2021-10-29,4.915830672303723
B2_residual_momentum_vol_target,2020-10-30,2021-11-01,5.841703913182905
B2_residual_momentum_vol_target,2020-11-02,2021-11-02,6.095123216525122
B2_residual_momentum_vol_target,2020-11-03,2021-11-03,4.919476598244943
B2_residual_momentum_vol_target,2020-11-04,2021-11-04,1.8928634081008422
B2_residual_momentum_vol_target,2020-11-05,2021-11-05,0.690412423409148
B2_residual_momentum_vol_target,2020-11-06,2021-11-08,1.0335424479271937
B2_residual_momentum_vol_target,2020-11-09,2021-11-09,3.5301810783165966
B2_residual_momentum_vol_target,2020-11-10,2021-11-10,3.6768332561282646
B2_residual_momentum_vol_target,2020-11-11,2021-11-11,2.6891814774880896
B2_residual_momentum_vol_target,2020-11-12,2021-11-12,3.4133137711765515
B2_residual_momentum_vol_target,2020-11-13,2021-11-15,3.6353839209302574
B2_residual_momentum_vol_target,2020-11-16,2021-11-16,3.2813338162100303
B2_residual_momentum_vol_target,2020-11-17,2021-11-17,2.828499045063948
B2_residual_momentum_vol_target,2020-11-18,2021-11-18,3.989107383081225
B2_residual_momentum_vol_target,2020-11-19,2021-11-19,2.370523700651739
B2_residual_momentum_vol_target,2020-11-20,2021-11-22,2.763149433758283
B2_residual_momentum_vol_target,2020-11-23,2021-11-23,4.055692352902351
B2_residual_momentum_vol_target,2020-11-24,2021-11-24,4.919505872364471
B2_residual_momentum_vol_target,2020-11-25,2021-11-26,2.5427623290322776
B2_residual_momentum_vol_target,2020-11-27,2021-11-29,3.2684170920072697
B2_residual_momentum_vol_target,2020-11-30,2021-11-30,0.40348483366623444
B2_residual_momentum_vol_target,2020-12-01,2021-12-01,-1.0017438055456296
B2_residual_momentum_vol_target,2020-12-02,2021-12-02,0.8879584328405965
B2_residual_momentum_vol_target,2020-12-03,2021-12-03,0.14186109216165477
B2_residual_momentum_vol_target,2020-12-04,2021-12-06,-0.4538255095175803
B2_residual_momentum_vol_target,2020-12-07,2021-12-07,1.767092338929488
B2_residual_momentum_vol_target,2020-12-08,2021-12-08,1.720794983653673
B2_residual_momentum_vol_target,2020-12-09,2021-12-09,1.4458547508646502
B2_residual_momentum_vol_target,2020-12-10,2021-12-10,2.5416721819694565
B2_residual_momentum_vol_target,2020-12-11,2021-12-13,2.65927519590623
B2_residual_momentum_vol_target,2020-12-14,2021-12-14,1.338144784698092
B2_residual_momentum_vol_target,2020-12-15,2021-12-15,2.9146086658464965
B2_residual_momentum_vol_target,2020-12-16,2021-12-16,2.605131181942233
B2_residual_momentum_vol_target,2020-12-17,2021-12-17,1.0803344368204515
B2_residual_momentum_vol_target,2020-12-18,2021-12-20,-0.3409964097838225
B2_residual_momentum_vol_target,2020-12-21,2021-12-21,0.7440395129202804
B2_residual_momentum_vol_target,2020-12-22,2021-12-22,1.0763141236885598
B2_residual_momentum_vol_target,2020-12-23,2021-12-23,1.7316773178422507
B2_residual_momentum_vol_target,2020-12-24,2021-12-27,3.2278804239249226
B2_residual_momentum_vol_target,2020-12-28,2021-12-28,3.4653374028315476
B2_residual_momentum_vol_target,2020-12-29,2021-12-29,4.075403674092781
B2_residual_momentum_vol_target,2020-12-30,2021-12-30,3.622691371946085
B2_residual_momentum_vol_target,2020-12-31,2021-12-31,3.6512962715941732
B2_residual_momentum_vol_target,2020-12-31,2022-01-03,2.008351686911092
B2_residual_momentum_vol_target,2021-01-04,2022-01-04,3.429625993206553
B2_residual_momentum_vol_target,2021-01-05,2022-01-05,0.8339277893828045
B2_residual_momentum_vol_target,2021-01-06,2022-01-06,1.5984120022467518
B2_residual_momentum_vol_target,2021-01-07,2022-01-07,-1.0113068393629243
B2_residual_momentum_vol_target,2021-01-08,2022-01-10,-1.80131151405456
B2_residual_momentum_vol_target,2021-01-11,2022-01-11,-1.2337203001507313
B2_residual_momentum_vol_target,2021-01-12,2022-01-12,-1.0335408037861038
B2_residual_momentum_vol_target,2021-01-13,2022-01-13,-2.0162653160217925
B2_residual_momentum_vol_target,2021-01-14,2022-01-14,-2.2805396254937493
B2_residual_momentum_vol_target,2021-01-15,2022-01-18,-3.0030319968124553
B2_residual_momentum_vol_target,2021-01-19,2022-01-19,-4.937941755077791
B2_residual_momentum_vol_target,2021-01-20,2022-01-20,-6.546176866612663
B2_residual_momentum_vol_target,2021-01-21,2022-01-21,-7.609274417344314
B2_residual_momentum_vol_target,2021-01-22,2022-01-24,-7.003093038447616
B2_residual_momentum_vol_target,2021-01-25,2022-01-25,-7.687387742903096
B2_residual_momentum_vol_target,2021-01-26,2022-01-26,-7.517942987309478
B2_residual_momentum_vol_target,2021-01-27,2022-01-27,-6.104913878359208
B2_residual_momentum_vol_target,2021-01-28,2022-01-28,-5.372421849229426
B2_residual_momentum_vol_target,2021-01-29,2022-01-31,-3.65304454571892
B2_residual_momentum_vol_target,2021-02-01,2022-02-01,-4.367891353365971
B2_residual_momentum_vol_target,2021-02-02,2022-02-02,-3.6821879506489408
B2_residual_momentum_vol_target,2021-02-03,2022-02-03,-4.0739640503461905
B2_residual_momentum_vol_target,2021-02-04,2022-02-04,-5.351604912517005
B2_residual_momentum_vol_target,2021-02-05,2022-02-07,-6.1277839972393995
B2_residual_momentum_vol_target,2021-02-08,2022-02-08,-6.474458392601267
B2_residual_momentum_vol_target,2021-02-09,2022-02-09,-5.103158162702925
B2_residual_momentum_vol_target,2021-02-10,2022-02-10,-6.302912816051887
B2_residual_momentum_vol_target,2021-02-11,2022-02-11,-7.631955068656337
B2_residual_momentum_vol_target,2021-02-12,2022-02-14,-8.919954779747751
B2_residual_momentum_vol_target,2021-02-12,2022-02-15,-8.273879346243461
B2_residual_momentum_vol_target,2021-02-16,2022-02-16,-8.136581344049777
B2_residual_momentum_vol_target,2021-02-17,2022-02-17,-8.649828518929025
B2_residual_momentum_vol_target,2021-02-18,2022-02-18,-8.188923544370185
B2_residual_momentum_vol_target,2021-02-22,2022-02-22,-7.961958711655692
B2_residual_momentum_vol_target,2021-02-23,2022-02-23,-8.578237675390909
B2_residual_momentum_vol_target,2021-02-24,2022-02-24,-8.39232934662607
B2_residual_momentum_vol_target,2021-02-25,2022-02-25,-4.781390922413564
B2_residual_momentum_vol_target,2021-02-26,2022-02-28,-5.591447028358731
B2_residual_momentum_vol_target,2021-03-01,2022-03-01,-7.265191438238827
B2_residual_momentum_vol_target,2021-03-02,2022-03-02,-6.057131129565363
B2_residual_momentum_vol_target,2021-03-03,2022-03-03,-4.161347121278302
B2_residual_momentum_vol_target,2021-03-04,2022-03-04,-2.240852527584858
B2_residual_momentum_vol_target,2021-03-05,2022-03-07,-2.652566663414968
B2_residual_momentum_vol_target,2021-03-08,2022-03-08,-0.5329773649808134
B2_residual_momentum_vol_target,2021-03-09,2022-03-09,-2.875088820229643
B2_residual_momentum_vol_target,2021-03-10,2022-03-10,-2.86405079194777
B2_residual_momentum_vol_target,2021-03-11,2022-03-11,-4.590333303448258
B2_residual_momentum_vol_target,2021-03-12,2022-03-14,-4.266817314650362
B2_residual_momentum_vol_target,2021-03-15,2022-03-15,-4.912323843329869
B2_residual_momentum_vol_target,2021-03-16,2022-03-16,-4.452943445589119
B2_residual_momentum_vol_target,2021-03-17,2022-03-17,-4.692955850459713
B2_residual_momentum_vol_target,2021-03-18,2022-03-18,-3.1038686398960236
B2_residual_momentum_vol_target,2021-03-19,2022-03-21,-3.526454182243577
B2_residual_momentum_vol_target,2021-03-22,2022-03-22,-4.373596722858641
B2_residual_momentum_vol_target,2021-03-23,2022-03-23,-3.647608472045849
B2_residual_momentum_vol_target,2021-03-24,2022-03-24,-2.572511380829823
B2_residual_momentum_vol_target,2021-03-25,2022-03-25,-2.5692680908816934
B2_residual_momentum_vol_target,2021-03-26,2022-03-28,-4.0790347904359425
B2_residual_momentum_vol_target,2021-03-29,2022-03-29,-3.4860440582710206
B2_residual_momentum_vol_target,2021-03-30,2022-03-30,-3.855929471575825
B2_residual_momentum_vol_target,2021-03-31,2022-03-31,-5.021018624196049
B2_residual_momentum_vol_target,2021-04-01,2022-04-01,-5.354360244749412
B2_residual_momentum_vol_target,2021-04-01,2022-04-04,-5.5093349582031825
B2_residual_momentum_vol_target,2021-04-05,2022-04-05,-6.022883618540109
B2_residual_momentum_vol_target,2021-04-06,2022-04-06,-5.30682579038062
B2_residual_momentum_vol_target,2021-04-07,2022-04-07,-3.8725532993653333
B2_residual_momentum_vol_target,2021-04-08,2022-04-08,-3.823564365219123
B2_residual_momentum_vol_target,2021-04-09,2022-04-11,-5.3529257160739085
B2_residual_momentum_vol_target,2021-04-12,2022-04-12,-4.926372094079145
B2_residual_momentum_vol_target,2021-04-13,2022-04-13,-4.871250871838573
B2_residual_momentum_vol_target,2021-04-14,2022-04-14,-4.927082529749982
B2_residual_momentum_vol_target,2021-04-16,2022-04-18,-5.375712641937813
B2_residual_momentum_vol_target,2021-04-19,2022-04-19,-4.33988812565188
B2_residual_momentum_vol_target,2021-04-20,2022-04-20,-2.7627008830571342
B2_residual_momentum_vol_target,2021-04-21,2022-04-21,-4.902773033934316
B2_residual_momentum_vol_target,2021-04-22,2022-04-22,-6.688141792085645
B2_residual_momentum_vol_target,2021-04-23,2022-04-25,-7.838301146058568
B2_residual_momentum_vol_target,2021-04-26,2022-04-26,-8.938629622857574
B2_residual_momentum_vol_target,2021-04-27,2022-04-27,-8.981943188332409
B2_residual_momentum_vol_target,2021-04-28,2022-04-28,-7.448003863080288
B2_residual_momentum_vol_target,2021-04-29,2022-04-29,-10.385453562511426
B2_residual_momentum_vol_target,2021-04-30,2022-05-02,-9.920017299275298
B2_residual_momentum_vol_target,2021-05-03,2022-05-03,-10.0848619842685
B2_residual_momentum_vol_target,2021-05-04,2022-05-04,-9.791720165586238
B2_residual_momentum_vol_target,2021-05-05,2022-05-05,-10.403563944946326
B2_residual_momentum_vol_target,2021-05-06,2022-05-06,-10.329610829605784
B2_residual_momentum_vol_target,2021-05-07,2022-05-09,-11.232140935437652
B2_residual_momentum_vol_target,2021-05-10,2022-05-10,-10.694648613153301
B2_residual_momentum_vol_target,2021-05-11,2022-05-11,-10.222814311990469
B2_residual_momentum_vol_target,2021-05-12,2022-05-12,-8.323715683545508
B2_residual_momentum_vol_target,2021-05-13,2022-05-13,-8.800073939051433
B2_residual_momentum_vol_target,2021-05-14,2022-05-16,-9.713759080977935
B2_residual_momentum_vol_target,2021-05-17,2022-05-17,-9.807858240627443
B2_residual_momentum_vol_target,2021-05-18,2022-05-18,-9.286711000630909
B2_residual_momentum_vol_target,2021-05-19,2022-05-19,-8.720024824885087
B2_residual_momentum_vol_target,2021-05-20,2022-05-20,-9.388702447857389
B2_residual_momentum_vol_target,2021-05-21,2022-05-23,-9.529492911054248
B2_residual_momentum_vol_target,2021-05-24,2022-05-24,-9.853638884077775
B2_residual_momentum_vol_target,2021-05-25,2022-05-25,-9.79877542962624
B2_residual_momentum_vol_target,2021-05-26,2022-05-26,-10.446641968667647
B2_residual_momentum_vol_target,2021-05-27,2022-05-27,-11.160552516458221
B2_residual_momentum_vol_target,2021-05-28,2022-05-31,-11.021827457425193
B2_residual_momentum_vol_target,2021-06-01,2022-06-01,-11.112709549485134
B2_residual_momentum_vol_target,2021-06-02,2022-06-02,-10.586149422612678
B2_residual_momentum_vol_target,2021-06-03,2022-06-03,-10.40414216097789
B2_residual_momentum_vol_target,2021-06-04,2022-06-06,-10.430918243995846
B2_residual_momentum_vol_target,2021-06-07,2022-06-07,-10.425981149835806
B2_residual_momentum_vol_target,2021-06-08,2022-06-08,-10.983875440249346
B2_residual_momentum_vol_target,2021-06-09,2022-06-09,-10.19697472388974
B2_residual_momentum_vol_target,2021-06-10,2022-06-10,-9.913779511143439
B2_residual_momentum_vol_target,2021-06-11,2022-06-13,-10.396605911547196
B2_residual_momentum_vol_target,2021-06-14,2022-06-14,-9.651110655649886
B2_residual_momentum_vol_target,2021-06-15,2022-06-15,-9.760630230202604
B2_residual_momentum_vol_target,2021-06-16,2022-06-16,-9.477778269944414
B2_residual_momentum_vol_target,2021-06-17,2022-06-17,-8.430425154811328
B2_residual_momentum_vol_target,2021-06-21,2022-06-21,-8.831737375340554
B2_residual_momentum_vol_target,2021-06-22,2022-06-22,-8.99565287072086
B2_residual_momentum_vol_target,2021-06-23,2022-06-23,-9.314535013597325
B2_residual_momentum_vol_target,2021-06-24,2022-06-24,-9.659601524889617
B2_residual_momentum_vol_target,2021-06-25,2022-06-27,-9.86621784594507
B2_residual_momentum_vol_target,2021-06-28,2022-06-28,-9.769493635432635
B2_residual_momentum_vol_target,2021-06-29,2022-06-29,-9.922294304710688
B2_residual_momentum_vol_target,2021-06-30,2022-06-30,-10.197925380359862
B2_residual_momentum_vol_target,2021-07-01,2022-07-01,-10.320466802963345
B2_residual_momentum_vol_target,2021-07-02,2022-07-05,-10.281924632683204
B2_residual_momentum_vol_target,2021-07-06,2022-07-06,-9.358292188991047
B2_residual_momentum_vol_target,2021-07-07,2022-07-07,-9.527103636440737
B2_residual_momentum_vol_target,2021-07-08,2022-07-08,-8.625896842482273
B2_residual_momentum_vol_target,2021-07-09,2022-07-11,-10.27594854292051
B2_residual_momentum_vol_target,2021-07-12,2022-07-12,-10.905345890012242
B2_residual_momentum_vol_target,2021-07-13,2022-07-13,-10.13570156193504
B2_residual_momentum_vol_target,2021-07-14,2022-07-14,-9.640818246175954
B2_residual_momentum_vol_target,2021-07-15,2022-07-15,-9.557373404285318
B2_residual_momentum_vol_target,2021-07-16,2022-07-18,-8.485325792447608
B2_residual_momentum_vol_target,2021-07-19,2022-07-19,-7.309446500744832
B2_residual_momentum_vol_target,2021-07-20,2022-07-20,-9.196430844961167
B2_residual_momentum_vol_target,2021-07-21,2022-07-21,-10.11091189329777
B2_residual_momentum_vol_target,2021-07-22,2022-07-22,-9.716894152207267
B2_residual_momentum_vol_target,2021-07-23,2022-07-25,-10.091550118785197
B2_residual_momentum_vol_target,2021-07-26,2022-07-26,-10.461440484669282
B2_residual_momentum_vol_target,2021-07-27,2022-07-27,-10.167980088594097
B2_residual_momentum_vol_target,2021-07-28,2022-07-28,-10.210338291731258
B2_residual_momentum_vol_target,2021-07-29,2022-07-29,-11.132807374425447
B2_residual_momentum_vol_target,2021-07-30,2022-08-01,-10.936366059479063
B2_residual_momentum_vol_target,2021-08-02,2022-08-02,-10.418831472682255
B2_residual_momentum_vol_target,2021-08-03,2022-08-03,-10.93629352415838
B2_residual_momentum_vol_target,2021-08-04,2022-08-04,-10.180369689503033
B2_residual_momentum_vol_target,2021-08-05,2022-08-05,-10.829190627887275
B2_residual_momentum_vol_target,2021-08-06,2022-08-08,-11.446918773143079
B2_residual_momentum_vol_target,2021-08-09,2022-08-09,-11.492827372043468
B2_residual_momentum_vol_target,2021-08-10,2022-08-10,-12.275325867534281
B2_residual_momentum_vol_target,2021-08-11,2022-08-11,-12.811381573969548
B2_residual_momentum_vol_target,2021-08-12,2022-08-12,-12.909401375017794
B2_residual_momentum_vol_target,2021-08-13,2022-08-15,-12.462006920211266
B2_residual_momentum_vol_target,2021-08-16,2022-08-16,-12.25327434381186
B2_residual_momentum_vol_target,2021-08-17,2022-08-17,-11.039742231447313
B2_residual_momentum_vol_target,2021-08-18,2022-08-18,-10.53369149983171
B2_residual_momentum_vol_target,2021-08-19,2022-08-19,-9.723895083891176
B2_residual_momentum_vol_target,2021-08-20,2022-08-22,-10.075368346976099
B2_residual_momentum_vol_target,2021-08-23,2022-08-23,-10.849638501990677
B2_residual_momentum_vol_target,2021-08-24,2022-08-24,-11.339263749220684
B2_residual_momentum_vol_target,2021-08-25,2022-08-25,-11.756893561420423
B2_residual_momentum_vol_target,2021-08-26,2022-08-26,-11.255035567150994
B2_residual_momentum_vol_target,2021-08-27,2022-08-29,-12.206687332496468
B2_residual_momentum_vol_target,2021-08-30,2022-08-30,-11.770841781026675
B2_residual_momentum_vol_target,2021-08-31,2022-08-31,-11.589255538620558
B2_residual_momentum_vol_target,2021-09-01,2022-09-01,-11.456539795001387
B2_residual_momentum_vol_target,2021-09-02,2022-09-02,-11.946287433555202
B2_residual_momentum_vol_target,2021-09-03,2022-09-06,-12.037837451535138
B2_residual_momentum_vol_target,2021-09-07,2022-09-07,-11.583811573682013
B2_residual_momentum_vol_target,2021-09-08,2022-09-08,-11.318895293084353
B2_residual_momentum_vol_target,2021-09-09,2022-09-09,-11.514566907943347
B2_residual_momentum_vol_target,2021-09-10,2022-09-12,-11.089331136233483
B2_residual_momentum_vol_target,2021-09-13,2022-09-13,-10.145339954905186
B2_residual_momentum_vol_target,2021-09-14,2022-09-14,-9.860091160481765
B2_residual_momentum_vol_target,2021-09-15,2022-09-15,-10.787812460853418
B2_residual_momentum_vol_target,2021-09-16,2022-09-16,-10.675337820174512
B2_residual_momentum_vol_target,2021-09-17,2022-09-19,-9.84587243583761
B2_residual_momentum_vol_target,2021-09-20,2022-09-20,-8.050939989761218
B2_residual_momentum_vol_target,2021-09-21,2022-09-21,-8.017660131872207
B2_residual_momentum_vol_target,2021-09-22,2022-09-22,-8.997131347668885
B2_residual_momentum_vol_target,2021-09-23,2022-09-23,-10.481195271845179
B2_residual_momentum_vol_target,2021-09-24,2022-09-26,-9.81725755573194
B2_residual_momentum_vol_target,2021-09-27,2022-09-27,-8.869422754727196
B2_residual_momentum_vol_target,2021-09-28,2022-09-28,-6.887927972854735
B2_residual_momentum_vol_target,2021-09-29,2022-09-29,-6.841905428628969
B2_residual_momentum_vol_target,2021-09-30,2022-09-30,-4.965321998072758
B2_residual_momentum_vol_target,2021-10-01,2022-10-03,-4.969716461864804
B2_residual_momentum_vol_target,2021-10-04,2022-10-04,-3.96300261119118
B2_residual_momentum_vol_target,2021-10-05,2022-10-05,-4.766155573297692
B2_residual_momentum_vol_target,2021-10-06,2022-10-06,-4.3051433768065746
B2_residual_momentum_vol_target,2021-10-07,2022-10-07,-5.013395703685086
B2_residual_momentum_vol_target,2021-10-08,2022-10-10,-4.331383697372349
B2_residual_momentum_vol_target,2021-10-11,2022-10-11,-3.830791190698468
B2_residual_momentum_vol_target,2021-10-12,2022-10-12,-4.353257926282339
B2_residual_momentum_vol_target,2021-10-13,2022-10-13,-4.832880287457286
B2_residual_momentum_vol_target,2021-10-14,2022-10-14,-6.31768836651776
B2_residual_momentum_vol_target,2021-10-15,2022-10-17,-6.439739187330639
B2_residual_momentum_vol_target,2021-10-18,2022-10-18,-7.278496869297113
B2_residual_momentum_vol_target,2021-10-19,2022-10-19,-7.459941616276378
B2_residual_momentum_vol_target,2021-10-20,2022-10-20,-8.001667259715129
B2_residual_momentum_vol_target,2021-10-21,2022-10-21,-8.145725851807084
B2_residual_momentum_vol_target,2021-10-22,2022-10-24,-8.376110390258518
B2_residual_momentum_vol_target,2021-10-25,2022-10-25,-8.894323927697911
B2_residual_momentum_vol_target,2021-10-26,2022-10-26,-8.65044781473754
B2_residual_momentum_vol_target,2021-10-27,2022-10-27,-7.215442033328435
B2_residual_momentum_vol_target,2021-10-28,2022-10-28,-8.502696019099364
B2_residual_momentum_vol_target,2021-10-29,2022-10-31,-8.859924762494442
B2_residual_momentum_vol_target,2021-11-01,2022-11-01,-8.696982529888475
B2_residual_momentum_vol_target,2021-11-02,2022-11-02,-9.135892208512676
B2_residual_momentum_vol_target,2021-11-03,2022-11-03,-8.817105431016593
B2_residual_momentum_vol_target,2021-11-04,2022-11-04,-7.872949476542823
B2_residual_momentum_vol_target,2021-11-05,2022-11-07,-7.911356231297417
B2_residual_momentum_vol_target,2021-11-08,2022-11-08,-8.45331413111925
B2_residual_momentum_vol_target,2021-11-09,2022-11-09,-8.47525148596966
B2_residual_momentum_vol_target,2021-11-10,2022-11-10,-7.594093922174738
B2_residual_momentum_vol_target,2021-11-11,2022-11-11,-8.024876525376667
B2_residual_momentum_vol_target,2021-11-12,2022-11-14,-8.331976926104169
B2_residual_momentum_vol_target,2021-11-15,2022-11-15,-8.634958268492543
B2_residual_momentum_vol_target,2021-11-16,2022-11-16,-8.458986233742172
B2_residual_momentum_vol_target,2021-11-17,2022-11-17,-7.8899072736206115
B2_residual_momentum_vol_target,2021-11-18,2022-11-18,-8.331051484320085
B2_residual_momentum_vol_target,2021-11-19,2022-11-21,-7.323792726440992
B2_residual_momentum_vol_target,2021-11-22,2022-11-22,-7.580723827979674
B2_residual_momentum_vol_target,2021-11-23,2022-11-23,-8.5960422259739
B2_residual_momentum_vol_target,2021-11-24,2022-11-25,-9.222880283265745
B2_residual_momentum_vol_target,2021-11-26,2022-11-28,-7.519703951244361
B2_residual_momentum_vol_target,2021-11-29,2022-11-29,-8.755233230219305
B2_residual_momentum_vol_target,2021-11-30,2022-11-30,-6.572124012566338
B2_residual_momentum_vol_target,2021-12-01,2022-12-01,-5.946582860218463
B2_residual_momentum_vol_target,2021-12-02,2022-12-02,-7.158504800515908
B2_residual_momentum_vol_target,2021-12-03,2022-12-05,-7.460213969043816
B2_residual_momentum_vol_target,2021-12-06,2022-12-06,-7.677742915222863
B2_residual_momentum_vol_target,2021-12-07,2022-12-07,-9.710833992688372
B2_residual_momentum_vol_target,2021-12-08,2022-12-08,-9.877933321785692
B2_residual_momentum_vol_target,2021-12-09,2022-12-09,-9.732136316982153
B2_residual_momentum_vol_target,2021-12-10,2022-12-12,-10.27960714737729
B2_residual_momentum_vol_target,2021-12-13,2022-12-13,-10.717103872379298
B2_residual_momentum_vol_target,2021-12-14,2022-12-14,-9.854387366450524
B2_residual_momentum_vol_target,2021-12-15,2022-12-15,-12.3343194078404
B2_residual_momentum_vol_target,2021-12-16,2022-12-16,-12.593822913734787
B2_residual_momentum_vol_target,2021-12-17,2022-12-19,-11.90156046935462
B2_residual_momentum_vol_target,2021-12-20,2022-12-20,-10.570899938848932
B2_residual_momentum_vol_target,2021-12-21,2022-12-21,-10.615947503591771
B2_residual_momentum_vol_target,2021-12-22,2022-12-22,-11.82804187005646
B2_residual_momentum_vol_target,2021-12-23,2022-12-23,-11.447367079206284
B2_residual_momentum_vol_target,2021-12-27,2022-12-27,-12.700808378051887
B2_residual_momentum_vol_target,2021-12-28,2022-12-28,-13.344830137297848
B2_residual_momentum_vol_target,2021-12-29,2022-12-29,-13.535993966292015
B2_residual_momentum_vol_target,2021-12-30,2022-12-30,-13.375741694058195
B2_residual_momentum_vol_target,2022-01-03,2023-01-03,-12.391307988402255
B2_residual_momentum_vol_target,2022-01-04,2023-01-04,-12.87730116425404
B2_residual_momentum_vol_target,2022-01-05,2023-01-05,-11.209414239651705
B2_residual_momentum_vol_target,2022-01-06,2023-01-06,-11.542808929616621
B2_residual_momentum_vol_target,2022-01-07,2023-01-09,-10.510782420448738
B2_residual_momentum_vol_target,2022-01-10,2023-01-10,-10.446431827157344
B2_residual_momentum_vol_target,2022-01-11,2023-01-11,-10.643231078307835
B2_residual_momentum_vol_target,2022-01-12,2023-01-12,-10.994082427887196
B2_residual_momentum_vol_target,2022-01-13,2023-01-13,-10.093480116299169
B2_residual_momentum_vol_target,2022-01-14,2023-01-17,-9.657612329802456
B2_residual_momentum_vol_target,2022-01-18,2023-01-18,-8.513611499771878
B2_residual_momentum_vol_target,2022-01-19,2023-01-19,-7.391794724307255
B2_residual_momentum_vol_target,2022-01-20,2023-01-20,-6.377396855333828
B2_residual_momentum_vol_target,2022-01-21,2023-01-23,-5.332806643523891
B2_residual_momentum_vol_target,2022-01-24,2023-01-24,-5.91175049085555
B2_residual_momentum_vol_target,2022-01-25,2023-01-25,-5.277015870467028
B2_residual_momentum_vol_target,2022-01-26,2023-01-26,-4.911580037049202
B2_residual_momentum_vol_target,2022-01-27,2023-01-27,-4.370095250011296
B2_residual_momentum_vol_target,2022-01-28,2023-01-30,-5.9827079760797925
B2_residual_momentum_vol_target,2022-01-31,2023-01-31,-7.0412510396512085
B2_residual_momentum_vol_target,2022-02-01,2023-02-01,-7.359727597174793
B2_residual_momentum_vol_target,2022-02-02,2023-02-02,-9.920181682644003
B2_residual_momentum_vol_target,2022-02-03,2023-02-03,-9.453300467889603
B2_residual_momentum_vol_target,2022-02-04,2023-02-06,-9.284220259167897
B2_residual_momentum_vol_target,2022-02-07,2023-02-07,-8.076631241708053
B2_residual_momentum_vol_target,2022-02-08,2023-02-08,-8.581789673654649
B2_residual_momentum_vol_target,2022-02-09,2023-02-09,-10.219955335836751
B2_residual_momentum_vol_target,2022-02-10,2023-02-10,-8.173459122936622
B2_residual_momentum_vol_target,2022-02-11,2023-02-13,-6.7485938504669445
B2_residual_momentum_vol_target,2022-02-14,2023-02-14,-6.256791904736813
B2_residual_momentum_vol_target,2022-02-15,2023-02-15,-6.501166333651431
B2_residual_momentum_vol_target,2022-02-16,2023-02-16,-7.215607717878281
B2_residual_momentum_vol_target,2022-02-17,2023-02-17,-6.118056298336172
B2_residual_momentum_vol_target,2022-02-18,2023-02-21,-7.072640591914214
B2_residual_momentum_vol_target,2022-02-22,2023-02-22,-6.4266135061304634
B2_residual_momentum_vol_target,2022-02-23,2023-02-23,-5.038584603900642
B2_residual_momentum_vol_target,2022-02-24,2023-02-24,-6.3583973635576
B2_residual_momentum_vol_target,2022-02-25,2023-02-27,-8.041479559419562
B2_residual_momentum_vol_target,2022-02-28,2023-02-28,-8.106465828950238
B2_residual_momentum_vol_target,2022-03-01,2023-03-01,-7.314411404068077
B2_residual_momentum_vol_target,2022-03-02,2023-03-02,-7.085512090467693
B2_residual_momentum_vol_target,2022-03-03,2023-03-03,-6.094408360471415
B2_residual_momentum_vol_target,2022-03-04,2023-03-06,-6.161067200765046
B2_residual_momentum_vol_target,2022-03-07,2023-03-07,-7.038561426890045
B2_residual_momentum_vol_target,2022-03-08,2023-03-08,-7.3036067078556695
B2_residual_momentum_vol_target,2022-03-09,2023-03-09,-8.448608534601254
B2_residual_momentum_vol_target,2022-03-10,2023-03-10,-9.530145370672738
B2_residual_momentum_vol_target,2022-03-11,2023-03-13,-10.507866970985658
B2_residual_momentum_vol_target,2022-03-14,2023-03-14,-9.61933700414308
B2_residual_momentum_vol_target,2022-03-15,2023-03-15,-11.316335090794938
B2_residual_momentum_vol_target,2022-03-16,2023-03-16,-10.422407509883925
B2_residual_momentum_vol_target,2022-03-17,2023-03-17,-11.753586423519913
B2_residual_momentum_vol_target,2022-03-18,2023-03-20,-10.450992960391803
B2_residual_momentum_vol_target,2022-03-21,2023-03-21,-9.6029257999111
B2_residual_momentum_vol_target,2022-03-22,2023-03-22,-10.834083713262899
B2_residual_momentum_vol_target,2022-03-23,2023-03-23,-11.44917410833689
B2_residual_momentum_vol_target,2022-03-24,2023-03-24,-11.059815065844303
B2_residual_momentum_vol_target,2022-03-25,2023-03-27,-10.36284478518228
B2_residual_momentum_vol_target,2022-03-28,2023-03-28,-9.977615755585234
B2_residual_momentum_vol_target,2022-03-29,2023-03-29,-9.266731844287468
B2_residual_momentum_vol_target,2022-03-30,2023-03-30,-8.911868647628241
B2_residual_momentum_vol_target,2022-03-31,2023-03-31,-8.010182635288698
B2_residual_momentum_vol_target,2022-04-01,2023-04-03,-8.158502335727091
B2_residual_momentum_vol_target,2022-04-04,2023-04-04,-9.745439470974326
B2_residual_momentum_vol_target,2022-04-05,2023-04-05,-9.958560737429744
B2_residual_momentum_vol_target,2022-04-06,2023-04-06,-10.949151553610804
B2_residual_momentum_vol_target,2022-04-08,2023-04-10,-11.721222378752149
B2_residual_momentum_vol_target,2022-04-11,2023-04-11,-10.065664428802846
B2_residual_momentum_vol_target,2022-04-12,2023-04-12,-10.22112261439283
B2_residual_momentum_vol_target,2022-04-13,2023-04-13,-10.432631539122116
B2_residual_momentum_vol_target,2022-04-14,2023-04-14,-10.268769902552666
B2_residual_momentum_vol_target,2022-04-14,2023-04-17,-9.827653618429288
B2_residual_momentum_vol_target,2022-04-18,2023-04-18,-9.583015350644619
B2_residual_momentum_vol_target,2022-04-19,2023-04-19,-10.554952204438116
B2_residual_momentum_vol_target,2022-04-20,2023-04-20,-11.17101772031619
B2_residual_momentum_vol_target,2022-04-21,2023-04-21,-9.812882370164488
B2_residual_momentum_vol_target,2022-04-22,2023-04-24,-7.536032220178745
B2_residual_momentum_vol_target,2022-04-25,2023-04-25,-7.6381768140130095
B2_residual_momentum_vol_target,2022-04-26,2023-04-26,-7.502098997008111
B2_residual_momentum_vol_target,2022-04-27,2023-04-27,-6.666977498021332
B2_residual_momentum_vol_target,2022-04-28,2023-04-28,-7.819687476880944
B2_residual_momentum_vol_target,2022-04-29,2023-05-01,-4.413680962857747
B2_residual_momentum_vol_target,2022-05-02,2023-05-02,-5.164005662064708
B2_residual_momentum_vol_target,2022-05-03,2023-05-03,-6.058265330679424
B2_residual_momentum_vol_target,2022-05-04,2023-05-04,-7.095524161642841
B2_residual_momentum_vol_target,2022-05-05,2023-05-05,-5.8972333914668384
B2_residual_momentum_vol_target,2022-05-06,2023-05-08,-5.778196135618108
B2_residual_momentum_vol_target,2022-05-09,2023-05-09,-5.699231806222061
B2_residual_momentum_vol_target,2022-05-10,2023-05-10,-5.5470150467659245
B2_residual_momentum_vol_target,2022-05-11,2023-05-11,-5.502797508739754
B2_residual_momentum_vol_target,2022-05-12,2023-05-12,-4.5973189348046395
B2_residual_momentum_vol_target,2022-05-13,2023-05-15,-4.64764821174456
B2_residual_momentum_vol_target,2022-05-16,2023-05-16,-5.474845050427158
B2_residual_momentum_vol_target,2022-05-17,2023-05-17,-4.908627561566126
B2_residual_momentum_vol_target,2022-05-18,2023-05-18,-3.7331047628085923
B2_residual_momentum_vol_target,2022-05-19,2023-05-19,-3.9235023919860668
B2_residual_momentum_vol_target,2022-05-20,2023-05-22,-4.146112684924663
B2_residual_momentum_vol_target,2022-05-23,2023-05-23,-5.350739723229947
B2_residual_momentum_vol_target,2022-05-24,2023-05-24,-5.738055043908508
B2_residual_momentum_vol_target,2022-05-25,2023-05-25,-5.017221294171437
B2_residual_momentum_vol_target,2022-05-26,2023-05-26,-4.263103569618998
B2_residual_momentum_vol_target,2022-05-27,2023-05-30,-4.2226108371510085
B2_residual_momentum_vol_target,2022-05-31,2023-05-31,-4.976217486245971
B2_residual_momentum_vol_target,2022-06-01,2023-06-01,-4.356739124172826
B2_residual_momentum_vol_target,2022-06-02,2023-06-02,-3.3374549630245998
B2_residual_momentum_vol_target,2022-06-03,2023-06-05,-3.479278265684782
B2_residual_momentum_vol_target,2022-06-06,2023-06-06,-3.7666096218249567
B2_residual_momentum_vol_target,2022-06-07,2023-06-07,-4.138823020679694
B2_residual_momentum_vol_target,2022-06-08,2023-06-08,-3.565205358483492
B2_residual_momentum_vol_target,2022-06-09,2023-06-09,-3.422683252658665
B2_residual_momentum_vol_target,2022-06-10,2023-06-12,-2.7613218613143475
B2_residual_momentum_vol_target,2022-06-13,2023-06-13,-2.2902878390496095
B2_residual_momentum_vol_target,2022-06-14,2023-06-14,-2.3503239209936355
B2_residual_momentum_vol_target,2022-06-15,2023-06-15,-1.7566441529952237
B2_residual_momentum_vol_target,2022-06-16,2023-06-16,-1.8603913931481642
B2_residual_momentum_vol_target,2022-06-17,2023-06-20,-2.3023596617096853
B2_residual_momentum_vol_target,2022-06-21,2023-06-21,-2.1432156232416566
B2_residual_momentum_vol_target,2022-06-22,2023-06-22,-1.9859285591957487
B2_residual_momentum_vol_target,2022-06-23,2023-06-23,-2.7424039483358364
B2_residual_momentum_vol_target,2022-06-24,2023-06-26,-2.691805470228603
B2_residual_momentum_vol_target,2022-06-27,2023-06-27,-1.9034730030184077
B2_residual_momentum_vol_target,2022-06-28,2023-06-28,-1.9802173941242063
B2_residual_momentum_vol_target,2022-06-29,2023-06-29,-1.3928445821297264
B2_residual_momentum_vol_target,2022-06-30,2023-06-30,-0.3597168555094177
B2_residual_momentum_vol_target,2022-07-01,2023-07-03,-0.8243697632210223
B2_residual_momentum_vol_target,2022-07-05,2023-07-05,-1.226847038126988
B2_residual_momentum_vol_target,2022-07-06,2023-07-06,-2.462449068802297
B2_residual_momentum_vol_target,2022-07-07,2023-07-07,-2.329000106470225
B2_residual_momentum_vol_target,2022-07-08,2023-07-10,-1.1558355494752925
B2_residual_momentum_vol_target,2022-07-11,2023-07-11,-0.5767742617816207
B2_residual_momentum_vol_target,2022-07-12,2023-07-12,0.33660428693720323
B2_residual_momentum_vol_target,2022-07-13,2023-07-13,0.9323130938039714
B2_residual_momentum_vol_target,2022-07-14,2023-07-14,1.0836347301752314
B2_residual_momentum_vol_target,2022-07-15,2023-07-17,2.2875422177508264
B2_residual_momentum_vol_target,2022-07-18,2023-07-18,2.448106243622461
B2_residual_momentum_vol_target,2022-07-19,2023-07-19,1.4691643014975497
B2_residual_momentum_vol_target,2022-07-20,2023-07-20,0.5085844080483293
B2_residual_momentum_vol_target,2022-07-21,2023-07-21,0.04703202671083595
B2_residual_momentum_vol_target,2022-07-22,2023-07-24,-0.2030988390077093
B2_residual_momentum_vol_target,2022-07-25,2023-07-25,0.6682136507616177
B2_residual_momentum_vol_target,2022-07-26,2023-07-26,-0.1543216416649673
B2_residual_momentum_vol_target,2022-07-27,2023-07-27,-0.7340790403021269
B2_residual_momentum_vol_target,2022-07-28,2023-07-28,-0.46238703745981047
B2_residual_momentum_vol_target,2022-07-29,2023-07-31,0.09803304410058722
B2_residual_momentum_vol_target,2022-08-01,2023-08-01,-0.26581536848755416
B2_residual_momentum_vol_target,2022-08-02,2023-08-02,-1.5428482694775925
B2_residual_momentum_vol_target,2022-08-03,2023-08-03,-1.7210457843926719
B2_residual_momentum_vol_target,2022-08-04,2023-08-04,-2.088841551695375
B2_residual_momentum_vol_target,2022-08-05,2023-08-07,-0.6565118928706037
B2_residual_momentum_vol_target,2022-08-08,2023-08-08,-1.5789979560970835
B2_residual_momentum_vol_target,2022-08-09,2023-08-09,-1.6881930402337653
B2_residual_momentum_vol_target,2022-08-10,2023-08-10,-1.759708305586949
B2_residual_momentum_vol_target,2022-08-11,2023-08-11,-1.893971725330923
B2_residual_momentum_vol_target,2022-08-12,2023-08-14,-1.0401269541787883
B2_residual_momentum_vol_target,2022-08-15,2023-08-15,-1.9302343003418376
B2_residual_momentum_vol_target,2022-08-16,2023-08-16,-2.6543668818185484
B2_residual_momentum_vol_target,2022-08-17,2023-08-17,-4.452696032574821
B2_residual_momentum_vol_target,2022-08-18,2023-08-18,-3.804971886752828
B2_residual_momentum_vol_target,2022-08-19,2023-08-21,-3.340973491107768
B2_residual_momentum_vol_target,2022-08-22,2023-08-22,-3.513287259016973
B2_residual_momentum_vol_target,2022-08-23,2023-08-23,-2.3096312968627353
B2_residual_momentum_vol_target,2022-08-24,2023-08-24,-3.798718834698478
B2_residual_momentum_vol_target,2022-08-25,2023-08-25,-3.2817664430052518
B2_residual_momentum_vol_target,2022-08-26,2023-08-28,-2.6716875660585115
B2_residual_momentum_vol_target,2022-08-29,2023-08-29,-1.3445371060830102
B2_residual_momentum_vol_target,2022-08-30,2023-08-30,-0.7930553172295407
B2_residual_momentum_vol_target,2022-08-31,2023-08-31,-0.7806019699480471
B2_residual_momentum_vol_target,2022-09-01,2023-09-01,-0.6137874048457892
B2_residual_momentum_vol_target,2022-09-02,2023-09-05,-1.833615214428952
B2_residual_momentum_vol_target,2022-09-06,2023-09-06,-1.5958125259630807
B2_residual_momentum_vol_target,2022-09-07,2023-09-07,-1.4847982010977478
B2_residual_momentum_vol_target,2022-09-08,2023-09-08,-1.390799786591368
B2_residual_momentum_vol_target,2022-09-09,2023-09-11,-0.8573029516542374
B2_residual_momentum_vol_target,2022-09-12,2023-09-12,-2.3098905573009643
B2_residual_momentum_vol_target,2022-09-13,2023-09-13,-3.151912897612552
B2_residual_momentum_vol_target,2022-09-14,2023-09-14,-2.1814432067018497
B2_residual_momentum_vol_target,2022-09-15,2023-09-15,-3.453061395065349
B2_residual_momentum_vol_target,2022-09-16,2023-09-18,-3.2199423254242743
B2_residual_momentum_vol_target,2022-09-19,2023-09-19,-3.255472047223873
B2_residual_momentum_vol_target,2022-09-20,2023-09-20,-3.975628115880847
B2_residual_momentum_vol_target,2022-09-21,2023-09-21,-5.792136085371647
B2_residual_momentum_vol_target,2022-09-22,2023-09-22,-5.656668528500585
B2_residual_momentum_vol_target,2022-09-23,2023-09-25,-5.4539425915607564
B2_residual_momentum_vol_target,2022-09-26,2023-09-26,-6.428313909598248
B2_residual_momentum_vol_target,2022-09-27,2023-09-27,-6.023197598075381
B2_residual_momentum_vol_target,2022-09-28,2023-09-28,-5.138995269777236
B2_residual_momentum_vol_target,2022-09-29,2023-09-29,-5.846008753763476
B2_residual_momentum_vol_target,2022-09-30,2023-10-02,-6.41512019975119
B2_residual_momentum_vol_target,2022-10-03,2023-10-03,-7.815552596816689
B2_residual_momentum_vol_target,2022-10-04,2023-10-04,-6.8973775429637225
B2_residual_momentum_vol_target,2022-10-05,2023-10-05,-6.952579956478965
B2_residual_momentum_vol_target,2022-10-06,2023-10-06,-5.582819680391793
B2_residual_momentum_vol_target,2022-10-07,2023-10-09,-5.186238527970799
B2_residual_momentum_vol_target,2022-10-10,2023-10-10,-4.661589188216064
B2_residual_momentum_vol_target,2022-10-11,2023-10-11,-3.5970057931581367
B2_residual_momentum_vol_target,2022-10-12,2023-10-12,-4.091252277108515
B2_residual_momentum_vol_target,2022-10-13,2023-10-13,-5.483737618006579
B2_residual_momentum_vol_target,2022-10-14,2023-10-16,-4.618348182038967
B2_residual_momentum_vol_target,2022-10-17,2023-10-17,-4.482966824418034
B2_residual_momentum_vol_target,2022-10-18,2023-10-18,-6.348455147042664
B2_residual_momentum_vol_target,2022-10-19,2023-10-19,-7.48040578988557
B2_residual_momentum_vol_target,2022-10-20,2023-10-20,-8.744741741750373
B2_residual_momentum_vol_target,2022-10-21,2023-10-23,-8.48001430390093
B2_residual_momentum_vol_target,2022-10-24,2023-10-24,-7.232738778258718
B2_residual_momentum_vol_target,2022-10-25,2023-10-25,-8.575678648745999
B2_residual_momentum_vol_target,2022-10-26,2023-10-26,-9.413496166492429
B2_residual_momentum_vol_target,2022-10-27,2023-10-27,-9.870554650432728
B2_residual_momentum_vol_target,2022-10-28,2023-10-30,-8.833301774807268
B2_residual_momentum_vol_target,2022-10-31,2023-10-31,-8.417073357493665
B2_residual_momentum_vol_target,2022-11-01,2023-11-01,-8.297248349089658
B2_residual_momentum_vol_target,2022-11-02,2023-11-02,-8.297248349089658
B2_residual_momentum_vol_target,2022-11-03,2023-11-03,-8.297248349089658
B2_residual_momentum_vol_target,2022-11-04,2023-11-06,-8.297248349089658
B2_residual_momentum_vol_target,2022-11-07,2023-11-07,-8.297248349089658
B2_residual_momentum_vol_target,2022-11-08,2023-11-08,-8.297248349089658
B2_residual_momentum_vol_target,2022-11-09,2023-11-09,-8.297248349089658
B2_residual_momentum_vol_target,2022-11-10,2023-11-10,-8.297248349089658
B2_residual_momentum_vol_target,2022-11-11,2023-11-13,-8.297248349089658
B2_residual_momentum_vol_target,2022-11-14,2023-11-14,-8.297248349089658
B2_residual_momentum_vol_target,2022-11-15,2023-11-15,-8.297248349089658
B2_residual_momentum_vol_target,2022-11-16,2023-11-16,-8.297248349089658
B2_residual_momentum_vol_target,2022-11-17,2023-11-17,-8.297248349089658
B2_residual_momentum_vol_target,2022-11-18,2023-11-20,-8.297248349089658
B2_residual_momentum_vol_target,2022-11-21,2023-11-21,-8.297248349089658
B2_residual_momentum_vol_target,2022-11-22,2023-11-22,-8.297248349089658
B2_residual_momentum_vol_target,2022-11-23,2023-11-24,-8.297248349089658
B2_residual_momentum_vol_target,2022-11-25,2023-11-27,-8.297248349089658
B2_residual_momentum_vol_target,2022-11-28,2023-11-28,-8.297248349089658
B2_residual_momentum_vol_target,2022-11-29,2023-11-29,-8.297248349089658
B2_residual_momentum_vol_target,2022-11-30,2023-11-30,-8.297248349089658
B2_residual_momentum_vol_target,2022-12-01,2023-12-01,-7.502373920151628
B2_residual_momentum_vol_target,2022-12-02,2023-12-04,-8.472758987846273
B2_residual_momentum_vol_target,2022-12-05,2023-12-05,-7.478597049898939
B2_residual_momentum_vol_target,2022-12-06,2023-12-06,-7.598155648728177
B2_residual_momentum_vol_target,2022-12-07,2023-12-07,-7.21545614343454
B2_residual_momentum_vol_target,2022-12-08,2023-12-08,-6.374526769739452
B2_residual_momentum_vol_target,2022-12-09,2023-12-11,-4.632351076003848
B2_residual_momentum_vol_target,2022-12-12,2023-12-12,-4.4066878618845395
B2_residual_momentum_vol_target,2022-12-13,2023-12-13,-3.7568248832172912
B2_residual_momentum_vol_target,2022-12-14,2023-12-14,-4.968098443342283
B2_residual_momentum_vol_target,2022-12-15,2023-12-15,-3.973712268704832
B2_residual_momentum_vol_target,2022-12-16,2023-12-18,-2.9859390313716094
B2_residual_momentum_vol_target,2022-12-19,2023-12-19,-2.516027494015116
B2_residual_momentum_vol_target,2022-12-20,2023-12-20,-4.258764167731699
B2_residual_momentum_vol_target,2022-12-21,2023-12-21,-4.150174083443725
B2_residual_momentum_vol_target,2022-12-22,2023-12-22,-3.793253620114856
B2_residual_momentum_vol_target,2022-12-23,2023-12-26,-4.120387245064183
B2_residual_momentum_vol_target,2022-12-27,2023-12-27,-4.113885079783508
B2_residual_momentum_vol_target,2022-12-28,2023-12-28,-3.284075340496584
B2_residual_momentum_vol_target,2022-12-29,2023-12-29,-3.603399894512449
B2_residual_momentum_vol_target,2022-12-30,2024-01-02,-5.0906237295038075
B2_residual_momentum_vol_target,2023-01-03,2024-01-03,-5.527588595329503
B2_residual_momentum_vol_target,2023-01-04,2024-01-04,-5.709570421639276
B2_residual_momentum_vol_target,2023-01-05,2024-01-05,-5.448472075470512
B2_residual_momentum_vol_target,2023-01-06,2024-01-08,-3.829019774679876
B2_residual_momentum_vol_target,2023-01-09,2024-01-09,-3.5017470225853664
B2_residual_momentum_vol_target,2023-01-10,2024-01-10,-2.379553173368454
B2_residual_momentum_vol_target,2023-01-11,2024-01-11,-1.8247085031894872
B2_residual_momentum_vol_target,2023-01-12,2024-01-12,-1.6625729940745848
B2_residual_momentum_vol_target,2023-01-13,2024-01-16,-1.3650302674486414
B2_residual_momentum_vol_target,2023-01-17,2024-01-17,-1.45012568458448
B2_residual_momentum_vol_target,2023-01-18,2024-01-18,-0.7416207856967616
B2_residual_momentum_vol_target,2023-01-19,2024-01-19,0.4475590662219142
B2_residual_momentum_vol_target,2023-01-20,2024-01-22,1.0882823433183697
B2_residual_momentum_vol_target,2023-01-23,2024-01-23,0.6547440810489968
B2_residual_momentum_vol_target,2023-01-24,2024-01-24,0.6458450371157998
B2_residual_momentum_vol_target,2023-01-25,2024-01-25,1.1713279979630453
B2_residual_momentum_vol_target,2023-01-26,2024-01-26,0.7033336712035432
B2_residual_momentum_vol_target,2023-01-27,2024-01-29,1.9054530952815396
B2_residual_momentum_vol_target,2023-01-30,2024-01-30,1.9159389013134298
B2_residual_momentum_vol_target,2023-01-31,2024-01-31,0.9600380176566503
B2_residual_momentum_vol_target,2023-02-01,2024-02-01,2.3450996530176127
B2_residual_momentum_vol_target,2023-02-02,2024-02-02,5.031760165246513
B2_residual_momentum_vol_target,2023-02-03,2024-02-05,5.34509817899822
B2_residual_momentum_vol_target,2023-02-06,2024-02-06,5.332067960906328
B2_residual_momentum_vol_target,2023-02-07,2024-02-07,5.8368885741973076
B2_residual_momentum_vol_target,2023-02-08,2024-02-08,6.3871093310491345
B2_residual_momentum_vol_target,2023-02-09,2024-02-09,7.1710455136631435
B2_residual_momentum_vol_target,2023-02-10,2024-02-12,5.878431330997769
B2_residual_momentum_vol_target,2023-02-13,2024-02-13,4.620677654578986
B2_residual_momentum_vol_target,2023-02-14,2024-02-14,6.6985777750459885
B2_residual_momentum_vol_target,2023-02-15,2024-02-15,6.776759573423696
B2_residual_momentum_vol_target,2023-02-16,2024-02-16,6.814657324927498
B2_residual_momentum_vol_target,2023-02-17,2024-02-20,6.023383999918996
B2_residual_momentum_vol_target,2023-02-21,2024-02-21,5.6386706607093995
B2_residual_momentum_vol_target,2023-02-22,2024-02-22,8.75169055311089
B2_residual_momentum_vol_target,2023-02-23,2024-02-23,8.822568325226076
B2_residual_momentum_vol_target,2023-02-24,2024-02-26,9.729439524225448
B2_residual_momentum_vol_target,2023-02-27,2024-02-27,9.621980948892105
B2_residual_momentum_vol_target,2023-02-28,2024-02-28,9.984766296948223
B2_residual_momentum_vol_target,2023-03-01,2024-02-29,9.414907229046943
B2_residual_momentum_vol_target,2023-03-02,2024-03-01,10.625301234168427
B2_residual_momentum_vol_target,2023-03-03,2024-03-04,10.31624901891015
B2_residual_momentum_vol_target,2023-03-06,2024-03-05,9.212465009738047
B2_residual_momentum_vol_target,2023-03-07,2024-03-06,10.952223078895983
B2_residual_momentum_vol_target,2023-03-08,2024-03-07,12.943817324706064
B2_residual_momentum_vol_target,2023-03-09,2024-03-08,12.658097547677794
B2_residual_momentum_vol_target,2023-03-10,2024-03-11,12.777084174694675
B2_residual_momentum_vol_target,2023-03-13,2024-03-12,16.130428128597863
B2_residual_momentum_vol_target,2023-03-14,2024-03-13,14.302869224723791
B2_residual_momentum_vol_target,2023-03-15,2024-03-14,15.816413703288013
B2_residual_momentum_vol_target,2023-03-16,2024-03-15,13.731525606813921
B2_residual_momentum_vol_target,2023-03-17,2024-03-18,16.265847406959733
B2_residual_momentum_vol_target,2023-03-20,2024-03-19,15.603833975604742
B2_residual_momentum_vol_target,2023-03-21,2024-03-20,15.477855691211229
B2_residual_momentum_vol_target,2023-03-22,2024-03-21,17.89504536677031
B2_residual_momentum_vol_target,2023-03-23,2024-03-22,18.48907201934198
B2_residual_momentum_vol_target,2023-03-24,2024-03-25,17.664171975491016
B2_residual_momentum_vol_target,2023-03-27,2024-03-26,16.320991279894038
B2_residual_momentum_vol_target,2023-03-28,2024-03-27,16.287107966363656
B2_residual_momentum_vol_target,2023-03-29,2024-03-28,15.384565094553416
B2_residual_momentum_vol_target,2023-03-31,2024-04-01,13.574852924477575
B2_residual_momentum_vol_target,2023-04-03,2024-04-02,12.735885981814699
B2_residual_momentum_vol_target,2023-04-04,2024-04-03,15.729426610023033
B2_residual_momentum_vol_target,2023-04-05,2024-04-04,14.727988053653851
B2_residual_momentum_vol_target,2023-04-06,2024-04-05,16.368947548899527
B2_residual_momentum_vol_target,2023-04-06,2024-04-08,16.085021742339855
B2_residual_momentum_vol_target,2023-04-10,2024-04-09,13.920286920760706
B2_residual_momentum_vol_target,2023-04-11,2024-04-10,13.328201376520532
B2_residual_momentum_vol_target,2023-04-12,2024-04-11,13.075201889193222
B2_residual_momentum_vol_target,2023-04-13,2024-04-12,12.041706797393093
B2_residual_momentum_vol_target,2023-04-14,2024-04-15,11.14327150503389
B2_residual_momentum_vol_target,2023-04-17,2024-04-16,11.53304987680519
B2_residual_momentum_vol_target,2023-04-18,2024-04-17,10.75019460151716
B2_residual_momentum_vol_target,2023-04-19,2024-04-18,10.642920814231083
B2_residual_momentum_vol_target,2023-04-20,2024-04-19,8.727989468609266
B2_residual_momentum_vol_target,2023-04-21,2024-04-22,9.059618243651624
B2_residual_momentum_vol_target,2023-04-24,2024-04-23,10.515584917899368
B2_residual_momentum_vol_target,2023-04-25,2024-04-24,11.11113470935825
B2_residual_momentum_vol_target,2023-04-26,2024-04-25,11.987379230845029
B2_residual_momentum_vol_target,2023-04-27,2024-04-26,10.773450905556036
B2_residual_momentum_vol_target,2023-04-28,2024-04-29,11.26487891468344
B2_residual_momentum_vol_target,2023-05-01,2024-04-30,10.05958545822625
B2_residual_momentum_vol_target,2023-05-02,2024-05-01,9.563252213755824
B2_residual_momentum_vol_target,2023-05-03,2024-05-02,11.205526634671159
B2_residual_momentum_vol_target,2023-05-04,2024-05-03,13.046136655159724
B2_residual_momentum_vol_target,2023-05-05,2024-05-06,13.15404113754919
B2_residual_momentum_vol_target,2023-05-08,2024-05-07,12.878706229840443
B2_residual_momentum_vol_target,2023-05-09,2024-05-08,12.855840628422843
B2_residual_momentum_vol_target,2023-05-10,2024-05-09,13.356066501238395
B2_residual_momentum_vol_target,2023-05-11,2024-05-10,13.204585949323477
B2_residual_momentum_vol_target,2023-05-12,2024-05-13,11.398654596055158
B2_residual_momentum_vol_target,2023-05-15,2024-05-14,11.80919156949316
B2_residual_momentum_vol_target,2023-05-16,2024-05-15,14.18274767361114
B2_residual_momentum_vol_target,2023-05-17,2024-05-16,12.921313260657087
B2_residual_momentum_vol_target,2023-05-18,2024-05-17,11.403250530281772
B2_residual_momentum_vol_target,2023-05-19,2024-05-20,11.730811151508824
B2_residual_momentum_vol_target,2023-05-22,2024-05-21,12.482656593638431
B2_residual_momentum_vol_target,2023-05-23,2024-05-22,13.708187843007845
B2_residual_momentum_vol_target,2023-05-24,2024-05-23,14.283427766592482
B2_residual_momentum_vol_target,2023-05-25,2024-05-24,14.549118870813672
B2_residual_momentum_vol_target,2023-05-26,2024-05-28,13.327635976796138
B2_residual_momentum_vol_target,2023-05-30,2024-05-29,12.48139887015627
B2_residual_momentum_vol_target,2023-05-31,2024-05-30,13.53241807704395
B2_residual_momentum_vol_target,2023-06-01,2024-05-31,13.052737157445193
B2_residual_momentum_vol_target,2023-06-02,2024-06-03,10.351376971054528
B2_residual_momentum_vol_target,2023-06-05,2024-06-04,10.009254057767404
B2_residual_momentum_vol_target,2023-06-06,2024-06-05,11.468989026988385
B2_residual_momentum_vol_target,2023-06-07,2024-06-06,10.842117055480859
B2_residual_momentum_vol_target,2023-06-08,2024-06-07,10.074965679893545
B2_residual_momentum_vol_target,2023-06-09,2024-06-10,11.052568495519832
B2_residual_momentum_vol_target,2023-06-12,2024-06-11,10.258034759139312
B2_residual_momentum_vol_target,2023-06-13,2024-06-12,9.749298568041208
B2_residual_momentum_vol_target,2023-06-14,2024-06-13,9.558066497045292
B2_residual_momentum_vol_target,2023-06-15,2024-06-14,7.975751893087013
B2_residual_momentum_vol_target,2023-06-16,2024-06-17,9.1841301034864
B2_residual_momentum_vol_target,2023-06-16,2024-06-18,10.623842366812974
B2_residual_momentum_vol_target,2023-06-21,2024-06-20,11.25408542335149
B2_residual_momentum_vol_target,2023-06-22,2024-06-21,10.620100583596304
B2_residual_momentum_vol_target,2023-06-23,2024-06-24,12.213884638387507
B2_residual_momentum_vol_target,2023-06-26,2024-06-25,12.133467781110285
B2_residual_momentum_vol_target,2023-06-27,2024-06-26,9.82770410138376
B2_residual_momentum_vol_target,2023-06-28,2024-06-27,9.86476122036606
B2_residual_momentum_vol_target,2023-06-29,2024-06-28,8.28914717189011
B2_residual_momentum_vol_target,2023-06-30,2024-07-01,7.731696982330982
B2_residual_momentum_vol_target,2023-07-03,2024-07-02,8.403039076833796
B2_residual_momentum_vol_target,2023-07-03,2024-07-03,9.325267404010184
B2_residual_momentum_vol_target,2023-07-06,2024-07-05,10.665138707431797
B2_residual_momentum_vol_target,2023-07-07,2024-07-08,11.101516028044301
B2_residual_momentum_vol_target,2023-07-10,2024-07-09,9.84792569865165
B2_residual_momentum_vol_target,2023-07-11,2024-07-10,9.882418073560295
B2_residual_momentum_vol_target,2023-07-12,2024-07-11,8.52475543164175
B2_residual_momentum_vol_target,2023-07-13,2024-07-12,8.112846317464872
B2_residual_momentum_vol_target,2023-07-14,2024-07-15,7.8417688963925425
B2_residual_momentum_vol_target,2023-07-17,2024-07-16,6.7539914812801305
B2_residual_momentum_vol_target,2023-07-18,2024-07-17,4.623862197312478
B2_residual_momentum_vol_target,2023-07-19,2024-07-18,6.042293279468969
B2_residual_momentum_vol_target,2023-07-20,2024-07-19,5.843400644562324
B2_residual_momentum_vol_target,2023-07-21,2024-07-22,7.093514902805009
B2_residual_momentum_vol_target,2023-07-24,2024-07-23,7.6815501229890115
B2_residual_momentum_vol_target,2023-07-25,2024-07-24,3.720431832114568
B2_residual_momentum_vol_target,2023-07-26,2024-07-25,4.09473031906904
B2_residual_momentum_vol_target,2023-07-27,2024-07-26,5.965549090277333
B2_residual_momentum_vol_target,2023-07-28,2024-07-29,5.780227961091833
B2_residual_momentum_vol_target,2023-07-31,2024-07-30,4.327964488153957
B2_residual_momentum_vol_target,2023-08-01,2024-07-31,6.822525889962883
B2_residual_momentum_vol_target,2023-08-02,2024-08-01,7.420402585672647
B2_residual_momentum_vol_target,2023-08-03,2024-08-02,6.378451091936244
B2_residual_momentum_vol_target,2023-08-04,2024-08-05,4.949918448669366
B2_residual_momentum_vol_target,2023-08-07,2024-08-06,5.311061562703445
B2_residual_momentum_vol_target,2023-08-08,2024-08-07,6.209693701123209
B2_residual_momentum_vol_target,2023-08-09,2024-08-08,8.315900261721044
B2_residual_momentum_vol_target,2023-08-10,2024-08-09,9.086218923763578
B2_residual_momentum_vol_target,2023-08-11,2024-08-12,9.36644160415363
B2_residual_momentum_vol_target,2023-08-14,2024-08-13,9.148691595688451
B2_residual_momentum_vol_target,2023-08-15,2024-08-14,11.198800062202906
B2_residual_momentum_vol_target,2023-08-16,2024-08-15,13.080954523961207
B2_residual_momentum_vol_target,2023-08-17,2024-08-16,15.044617728020327
B2_residual_momentum_vol_target,2023-08-18,2024-08-19,15.068820683785479
B2_residual_momentum_vol_target,2023-08-21,2024-08-20,14.325555432998204
B2_residual_momentum_vol_target,2023-08-22,2024-08-21,15.406424547447472
B2_residual_momentum_vol_target,2023-08-23,2024-08-22,13.830194036268907
B2_residual_momentum_vol_target,2023-08-24,2024-08-23,16.22153257553571
B2_residual_momentum_vol_target,2023-08-25,2024-08-26,15.614774160217394
B2_residual_momentum_vol_target,2023-08-28,2024-08-27,15.449049688956883
B2_residual_momentum_vol_target,2023-08-29,2024-08-28,13.324515344100085
B2_residual_momentum_vol_target,2023-08-30,2024-08-29,13.107257832742224
B2_residual_momentum_vol_target,2023-08-31,2024-08-30,14.090816746515088
B2_residual_momentum_vol_target,2023-09-01,2024-09-03,11.88252664655105
B2_residual_momentum_vol_target,2023-09-05,2024-09-04,13.519518993603885
B2_residual_momentum_vol_target,2023-09-06,2024-09-05,11.626271650495523
B2_residual_momentum_vol_target,2023-09-07,2024-09-06,10.12997183979325
B2_residual_momentum_vol_target,2023-09-08,2024-09-09,11.474012939048372
B2_residual_momentum_vol_target,2023-09-11,2024-09-10,11.04702351726512
B2_residual_momentum_vol_target,2023-09-12,2024-09-11,13.096626122804377
B2_residual_momentum_vol_target,2023-09-13,2024-09-12,14.945634075114667
B2_residual_momentum_vol_target,2023-09-14,2024-09-13,14.843258635436207
B2_residual_momentum_vol_target,2023-09-15,2024-09-16,17.102088841291096
B2_residual_momentum_vol_target,2023-09-18,2024-09-17,16.238202491571375
B2_residual_momentum_vol_target,2023-09-19,2024-09-18,15.826468220941937
B2_residual_momentum_vol_target,2023-09-20,2024-09-19,17.178922945117094
B2_residual_momentum_vol_target,2023-09-21,2024-09-20,21.39300695226394
B2_residual_momentum_vol_target,2023-09-22,2024-09-23,22.342818349684144
B2_residual_momentum_vol_target,2023-09-25,2024-09-24,21.755548320806728
B2_residual_momentum_vol_target,2023-09-26,2024-09-25,23.602515304862813
B2_residual_momentum_vol_target,2023-09-27,2024-09-26,21.78622648375481
B2_residual_momentum_vol_target,2023-09-28,2024-09-27,20.969082495204038
B2_residual_momentum_vol_target,2023-09-29,2024-09-30,22.92565804796396
B2_residual_momentum_vol_target,2023-10-02,2024-10-01,23.80652736824804
B2_residual_momentum_vol_target,2023-10-03,2024-10-02,25.94900339080768
B2_residual_momentum_vol_target,2023-10-04,2024-10-03,24.25938569107402
B2_residual_momentum_vol_target,2023-10-05,2024-10-04,24.937556638691838
B2_residual_momentum_vol_target,2023-10-06,2024-10-07,21.500965386802974
B2_residual_momentum_vol_target,2023-10-09,2024-10-08,22.101020274650594
B2_residual_momentum_vol_target,2023-10-10,2024-10-09,21.928300301101842
B2_residual_momentum_vol_target,2023-10-11,2024-10-10,19.88676149150921
B2_residual_momentum_vol_target,2023-10-12,2024-10-11,21.696489883480563
B2_residual_momentum_vol_target,2023-10-13,2024-10-14,24.463936136796583
B2_residual_momentum_vol_target,2023-10-16,2024-10-15,23.380601096165066
B2_residual_momentum_vol_target,2023-10-17,2024-10-16,24.19742605605888
B2_residual_momentum_vol_target,2023-10-18,2024-10-17,25.89840037719735
B2_residual_momentum_vol_target,2023-10-19,2024-10-18,27.805320278688427
B2_residual_momentum_vol_target,2023-10-20,2024-10-21,28.969057158454213
B2_residual_momentum_vol_target,2023-10-23,2024-10-22,27.752511004177304
B2_residual_momentum_vol_target,2023-10-24,2024-10-23,26.00974606256079
B2_residual_momentum_vol_target,2023-10-25,2024-10-24,27.971998974980885
B2_residual_momentum_vol_target,2023-10-26,2024-10-25,26.7263199279131
B2_residual_momentum_vol_target,2023-10-27,2024-10-28,27.67703221361961
B2_residual_momentum_vol_target,2023-10-30,2024-10-29,26.368067959363238
B2_residual_momentum_vol_target,2023-10-31,2024-10-30,25.590146860859342
B2_residual_momentum_vol_target,2023-11-01,2024-10-31,24.607341456370936
B2_residual_momentum_vol_target,2023-11-02,2024-11-01,23.124811988047167
B2_residual_momentum_vol_target,2023-11-03,2024-11-04,23.51639144187243
B2_residual_momentum_vol_target,2023-11-06,2024-11-05,25.602535937428073
B2_residual_momentum_vol_target,2023-11-07,2024-11-06,26.683211439066888
B2_residual_momentum_vol_target,2023-11-08,2024-11-07,26.84343748830451
B2_residual_momentum_vol_target,2023-11-09,2024-11-08,29.080804557338837
B2_residual_momentum_vol_target,2023-11-10,2024-11-11,29.839401205008254
B2_residual_momentum_vol_target,2023-11-13,2024-11-12,29.17406911190095
B2_residual_momentum_vol_target,2023-11-14,2024-11-13,28.888653507638097
B2_residual_momentum_vol_target,2023-11-15,2024-11-14,26.38506308503443
B2_residual_momentum_vol_target,2023-11-16,2024-11-15,26.706485324356045
B2_residual_momentum_vol_target,2023-11-17,2024-11-18,27.395311514083808
B2_residual_momentum_vol_target,2023-11-20,2024-11-19,27.52164516594049
B2_residual_momentum_vol_target,2023-11-21,2024-11-20,28.478254606027065
B2_residual_momentum_vol_target,2023-11-22,2024-11-21,30.076429422733963
B2_residual_momentum_vol_target,2023-11-22,2024-11-22,30.76224283866309
B2_residual_momentum_vol_target,2023-11-24,2024-11-25,29.827799017821132
B2_residual_momentum_vol_target,2023-11-27,2024-11-26,31.551813195080914
B2_residual_momentum_vol_target,2023-11-28,2024-11-27,31.42844034309542
B2_residual_momentum_vol_target,2023-11-30,2024-11-29,31.69247942991973
B2_residual_momentum_vol_target,2023-12-01,2024-12-02,29.074927125427585
B2_residual_momentum_vol_target,2023-12-04,2024-12-03,29.897245962821106
B2_residual_momentum_vol_target,2023-12-05,2024-12-04,30.268859804309578
B2_residual_momentum_vol_target,2023-12-06,2024-12-05,31.655758495979413
B2_residual_momentum_vol_target,2023-12-07,2024-12-06,30.31810153593466
B2_residual_momentum_vol_target,2023-12-08,2024-12-09,26.18529220564203
B2_residual_momentum_vol_target,2023-12-11,2024-12-10,24.798512219389956
B2_residual_momentum_vol_target,2023-12-12,2024-12-11,23.75523790951417
B2_residual_momentum_vol_target,2023-12-13,2024-12-12,22.611709743500196
B2_residual_momentum_vol_target,2023-12-14,2024-12-13,24.398139322945923
B2_residual_momentum_vol_target,2023-12-15,2024-12-16,23.504479258819554
B2_residual_momentum_vol_target,2023-12-18,2024-12-17,21.721449403280936
B2_residual_momentum_vol_target,2023-12-19,2024-12-18,18.248216779460225
B2_residual_momentum_vol_target,2023-12-20,2024-12-19,20.264161389930948
B2_residual_momentum_vol_target,2023-12-21,2024-12-20,20.789333813669142
B2_residual_momentum_vol_target,2023-12-22,2024-12-23,21.4764537301952
B2_residual_momentum_vol_target,2023-12-22,2024-12-24,22.45276545651993
B2_residual_momentum_vol_target,2023-12-27,2024-12-26,21.85556277534495
B2_residual_momentum_vol_target,2023-12-28,2024-12-27,20.765103855459486
B2_residual_momentum_vol_target,2023-12-29,2024-12-30,20.135676321713692
B2_residual_momentum_vol_target,2023-12-29,2024-12-31,20.318528063734465
B2_residual_momentum_vol_target,2024-01-03,2025-01-02,24.33052856867881
B2_residual_momentum_vol_target,2024-01-04,2025-01-03,25.941837917791744
B2_residual_momentum_vol_target,2024-01-05,2025-01-06,25.243152980298845
B2_residual_momentum_vol_target,2024-01-08,2025-01-07,23.077207498372875
B2_residual_momentum_vol_target,2024-01-09,2025-01-08,23.497380983555118
B2_residual_momentum_vol_target,2024-01-11,2025-01-10,20.964579258648342
B2_residual_momentum_vol_target,2024-01-12,2025-01-13,20.98144420468042
B2_residual_momentum_vol_target,2024-01-12,2025-01-14,22.498392926178347
B2_residual_momentum_vol_target,2024-01-16,2025-01-15,22.78993290570357
B2_residual_momentum_vol_target,2024-01-17,2025-01-16,24.271472947224694
B2_residual_momentum_vol_target,2024-01-18,2025-01-17,23.804678240352885
B2_residual_momentum_vol_target,2024-01-22,2025-01-21,23.01374145457471
B2_residual_momentum_vol_target,2024-01-23,2025-01-22,22.852089866502446
B2_residual_momentum_vol_target,2024-01-24,2025-01-23,23.215101972842113
B2_residual_momentum_vol_target,2024-01-25,2025-01-24,22.42471453699735
B2_residual_momentum_vol_target,2024-01-26,2025-01-27,18.75677816003951
B2_residual_momentum_vol_target,2024-01-29,2025-01-28,18.142474979450274
B2_residual_momentum_vol_target,2024-01-30,2025-01-29,18.565719492749743
B2_residual_momentum_vol_target,2024-01-31,2025-01-30,21.53570869129633
B2_residual_momentum_vol_target,2024-02-01,2025-01-31,18.803379546130472
B2_residual_momentum_vol_target,2024-02-02,2025-02-03,17.59170820658347
B2_residual_momentum_vol_target,2024-02-05,2025-02-04,18.660790202533196
B2_residual_momentum_vol_target,2024-02-06,2025-02-05,19.543490404089404
B2_residual_momentum_vol_target,2024-02-07,2025-02-06,18.088235205163695
B2_residual_momentum_vol_target,2024-02-08,2025-02-07,17.605126794072735
B2_residual_momentum_vol_target,2024-02-09,2025-02-10,18.048849489737194
B2_residual_momentum_vol_target,2024-02-12,2025-02-11,17.994159681266233
B2_residual_momentum_vol_target,2024-02-13,2025-02-12,19.103441267899868
B2_residual_momentum_vol_target,2024-02-14,2025-02-13,17.641487090067475
B2_residual_momentum_vol_target,2024-02-15,2025-02-14,16.742192401666433
B2_residual_momentum_vol_target,2024-02-16,2025-02-18,18.405736467168964
B2_residual_momentum_vol_target,2024-02-20,2025-02-19,18.377006688714314
B2_residual_momentum_vol_target,2024-02-21,2025-02-20,18.748334080053496
B2_residual_momentum_vol_target,2024-02-22,2025-02-21,14.038892416941117
B2_residual_momentum_vol_target,2024-02-23,2025-02-24,12.877381413771815
B2_residual_momentum_vol_target,2024-02-26,2025-02-25,11.828302760200815
B2_residual_momentum_vol_target,2024-02-27,2025-02-26,12.422734860998608
B2_residual_momentum_vol_target,2024-02-28,2025-02-27,11.243459144882518
B2_residual_momentum_vol_target,2024-02-29,2025-02-28,12.11664449740455
B2_residual_momentum_vol_target,2024-03-01,2025-03-03,10.304345834791162
B2_residual_momentum_vol_target,2024-03-04,2025-03-04,7.418792261398455
B2_residual_momentum_vol_target,2024-03-05,2025-03-05,8.87649924898466
B2_residual_momentum_vol_target,2024-03-06,2025-03-06,6.013240476791215
B2_residual_momentum_vol_target,2024-03-07,2025-03-07,4.484875473090777
B2_residual_momentum_vol_target,2024-03-08,2025-03-10,4.581218001185361
B2_residual_momentum_vol_target,2024-03-11,2025-03-11,5.811332538254943
B2_residual_momentum_vol_target,2024-03-12,2025-03-12,4.528928781369013
B2_residual_momentum_vol_target,2024-03-13,2025-03-13,4.561098076109982
B2_residual_momentum_vol_target,2024-03-14,2025-03-14,7.014748308259855
B2_residual_momentum_vol_target,2024-03-15,2025-03-17,9.341962268805215
B2_residual_momentum_vol_target,2024-03-18,2025-03-18,7.328383052664611
B2_residual_momentum_vol_target,2024-03-19,2025-03-19,7.537915095311387
B2_residual_momentum_vol_target,2024-03-20,2025-03-20,6.745666221465663
B2_residual_momentum_vol_target,2024-03-21,2025-03-21,5.871755049403116
B2_residual_momentum_vol_target,2024-03-22,2025-03-24,7.530005256959549
B2_residual_momentum_vol_target,2024-03-25,2025-03-25,7.716304526490392
B2_residual_momentum_vol_target,2024-03-26,2025-03-26,7.83946805858291
B2_residual_momentum_vol_target,2024-03-27,2025-03-27,6.922665066548306
B2_residual_momentum_vol_target,2024-03-28,2025-03-28,6.330157422912364
B2_residual_momentum_vol_target,2024-03-28,2025-03-31,7.363128874959912
B2_residual_momentum_vol_target,2024-04-01,2025-04-01,7.270991084841993
B2_residual_momentum_vol_target,2024-04-02,2025-04-02,7.938709874556937
B2_residual_momentum_vol_target,2024-04-03,2025-04-03,7.170957444501913
B2_residual_momentum_vol_target,2024-04-04,2025-04-04,8.689154771942608
B2_residual_momentum_vol_target,2024-04-05,2025-04-07,7.208904110709513
B2_residual_momentum_vol_target,2024-04-08,2025-04-08,7.471120321837721
B2_residual_momentum_vol_target,2024-04-09,2025-04-09,8.59697934379897
B2_residual_momentum_vol_target,2024-04-10,2025-04-10,8.691054807093712
B2_residual_momentum_vol_target,2024-04-11,2025-04-11,8.562839539470168
B2_residual_momentum_vol_target,2024-04-12,2025-04-14,9.5246114363847
B2_residual_momentum_vol_target,2024-04-15,2025-04-15,10.405298170676414
B2_residual_momentum_vol_target,2024-04-16,2025-04-16,9.481254126906746
B2_residual_momentum_vol_target,2024-04-17,2025-04-17,9.930591644891562
B2_residual_momentum_vol_target,2024-04-19,2025-04-21,12.304235145385212
B2_residual_momentum_vol_target,2024-04-22,2025-04-22,11.972188210935663
B2_residual_momentum_vol_target,2024-04-23,2025-04-23,10.239437707369103
B2_residual_momentum_vol_target,2024-04-24,2025-04-24,10.390933701398986
B2_residual_momentum_vol_target,2024-04-25,2025-04-25,10.369663208377645
B2_residual_momentum_vol_target,2024-04-26,2025-04-28,10.560690350126855
B2_residual_momentum_vol_target,2024-04-29,2025-04-29,10.004791747209364
B2_residual_momentum_vol_target,2024-04-30,2025-04-30,10.869162490109385
B2_residual_momentum_vol_target,2024-05-01,2025-05-01,12.261727883062946
B2_residual_momentum_vol_target,2024-05-02,2025-05-02,11.656726981900988
B2_residual_momentum_vol_target,2024-05-03,2025-05-05,11.065065543142705
B2_residual_momentum_vol_target,2024-05-06,2025-05-06,9.546215609070918
B2_residual_momentum_vol_target,2024-05-07,2025-05-07,9.674686590620784
B2_residual_momentum_vol_target,2024-05-08,2025-05-08,9.605051116886099
B2_residual_momentum_vol_target,2024-05-09,2025-05-09,8.945522225277358
B2_residual_momentum_vol_target,2024-05-10,2025-05-12,9.04025719504884
B2_residual_momentum_vol_target,2024-05-13,2025-05-13,9.756263628935091
B2_residual_momentum_vol_target,2024-05-14,2025-05-14,9.410983819798346
B2_residual_momentum_vol_target,2024-05-15,2025-05-15,8.07418074557229
B2_residual_momentum_vol_target,2024-05-16,2025-05-16,8.630756448011434
B2_residual_momentum_vol_target,2024-05-17,2025-05-19,8.766464379228168
B2_residual_momentum_vol_target,2024-05-20,2025-05-20,8.66250811399647
B2_residual_momentum_vol_target,2024-05-21,2025-05-21,8.186867081405346
B2_residual_momentum_vol_target,2024-05-22,2025-05-22,8.3829274381926
B2_residual_momentum_vol_target,2024-05-23,2025-05-23,8.280483192096222
B2_residual_momentum_vol_target,2024-05-24,2025-05-27,7.20948654438982
B2_residual_momentum_vol_target,2024-05-28,2025-05-28,7.511436729586518
B2_residual_momentum_vol_target,2024-05-29,2025-05-29,8.274487450903356
B2_residual_momentum_vol_target,2024-05-30,2025-05-30,8.122888126858552
B2_residual_momentum_vol_target,2024-05-31,2025-06-02,8.346794139562942
B2_residual_momentum_vol_target,2024-06-03,2025-06-03,9.68529606511288
B2_residual_momentum_vol_target,2024-06-04,2025-06-04,9.676213129330712
B2_residual_momentum_vol_target,2024-06-05,2025-06-05,8.327901990723197
B2_residual_momentum_vol_target,2024-06-06,2025-06-06,9.871627554111573
B2_residual_momentum_vol_target,2024-06-07,2025-06-09,9.765165367828676
B2_residual_momentum_vol_target,2024-06-10,2025-06-10,8.623019252161178
B2_residual_momentum_vol_target,2024-06-11,2025-06-11,8.877098401711025
B2_residual_momentum_vol_target,2024-06-12,2025-06-12,9.206915384420622
B2_residual_momentum_vol_target,2024-06-13,2025-06-13,9.308442432205567
B2_residual_momentum_vol_target,2024-06-14,2025-06-16,10.29825092703678
B2_residual_momentum_vol_target,2024-06-17,2025-06-17,8.96508837475043
B2_residual_momentum_vol_target,2024-06-18,2025-06-18,7.708521398693469
B2_residual_momentum_vol_target,2024-06-20,2025-06-20,7.50417159254968
B2_residual_momentum_vol_target,2024-06-21,2025-06-23,8.755572686558022
B2_residual_momentum_vol_target,2024-06-24,2025-06-24,8.309486017374756
B2_residual_momentum_vol_target,2024-06-25,2025-06-25,7.725325487985502
B2_residual_momentum_vol_target,2024-06-26,2025-06-26,9.48580442683895
B2_residual_momentum_vol_target,2024-06-27,2025-06-27,9.55008077575432
B2_residual_momentum_vol_target,2024-06-28,2025-06-30,11.041881679445599
B2_residual_momentum_vol_target,2024-07-01,2025-07-01,9.622219261394282
B2_residual_momentum_vol_target,2024-07-02,2025-07-02,9.033486718451256
B2_residual_momentum_vol_target,2024-07-03,2025-07-03,8.790679890897524
B2_residual_momentum_vol_target,2024-07-05,2025-07-07,9.57156786623472
B2_residual_momentum_vol_target,2024-07-08,2025-07-08,8.554062579702704
B2_residual_momentum_vol_target,2024-07-09,2025-07-09,8.897240157935693
B2_residual_momentum_vol_target,2024-07-10,2025-07-10,8.001237150291395
B2_residual_momentum_vol_target,2024-07-11,2025-07-11,7.914107465717657
B2_residual_momentum_vol_target,2024-07-12,2025-07-14,8.469735889703234
B2_residual_momentum_vol_target,2024-07-15,2025-07-15,8.214212438622571
B2_residual_momentum_vol_target,2024-07-16,2025-07-16,8.257623560000727
B2_residual_momentum_vol_target,2024-07-17,2025-07-17,10.573428658800088
B2_residual_momentum_vol_target,2024-07-18,2025-07-18,10.28968739701035
B2_residual_momentum_vol_target,2024-07-19,2025-07-21,11.594126063519417
B2_residual_momentum_vol_target,2024-07-22,2025-07-22,10.369316710858367
B2_residual_momentum_vol_target,2024-07-23,2025-07-23,10.687637631507418
B2_residual_momentum_vol_target,2024-07-24,2025-07-24,13.933534376414203
B2_residual_momentum_vol_target,2024-07-25,2025-07-25,15.169692847313687
B2_residual_momentum_vol_target,2024-07-26,2025-07-28,13.209708096882867
B2_residual_momentum_vol_target,2024-07-29,2025-07-29,12.980867258392625
B2_residual_momentum_vol_target,2024-07-30,2025-07-30,14.219342491770304
B2_residual_momentum_vol_target,2024-07-31,2025-07-31,11.93485198707247
B2_residual_momentum_vol_target,2024-08-01,2025-08-01,12.714211411413379
B2_residual_momentum_vol_target,2024-08-02,2025-08-04,15.675209044027238
B2_residual_momentum_vol_target,2024-08-05,2025-08-05,18.173271879875188
B2_residual_momentum_vol_target,2024-08-06,2025-08-06,16.84480070884895
B2_residual_momentum_vol_target,2024-08-07,2025-08-07,16.803040799829727
B2_residual_momentum_vol_target,2024-08-08,2025-08-08,15.279758229747543
B2_residual_momentum_vol_target,2024-08-09,2025-08-11,13.97245789786654
B2_residual_momentum_vol_target,2024-08-12,2025-08-12,14.11594659252935
B2_residual_momentum_vol_target,2024-08-13,2025-08-13,12.634214658874088
B2_residual_momentum_vol_target,2024-08-14,2025-08-14,10.368656860169633
B2_residual_momentum_vol_target,2024-08-15,2025-08-15,9.136139548970235
B2_residual_momentum_vol_target,2024-08-16,2025-08-18,9.85524035137284
B2_residual_momentum_vol_target,2024-08-19,2025-08-19,7.964185469011964
B2_residual_momentum_vol_target,2024-08-20,2025-08-20,8.480783250531276
B2_residual_momentum_vol_target,2024-08-21,2025-08-21,7.5670766361265684
B2_residual_momentum_vol_target,2024-08-22,2025-08-22,8.000186714912028
B2_residual_momentum_vol_target,2024-08-23,2025-08-25,6.951200112329925
B2_residual_momentum_vol_target,2024-08-26,2025-08-26,7.913919472133379
B2_residual_momentum_vol_target,2024-08-27,2025-08-27,7.2731366882448745
B2_residual_momentum_vol_target,2024-08-28,2025-08-28,8.359461691702808
B2_residual_momentum_vol_target,2024-08-29,2025-08-29,7.138684360705461
B2_residual_momentum_vol_target,2024-08-30,2025-09-02,5.928456196454879
B2_residual_momentum_vol_target,2024-09-03,2025-09-03,8.199016203384346
B2_residual_momentum_vol_target,2024-09-04,2025-09-04,9.136276809108512
B2_residual_momentum_vol_target,2024-09-05,2025-09-05,9.474205985561813
B2_residual_momentum_vol_target,2024-09-06,2025-09-08,11.271011830131838
B2_residual_momentum_vol_target,2024-09-09,2025-09-09,10.627567213568812
B2_residual_momentum_vol_target,2024-09-10,2025-09-10,11.12926091986255
B2_residual_momentum_vol_target,2024-09-11,2025-09-11,11.50812995692414
B2_residual_momentum_vol_target,2024-09-12,2025-09-12,10.060860827957828
B2_residual_momentum_vol_target,2024-09-13,2025-09-15,9.146854293058526
B2_residual_momentum_vol_target,2024-09-16,2025-09-16,7.73728812509209
B2_residual_momentum_vol_target,2024-09-17,2025-09-17,8.37597323444439
B2_residual_momentum_vol_target,2024-09-18,2025-09-18,10.324223412967704
B2_residual_momentum_vol_target,2024-09-19,2025-09-19,10.156985640497407
B2_residual_momentum_vol_target,2024-09-20,2025-09-22,8.413914836101677
B2_residual_momentum_vol_target,2024-09-23,2025-09-23,8.21105141136156
B2_residual_momentum_vol_target,2024-09-24,2025-09-24,7.54881601429056
B2_residual_momentum_vol_target,2024-09-25,2025-09-25,5.88558963171717
B2_residual_momentum_vol_target,2024-09-26,2025-09-26,7.938243973335646
B2_residual_momentum_vol_target,2024-09-27,2025-09-29,8.284810141671084
B2_residual_momentum_vol_target,2024-09-30,2025-09-30,7.67808962843981
B2_residual_momentum_vol_target,2024-10-01,2025-10-01,6.169691738504124
B2_residual_momentum_vol_target,2024-10-02,2025-10-02,5.784445943495564
B2_residual_momentum_vol_target,2024-10-03,2025-10-03,5.318825781927616
B2_residual_momentum_vol_target,2024-10-04,2025-10-06,4.294260003333483
B2_residual_momentum_vol_target,2024-10-07,2025-10-07,6.363880708066039
B2_residual_momentum_vol_target,2024-10-08,2025-10-08,5.625771785530209
B2_residual_momentum_vol_target,2024-10-09,2025-10-09,4.995905743740914
B2_residual_momentum_vol_target,2024-10-10,2025-10-10,3.5546279568014816
B2_residual_momentum_vol_target,2024-10-11,2025-10-13,3.9466213613249312
B2_residual_momentum_vol_target,2024-10-14,2025-10-14,3.4186454583146952
B2_residual_momentum_vol_target,2024-10-15,2025-10-15,3.547402396933763
B2_residual_momentum_vol_target,2024-10-16,2025-10-16,1.6886994576906567
B2_residual_momentum_vol_target,2024-10-17,2025-10-17,2.6227908319719218
B2_residual_momentum_vol_target,2024-10-18,2025-10-20,2.817412826132837
B2_residual_momentum_vol_target,2024-10-21,2025-10-21,3.071818978022822
B2_residual_momentum_vol_target,2024-10-22,2025-10-22,2.427893528847269
B2_residual_momentum_vol_target,2024-10-23,2025-10-23,3.4391934944265623
B2_residual_momentum_vol_target,2024-10-24,2025-10-24,4.033052921633962
B2_residual_momentum_vol_target,2024-10-25,2025-10-27,6.964513236904479
B2_residual_momentum_vol_target,2024-10-28,2025-10-28,5.845106243898002
B2_residual_momentum_vol_target,2024-10-29,2025-10-29,5.496787909837231
B2_residual_momentum_vol_target,2024-10-30,2025-10-30,4.921993927508739
B2_residual_momentum_vol_target,2024-10-31,2025-10-31,6.424110450833553
B2_residual_momentum_vol_target,2024-11-01,2025-11-03,8.188728839407865
B2_residual_momentum_vol_target,2024-11-04,2025-11-04,6.2556295633579895
B2_residual_momentum_vol_target,2024-11-05,2025-11-05,5.958995388172017
B2_residual_momentum_vol_target,2024-11-06,2025-11-06,3.9274579361755046
B2_residual_momentum_vol_target,2024-11-07,2025-11-07,3.9079440324979897
B2_residual_momentum_vol_target,2024-11-08,2025-11-10,4.191802803864886
B2_residual_momentum_vol_target,2024-11-11,2025-11-11,2.8500937053957953
B2_residual_momentum_vol_target,2024-11-12,2025-11-12,3.0695959646814153
B2_residual_momentum_vol_target,2024-11-13,2025-11-13,1.0205478074067464
B2_residual_momentum_vol_target,2024-11-14,2025-11-14,3.050592770435867
B2_residual_momentum_vol_target,2024-11-15,2025-11-17,2.4250288456163505
B2_residual_momentum_vol_target,2024-11-18,2025-11-18,1.5139704022103961
B2_residual_momentum_vol_target,2024-11-19,2025-11-19,1.8131068652983862
B2_residual_momentum_vol_target,2024-11-20,2025-11-20,-1.4739237374466363
B2_residual_momentum_vol_target,2024-11-21,2025-11-21,-2.218281070019068
B2_residual_momentum_vol_target,2024-11-22,2025-11-24,-0.8440337067837977
B2_residual_momentum_vol_target,2024-11-25,2025-11-25,0.6436343407627332
B2_residual_momentum_vol_target,2024-11-26,2025-11-26,0.8536772430863815
B2_residual_momentum_vol_target,2024-11-27,2025-11-28,1.4503781431146168
B2_residual_momentum_vol_target,2024-11-29,2025-12-01,0.4795308867125092
B2_residual_momentum_vol_target,2024-12-02,2025-12-02,2.1482716776340283
B2_residual_momentum_vol_target,2024-12-03,2025-12-03,2.0829550569271937
B2_residual_momentum_vol_target,2024-12-04,2025-12-04,2.2750745432965847
B2_residual_momentum_vol_target,2024-12-05,2025-12-05,2.341181475887244
B2_residual_momentum_vol_target,2024-12-06,2025-12-08,3.1195783203210814
B2_residual_momentum_vol_target,2024-12-09,2025-12-09,5.861642597583283
B2_residual_momentum_vol_target,2024-12-10,2025-12-10,6.874583942346324
B2_residual_momentum_vol_target,2024-12-11,2025-12-11,6.983465477197859
B2_residual_momentum_vol_target,2024-12-12,2025-12-12,5.905150653196278
B2_residual_momentum_vol_target,2024-12-13,2025-12-15,5.462610254425315
B2_residual_momentum_vol_target,2024-12-16,2025-12-16,5.848431186237368
B2_residual_momentum_vol_target,2024-12-17,2025-12-17,5.583343364325066
B2_residual_momentum_vol_target,2024-12-18,2025-12-18,9.650248118474348
B2_residual_momentum_vol_target,2024-12-19,2025-12-19,10.625287653861992
B2_residual_momentum_vol_target,2024-12-20,2025-12-22,9.570742587706981
B2_residual_momentum_vol_target,2024-12-23,2025-12-23,9.40768237979519
B2_residual_momentum_vol_target,2024-12-24,2025-12-24,8.813457828161898
B2_residual_momentum_vol_target,2024-12-26,2025-12-26,8.914536626778391
B2_residual_momentum_vol_target,2024-12-27,2025-12-29,9.35546565328984
B2_residual_momentum_vol_target,2024-12-30,2025-12-30,9.762399090514574
B2_residual_momentum_vol_target,2024-12-31,2025-12-31,8.979467763022853
B3_short_term_reversal,2015-01-02,2016-01-04,-25.72789371537937
B3_short_term_reversal,2015-01-05,2016-01-05,-24.00147138247769
B3_short_term_reversal,2015-01-06,2016-01-06,-23.376667236018868
B3_short_term_reversal,2015-01-07,2016-01-07,-24.261177013253022
B3_short_term_reversal,2015-01-08,2016-01-08,-25.554543806274598
B3_short_term_reversal,2015-01-09,2016-01-11,-25.203386364639478
B3_short_term_reversal,2015-01-12,2016-01-12,-23.979918519371125
B3_short_term_reversal,2015-01-13,2016-01-13,-23.62924818425195
B3_short_term_reversal,2015-01-14,2016-01-14,-23.125667704085863
B3_short_term_reversal,2015-01-15,2016-01-15,-21.835906602384682
B3_short_term_reversal,2015-01-16,2016-01-19,-23.41766802679256
B3_short_term_reversal,2015-01-20,2016-01-20,-23.77222959436477
B3_short_term_reversal,2015-01-21,2016-01-21,-24.579575219267504
B3_short_term_reversal,2015-01-22,2016-01-22,-25.85436702804089
B3_short_term_reversal,2015-01-23,2016-01-25,-25.6710698222977
B3_short_term_reversal,2015-01-26,2016-01-26,-25.575064368548052
B3_short_term_reversal,2015-01-27,2016-01-27,-24.558817453523794
B3_short_term_reversal,2015-01-28,2016-01-28,-23.287084371523747
B3_short_term_reversal,2015-01-29,2016-01-29,-24.06039180922236
B3_short_term_reversal,2015-01-30,2016-02-01,-22.935580608643413
B3_short_term_reversal,2015-02-02,2016-02-02,-24.086179594260337
B3_short_term_reversal,2015-02-03,2016-02-03,-25.6278133300468
B3_short_term_reversal,2015-02-04,2016-02-04,-25.453493369123848
B3_short_term_reversal,2015-02-05,2016-02-05,-26.328224631423993
B3_short_term_reversal,2015-02-06,2016-02-08,-25.82277152785828
B3_short_term_reversal,2015-02-09,2016-02-09,-25.141949181424806
B3_short_term_reversal,2015-02-10,2016-02-10,-26.5193726605076
B3_short_term_reversal,2015-02-11,2016-02-11,-26.31329407878572
B3_short_term_reversal,2015-02-12,2016-02-12,-26.78015612933202
B3_short_term_reversal,2015-02-13,2016-02-16,-26.950926789524154
B3_short_term_reversal,2015-02-17,2016-02-17,-27.2781094155655
B3_short_term_reversal,2015-02-18,2016-02-18,-27.627181453758443
B3_short_term_reversal,2015-02-19,2016-02-19,-27.61740031968386
B3_short_term_reversal,2015-02-20,2016-02-22,-28.1208740962824
B3_short_term_reversal,2015-02-23,2016-02-23,-28.268239852739075
B3_short_term_reversal,2015-02-24,2016-02-24,-28.542614877213403
B3_short_term_reversal,2015-02-25,2016-02-25,-28.805746442846015
B3_short_term_reversal,2015-02-26,2016-02-26,-28.409207427062466
B3_short_term_reversal,2015-02-27,2016-02-29,-28.090955022125684
B3_short_term_reversal,2015-03-02,2016-03-01,-28.409567995941497
B3_short_term_reversal,2015-03-03,2016-03-02,-28.027026048400316
B3_short_term_reversal,2015-03-04,2016-03-03,-27.677266650452648
B3_short_term_reversal,2015-03-05,2016-03-04,-27.944117353864627
B3_short_term_reversal,2015-03-06,2016-03-07,-26.95198219932563
B3_short_term_reversal,2015-03-09,2016-03-08,-26.803208300718428
B3_short_term_reversal,2015-03-10,2016-03-09,-25.341149215379456
B3_short_term_reversal,2015-03-11,2016-03-10,-25.216209763764198
B3_short_term_reversal,2015-03-12,2016-03-11,-25.786127517889533
B3_short_term_reversal,2015-03-13,2016-03-14,-25.064522752204667
B3_short_term_reversal,2015-03-16,2016-03-15,-26.007035374006506
B3_short_term_reversal,2015-03-17,2016-03-16,-24.406851946255237
B3_short_term_reversal,2015-03-18,2016-03-17,-25.353567440190282
B3_short_term_reversal,2015-03-19,2016-03-18,-24.57744984361495
B3_short_term_reversal,2015-03-20,2016-03-21,-25.081174474869215
B3_short_term_reversal,2015-03-23,2016-03-22,-24.772681400288054
B3_short_term_reversal,2015-03-24,2016-03-23,-25.170879603965822
B3_short_term_reversal,2015-03-25,2016-03-24,-24.133198618608176
B3_short_term_reversal,2015-03-27,2016-03-28,-24.645827408502864
B3_short_term_reversal,2015-03-30,2016-03-29,-24.86228318995338
B3_short_term_reversal,2015-03-31,2016-03-30,-23.801829795163144
B3_short_term_reversal,2015-04-01,2016-03-31,-23.063099780675568
B3_short_term_reversal,2015-04-02,2016-04-01,-23.62516551736631
B3_short_term_reversal,2015-04-02,2016-04-04,-24.239590855196248
B3_short_term_reversal,2015-04-06,2016-04-05,-24.427507857479036
B3_short_term_reversal,2015-04-07,2016-04-06,-23.281366490868947
B3_short_term_reversal,2015-04-08,2016-04-07,-25.543155426343176
B3_short_term_reversal,2015-04-09,2016-04-08,-24.72566426422308
B3_short_term_reversal,2015-04-10,2016-04-11,-24.843068857850724
B3_short_term_reversal,2015-04-13,2016-04-12,-22.97937331717822
B3_short_term_reversal,2015-04-14,2016-04-13,-21.292781698786957
B3_short_term_reversal,2015-04-15,2016-04-14,-21.710111019788226
B3_short_term_reversal,2015-04-16,2016-04-15,-22.04153255731952
B3_short_term_reversal,2015-04-17,2016-04-18,-20.831331979114374
B3_short_term_reversal,2015-04-20,2016-04-19,-21.655550790537447
B3_short_term_reversal,2015-04-21,2016-04-20,-21.99808859396548
B3_short_term_reversal,2015-04-22,2016-04-21,-23.297454894591464
B3_short_term_reversal,2015-04-23,2016-04-22,-22.996183964282444
B3_short_term_reversal,2015-04-24,2016-04-25,-23.301966929074624
B3_short_term_reversal,2015-04-27,2016-04-26,-23.347676712879895
B3_short_term_reversal,2015-04-28,2016-04-27,-23.621586162285112
B3_short_term_reversal,2015-04-29,2016-04-28,-24.49154520953779
B3_short_term_reversal,2015-04-30,2016-04-29,-24.574719969616144
B3_short_term_reversal,2015-05-01,2016-05-02,-25.206422145213956
B3_short_term_reversal,2015-05-04,2016-05-03,-26.075399776895168
B3_short_term_reversal,2015-05-05,2016-05-04,-26.509913426098265
B3_short_term_reversal,2015-05-06,2016-05-05,-26.147566918940555
B3_short_term_reversal,2015-05-07,2016-05-06,-27.260993682673217
B3_short_term_reversal,2015-05-08,2016-05-09,-28.86824455292254
B3_short_term_reversal,2015-05-11,2016-05-10,-27.09729414080867
B3_short_term_reversal,2015-05-12,2016-05-11,-27.325873501959407
B3_short_term_reversal,2015-05-13,2016-05-12,-28.02115234033956
B3_short_term_reversal,2015-05-14,2016-05-13,-29.06505234204809
B3_short_term_reversal,2015-05-15,2016-05-16,-28.206856793233335
B3_short_term_reversal,2015-05-18,2016-05-17,-28.08052550257366
B3_short_term_reversal,2015-05-19,2016-05-18,-27.657292007744584
B3_short_term_reversal,2015-05-20,2016-05-19,-27.78085279993203
B3_short_term_reversal,2015-05-21,2016-05-20,-27.402062864346334
B3_short_term_reversal,2015-05-22,2016-05-23,-27.391504737827134
B3_short_term_reversal,2015-05-22,2016-05-24,-26.493603606942106
B3_short_term_reversal,2015-05-26,2016-05-25,-24.963059230987884
B3_short_term_reversal,2015-05-27,2016-05-26,-25.580003314649957
B3_short_term_reversal,2015-05-28,2016-05-27,-25.15305703463706
B3_short_term_reversal,2015-06-01,2016-05-31,-24.802159438507477
B3_short_term_reversal,2015-06-02,2016-06-01,-25.468336443050067
B3_short_term_reversal,2015-06-03,2016-06-02,-25.26052359238571
B3_short_term_reversal,2015-06-04,2016-06-03,-24.485851788334223
B3_short_term_reversal,2015-06-05,2016-06-06,-23.898949534654946
B3_short_term_reversal,2015-06-08,2016-06-07,-22.800159820794764
B3_short_term_reversal,2015-06-09,2016-06-08,-22.499632854952146
B3_short_term_reversal,2015-06-10,2016-06-09,-23.882966426539255
B3_short_term_reversal,2015-06-11,2016-06-10,-25.280156283264876
B3_short_term_reversal,2015-06-12,2016-06-13,-25.615082865491935
B3_short_term_reversal,2015-06-15,2016-06-14,-26.583873801000056
B3_short_term_reversal,2015-06-16,2016-06-15,-26.454423699483876
B3_short_term_reversal,2015-06-17,2016-06-16,-26.60151682638737
B3_short_term_reversal,2015-06-18,2016-06-17,-27.230809113801126
B3_short_term_reversal,2015-06-19,2016-06-20,-26.581696175654557
B3_short_term_reversal,2015-06-22,2016-06-21,-26.883146876265364
B3_short_term_reversal,2015-06-23,2016-06-22,-27.25594242690447
B3_short_term_reversal,2015-06-24,2016-06-23,-25.618499190222433
B3_short_term_reversal,2015-06-25,2016-06-24,-28.920997026210383
B3_short_term_reversal,2015-06-26,2016-06-27,-30.958101086428023
B3_short_term_reversal,2015-06-29,2016-06-28,-26.97624370919225
B3_short_term_reversal,2015-06-30,2016-06-29,-25.110915570907366
B3_short_term_reversal,2015-07-01,2016-06-30,-24.305691567291166
B3_short_term_reversal,2015-07-02,2016-07-01,-23.900201271321464
B3_short_term_reversal,2015-07-06,2016-07-05,-24.77472533726185
B3_short_term_reversal,2015-07-07,2016-07-06,-24.595377031710786
B3_short_term_reversal,2015-07-08,2016-07-07,-21.984924454304743
B3_short_term_reversal,2015-07-09,2016-07-08,-20.716786168953384
B3_short_term_reversal,2015-07-10,2016-07-11,-22.014893027177486
B3_short_term_reversal,2015-07-13,2016-07-12,-21.538035582904268
B3_short_term_reversal,2015-07-14,2016-07-13,-22.561711924844275
B3_short_term_reversal,2015-07-15,2016-07-14,-21.34744600140097
B3_short_term_reversal,2015-07-16,2016-07-15,-21.71498210900532
B3_short_term_reversal,2015-07-17,2016-07-18,-21.451002210422466
B3_short_term_reversal,2015-07-20,2016-07-19,-20.976685087035374
B3_short_term_reversal,2015-07-21,2016-07-20,-20.91716379126313
B3_short_term_reversal,2015-07-22,2016-07-21,-20.53847152942395
B3_short_term_reversal,2015-07-23,2016-07-22,-19.786040693579587
B3_short_term_reversal,2015-07-24,2016-07-25,-18.297895988132307
B3_short_term_reversal,2015-07-27,2016-07-26,-16.732803475921266
B3_short_term_reversal,2015-07-28,2016-07-27,-19.490579563503907
B3_short_term_reversal,2015-07-29,2016-07-28,-20.1822589894764
B3_short_term_reversal,2015-07-30,2016-07-29,-19.856412556777624
B3_short_term_reversal,2015-07-31,2016-08-01,-19.82953677632847
B3_short_term_reversal,2015-08-03,2016-08-02,-19.306881147606493
B3_short_term_reversal,2015-08-04,2016-08-03,-18.202416959445213
B3_short_term_reversal,2015-08-05,2016-08-04,-18.235874522684515
B3_short_term_reversal,2015-08-06,2016-08-05,-17.086332772368674
B3_short_term_reversal,2015-08-07,2016-08-08,-16.809785612737414
B3_short_term_reversal,2015-08-10,2016-08-09,-18.769023894262006
B3_short_term_reversal,2015-08-11,2016-08-10,-17.973223521061488
B3_short_term_reversal,2015-08-12,2016-08-11,-18.17465599679342
B3_short_term_reversal,2015-08-13,2016-08-12,-17.65281639734786
B3_short_term_reversal,2015-08-14,2016-08-15,-17.25731887100985
B3_short_term_reversal,2015-08-17,2016-08-16,-18.268276848767794
B3_short_term_reversal,2015-08-18,2016-08-17,-17.003605642105345
B3_short_term_reversal,2015-08-19,2016-08-18,-16.304273790620428
B3_short_term_reversal,2015-08-20,2016-08-19,-13.726603106080514
B3_short_term_reversal,2015-08-21,2016-08-22,-11.52063170738481
B3_short_term_reversal,2015-08-24,2016-08-23,-5.660734907788923
B3_short_term_reversal,2015-08-25,2016-08-24,-6.70982100564893
B3_short_term_reversal,2015-08-26,2016-08-25,-6.539494636698972
B3_short_term_reversal,2015-08-27,2016-08-26,-6.805335607808383
B3_short_term_reversal,2015-08-28,2016-08-29,-6.245109849289799
B3_short_term_reversal,2015-08-31,2016-08-30,-7.30060930362103
B3_short_term_reversal,2015-09-01,2016-08-31,-8.27793360833996
B3_short_term_reversal,2015-09-02,2016-09-01,-7.842324341930618
B3_short_term_reversal,2015-09-03,2016-09-02,-7.270892437994069
B3_short_term_reversal,2015-09-04,2016-09-06,-6.923801336665603
B3_short_term_reversal,2015-09-08,2016-09-07,-6.783593346422312
B3_short_term_reversal,2015-09-09,2016-09-08,-6.920951808074715
B3_short_term_reversal,2015-09-10,2016-09-09,-8.937649762902911
B3_short_term_reversal,2015-09-11,2016-09-12,-7.784113290652639
B3_short_term_reversal,2015-09-14,2016-09-13,-8.828193276688856
B3_short_term_reversal,2015-09-15,2016-09-14,-8.372272345534226
B3_short_term_reversal,2015-09-16,2016-09-15,-7.33505918616415
B3_short_term_reversal,2015-09-17,2016-09-16,-7.626042426828139
B3_short_term_reversal,2015-09-18,2016-09-19,-7.8133349618613295
B3_short_term_reversal,2015-09-21,2016-09-20,-8.138308184221598
B3_short_term_reversal,2015-09-22,2016-09-21,-6.619038822788548
B3_short_term_reversal,2015-09-23,2016-09-22,-6.01566273717814
B3_short_term_reversal,2015-09-24,2016-09-23,-6.86390074440707
B3_short_term_reversal,2015-09-25,2016-09-26,-7.688223527751214
B3_short_term_reversal,2015-09-28,2016-09-27,-7.014934688536966
B3_short_term_reversal,2015-09-29,2016-09-28,-5.9948995892212364
B3_short_term_reversal,2015-09-30,2016-09-29,-6.937684812486145
B3_short_term_reversal,2015-10-01,2016-09-30,-5.9945389807510185
B3_short_term_reversal,2015-10-02,2016-10-03,-6.073138819077883
B3_short_term_reversal,2015-10-05,2016-10-04,-6.82116544604664
B3_short_term_reversal,2015-10-06,2016-10-05,-6.486247853327976
B3_short_term_reversal,2015-10-07,2016-10-06,-6.369900913306148
B3_short_term_reversal,2015-10-08,2016-10-07,-6.579866012235691
B3_short_term_reversal,2015-10-09,2016-10-10,-6.982998689195852
B3_short_term_reversal,2015-10-12,2016-10-11,-8.076364344680098
B3_short_term_reversal,2015-10-13,2016-10-12,-7.817821208262988
B3_short_term_reversal,2015-10-14,2016-10-13,-7.9864410257677765
B3_short_term_reversal,2015-10-15,2016-10-14,-7.962876876972736
B3_short_term_reversal,2015-10-16,2016-10-17,-8.677444994222473
B3_short_term_reversal,2015-10-19,2016-10-18,-7.870320895310567
B3_short_term_reversal,2015-10-20,2016-10-19,-7.483665851417653
B3_short_term_reversal,2015-10-21,2016-10-20,-6.832025104013029
B3_short_term_reversal,2015-10-22,2016-10-21,-7.420077002809422
B3_short_term_reversal,2015-10-23,2016-10-24,-7.1546939269272585
B3_short_term_reversal,2015-10-26,2016-10-25,-6.799174832734057
B3_short_term_reversal,2015-10-27,2016-10-26,-6.652413099950771
B3_short_term_reversal,2015-10-28,2016-10-27,-8.302357730206477
B3_short_term_reversal,2015-10-29,2016-10-28,-9.130568728615263
B3_short_term_reversal,2015-10-30,2016-10-31,-9.59400313036295
B3_short_term_reversal,2015-11-02,2016-11-01,-11.414156181977898
B3_short_term_reversal,2015-11-03,2016-11-02,-12.588983354309125
B3_short_term_reversal,2015-11-04,2016-11-03,-12.426200467604009
B3_short_term_reversal,2015-11-05,2016-11-04,-10.825637262773736
B3_short_term_reversal,2015-11-06,2016-11-07,-9.537637363065555
B3_short_term_reversal,2015-11-09,2016-11-08,-7.799843938380069
B3_short_term_reversal,2015-11-10,2016-11-09,-7.200737037727533
B3_short_term_reversal,2015-11-11,2016-11-10,-7.459900969665478
B3_short_term_reversal,2015-11-12,2016-11-11,-6.4632736683203795
B3_short_term_reversal,2015-11-13,2016-11-14,-5.984392460200471
B3_short_term_reversal,2015-11-16,2016-11-15,-4.16100063104018
B3_short_term_reversal,2015-11-17,2016-11-16,-3.626648601518767
B3_short_term_reversal,2015-11-18,2016-11-17,-3.21899844494391
B3_short_term_reversal,2015-11-19,2016-11-18,-3.6082804712759486
B3_short_term_reversal,2015-11-20,2016-11-21,-3.113457582543655
B3_short_term_reversal,2015-11-23,2016-11-22,-2.782918181776306
B3_short_term_reversal,2015-11-24,2016-11-23,-2.827363366213964
B3_short_term_reversal,2015-11-25,2016-11-25,-2.4299644553454347
B3_short_term_reversal,2015-11-27,2016-11-28,-3.3857714620257995
B3_short_term_reversal,2015-11-30,2016-11-29,-2.2092008652469297
B3_short_term_reversal,2015-12-01,2016-11-30,-5.122396142289521
B3_short_term_reversal,2015-12-02,2016-12-01,-5.175863779688616
B3_short_term_reversal,2015-12-03,2016-12-02,-3.5861000415852273
B3_short_term_reversal,2015-12-04,2016-12-05,-4.8393738255433245
B3_short_term_reversal,2015-12-07,2016-12-06,-3.6769365149872835
B3_short_term_reversal,2015-12-08,2016-12-07,-0.8658628463659057
B3_short_term_reversal,2015-12-09,2016-12-08,-1.073905738021419
B3_short_term_reversal,2015-12-10,2016-12-09,-1.5384169568818717
B3_short_term_reversal,2015-12-11,2016-12-12,1.313945146208284
B3_short_term_reversal,2015-12-14,2016-12-13,2.5714207805631606
B3_short_term_reversal,2015-12-15,2016-12-14,1.9679853313676388
B3_short_term_reversal,2015-12-16,2016-12-15,2.3766538489638167
B3_short_term_reversal,2015-12-17,2016-12-16,2.7533797847012265
B3_short_term_reversal,2015-12-18,2016-12-19,2.59456597814538
B3_short_term_reversal,2015-12-21,2016-12-20,3.571161992859073
B3_short_term_reversal,2015-12-22,2016-12-21,3.364262697503917
B3_short_term_reversal,2015-12-23,2016-12-22,2.594395455167442
B3_short_term_reversal,2015-12-24,2016-12-23,2.614778087324243
B3_short_term_reversal,2015-12-28,2016-12-27,2.3640298564770346
B3_short_term_reversal,2015-12-29,2016-12-28,0.21836807675050807
B3_short_term_reversal,2015-12-30,2016-12-29,0.8612768596219622
B3_short_term_reversal,2015-12-31,2016-12-30,1.5226801796280443
B3_short_term_reversal,2016-01-04,2017-01-03,4.56067914889966
B3_short_term_reversal,2016-01-05,2017-01-04,6.352421462029434
B3_short_term_reversal,2016-01-06,2017-01-05,6.1051888683058
B3_short_term_reversal,2016-01-07,2017-01-06,6.6594349881479165
B3_short_term_reversal,2016-01-08,2017-01-09,6.6029614110896695
B3_short_term_reversal,2016-01-11,2017-01-10,7.058862164318658
B3_short_term_reversal,2016-01-12,2017-01-11,7.405067298228651
B3_short_term_reversal,2016-01-13,2017-01-12,7.13188246888794
B3_short_term_reversal,2016-01-14,2017-01-13,7.2430774387959085
B3_short_term_reversal,2016-01-15,2017-01-17,7.2102092894250625
B3_short_term_reversal,2016-01-19,2017-01-18,6.827956561327242
B3_short_term_reversal,2016-01-20,2017-01-19,6.171685083715972
B3_short_term_reversal,2016-01-21,2017-01-20,5.650934439954813
B3_short_term_reversal,2016-01-22,2017-01-23,4.558601783037974
B3_short_term_reversal,2016-01-25,2017-01-24,5.439868233819167
B3_short_term_reversal,2016-01-26,2017-01-25,7.076326348937512
B3_short_term_reversal,2016-01-27,2017-01-26,6.625559723554475
B3_short_term_reversal,2016-01-28,2017-01-27,6.460015064617486
B3_short_term_reversal,2016-01-29,2017-01-30,5.592130584991417
B3_short_term_reversal,2016-02-01,2017-01-31,6.018186902188605
B3_short_term_reversal,2016-02-02,2017-02-01,5.716814496029521
B3_short_term_reversal,2016-02-03,2017-02-02,5.509699147768643
B3_short_term_reversal,2016-02-04,2017-02-03,6.124852831275485
B3_short_term_reversal,2016-02-05,2017-02-06,5.93197933887557
B3_short_term_reversal,2016-02-08,2017-02-07,5.8256762830198205
B3_short_term_reversal,2016-02-09,2017-02-08,6.0827915344094485
B3_short_term_reversal,2016-02-10,2017-02-09,6.98780634004641
B3_short_term_reversal,2016-02-11,2017-02-10,7.63037122643786
B3_short_term_reversal,2016-02-12,2017-02-13,8.167107377506388
B3_short_term_reversal,2016-02-12,2017-02-14,8.600302405214677
B3_short_term_reversal,2016-02-16,2017-02-15,8.876666809354838
B3_short_term_reversal,2016-02-17,2017-02-16,8.654193571417812
B3_short_term_reversal,2016-02-18,2017-02-17,8.374743632254678
B3_short_term_reversal,2016-02-22,2017-02-21,8.920086384733894
B3_short_term_reversal,2016-02-23,2017-02-22,8.553362462985659
B3_short_term_reversal,2016-02-24,2017-02-23,8.465493851076156
B3_short_term_reversal,2016-02-25,2017-02-24,8.09199255675197
B3_short_term_reversal,2016-02-26,2017-02-27,8.802405257545454
B3_short_term_reversal,2016-02-29,2017-02-28,8.756689313945131
B3_short_term_reversal,2016-03-01,2017-03-01,11.414148420033676
B3_short_term_reversal,2016-03-02,2017-03-02,9.754668678854106
B3_short_term_reversal,2016-03-03,2017-03-03,10.162196114086353
B3_short_term_reversal,2016-03-04,2017-03-06,9.252569412758271
B3_short_term_reversal,2016-03-07,2017-03-07,8.700047935954359
B3_short_term_reversal,2016-03-08,2017-03-08,8.817498211300201
B3_short_term_reversal,2016-03-09,2017-03-09,8.889956601995387
B3_short_term_reversal,2016-03-10,2017-03-10,9.011226933550699
B3_short_term_reversal,2016-03-11,2017-03-13,8.253165504865812
B3_short_term_reversal,2016-03-14,2017-03-14,6.603327387072477
B3_short_term_reversal,2016-03-15,2017-03-15,9.140377273724543
B3_short_term_reversal,2016-03-16,2017-03-16,7.644535527950791
B3_short_term_reversal,2016-03-17,2017-03-17,6.823218559609012
B3_short_term_reversal,2016-03-18,2017-03-20,5.947852616278992
B3_short_term_reversal,2016-03-21,2017-03-21,2.997470056438689
B3_short_term_reversal,2016-03-22,2017-03-22,2.92739124461745
B3_short_term_reversal,2016-03-23,2017-03-23,3.714557218807446
B3_short_term_reversal,2016-03-24,2017-03-24,4.071915644494095
B3_short_term_reversal,2016-03-24,2017-03-27,4.067090220489034
B3_short_term_reversal,2016-03-28,2017-03-28,6.413796960442464
B3_short_term_reversal,2016-03-29,2017-03-29,5.963670675342803
B3_short_term_reversal,2016-03-30,2017-03-30,6.395720874781707
B3_short_term_reversal,2016-03-31,2017-03-31,5.772253200726318
B3_short_term_reversal,2016-04-01,2017-04-03,7.128816270862215
B3_short_term_reversal,2016-04-04,2017-04-04,8.20733270031302
B3_short_term_reversal,2016-04-05,2017-04-05,8.454993563725077
B3_short_term_reversal,2016-04-06,2017-04-06,7.261882613085469
B3_short_term_reversal,2016-04-07,2017-04-07,9.518384425180159
B3_short_term_reversal,2016-04-08,2017-04-10,7.825207056875594
B3_short_term_reversal,2016-04-11,2017-04-11,6.807638690310847
B3_short_term_reversal,2016-04-12,2017-04-12,4.118909987922503
B3_short_term_reversal,2016-04-13,2017-04-13,0.7284221066599095
B3_short_term_reversal,2016-04-15,2017-04-17,2.135554208599122
B3_short_term_reversal,2016-04-18,2017-04-18,1.5772425286847414
B3_short_term_reversal,2016-04-19,2017-04-19,1.6578299949674413
B3_short_term_reversal,2016-04-20,2017-04-20,3.2951597114952325
B3_short_term_reversal,2016-04-21,2017-04-21,3.368880494319515
B3_short_term_reversal,2016-04-22,2017-04-24,4.373343051009138
B3_short_term_reversal,2016-04-25,2017-04-25,5.242357798773778
B3_short_term_reversal,2016-04-26,2017-04-26,5.511359268171301
B3_short_term_reversal,2016-04-27,2017-04-27,5.684660663290342
B3_short_term_reversal,2016-04-28,2017-04-28,6.82950781451539
B3_short_term_reversal,2016-04-29,2017-05-01,7.415146061870881
B3_short_term_reversal,2016-05-02,2017-05-02,7.261722350744315
B3_short_term_reversal,2016-05-03,2017-05-03,8.183282630711952
B3_short_term_reversal,2016-05-04,2017-05-04,9.837220404599979
B3_short_term_reversal,2016-05-05,2017-05-05,10.412795477705394
B3_short_term_reversal,2016-05-06,2017-05-08,10.304136380119466
B3_short_term_reversal,2016-05-09,2017-05-09,11.111103875062733
B3_short_term_reversal,2016-05-10,2017-05-10,9.372575948388251
B3_short_term_reversal,2016-05-11,2017-05-11,10.000080715434322
B3_short_term_reversal,2016-05-12,2017-05-12,10.645538821438283
B3_short_term_reversal,2016-05-13,2017-05-15,12.646169471507186
B3_short_term_reversal,2016-05-16,2017-05-16,10.481230774996586
B3_short_term_reversal,2016-05-17,2017-05-17,8.429086963270871
B3_short_term_reversal,2016-05-18,2017-05-18,8.544713611132714
B3_short_term_reversal,2016-05-19,2017-05-19,9.10414059038267
B3_short_term_reversal,2016-05-20,2017-05-22,7.5560255475077165
B3_short_term_reversal,2016-05-23,2017-05-23,8.75086871325288
B3_short_term_reversal,2016-05-24,2017-05-24,7.666316816010732
B3_short_term_reversal,2016-05-25,2017-05-25,7.936171862501085
B3_short_term_reversal,2016-05-26,2017-05-26,8.297418596425876
B3_short_term_reversal,2016-05-27,2017-05-30,7.4615197525510935
B3_short_term_reversal,2016-05-31,2017-05-31,7.705122146710064
B3_short_term_reversal,2016-06-01,2017-06-01,8.824765904205112
B3_short_term_reversal,2016-06-02,2017-06-02,8.214697191224364
B3_short_term_reversal,2016-06-03,2017-06-05,7.862859960420532
B3_short_term_reversal,2016-06-06,2017-06-06,7.1789477956423875
B3_short_term_reversal,2016-06-07,2017-06-07,7.031009399613342
B3_short_term_reversal,2016-06-08,2017-06-08,7.570908135958532
B3_short_term_reversal,2016-06-09,2017-06-09,8.771832513050759
B3_short_term_reversal,2016-06-10,2017-06-12,10.590143532650465
B3_short_term_reversal,2016-06-13,2017-06-13,13.011712858053691
B3_short_term_reversal,2016-06-14,2017-06-14,13.53849731746639
B3_short_term_reversal,2016-06-15,2017-06-15,12.633959997387144
B3_short_term_reversal,2016-06-16,2017-06-16,11.924006331820515
B3_short_term_reversal,2016-06-17,2017-06-19,13.391533711929448
B3_short_term_reversal,2016-06-20,2017-06-20,12.541045799789208
B3_short_term_reversal,2016-06-21,2017-06-21,14.572024408277716
B3_short_term_reversal,2016-06-22,2017-06-22,14.790026150104252
B3_short_term_reversal,2016-06-23,2017-06-23,13.235204734384975
B3_short_term_reversal,2016-06-24,2017-06-26,19.10233295083872
B3_short_term_reversal,2016-06-27,2017-06-27,23.542727625634186
B3_short_term_reversal,2016-06-28,2017-06-28,20.97847555514263
B3_short_term_reversal,2016-06-29,2017-06-29,16.888812898429826
B3_short_term_reversal,2016-06-30,2017-06-30,16.045125490174538
B3_short_term_reversal,2016-07-01,2017-07-03,13.268005692559704
B3_short_term_reversal,2016-07-05,2017-07-05,17.816061788825778
B3_short_term_reversal,2016-07-06,2017-07-06,16.79049706739777
B3_short_term_reversal,2016-07-07,2017-07-07,17.925990650832002
B3_short_term_reversal,2016-07-08,2017-07-10,15.990041827856928
B3_short_term_reversal,2016-07-11,2017-07-11,16.150909692819294
B3_short_term_reversal,2016-07-12,2017-07-12,15.103702270411578
B3_short_term_reversal,2016-07-13,2017-07-13,16.27218277950535
B3_short_term_reversal,2016-07-14,2017-07-14,15.683077444522997
B3_short_term_reversal,2016-07-15,2017-07-17,15.500409512453995
B3_short_term_reversal,2016-07-18,2017-07-18,14.856203319144768
B3_short_term_reversal,2016-07-19,2017-07-19,15.391456777899881
B3_short_term_reversal,2016-07-20,2017-07-20,14.691970165427403
B3_short_term_reversal,2016-07-21,2017-07-21,14.67578707713697
B3_short_term_reversal,2016-07-22,2017-07-24,13.719305729126896
B3_short_term_reversal,2016-07-25,2017-07-25,15.117346863003768
B3_short_term_reversal,2016-07-26,2017-07-26,13.97892285637463
B3_short_term_reversal,2016-07-27,2017-07-27,13.868444774072785
B3_short_term_reversal,2016-07-28,2017-07-28,14.17948497722945
B3_short_term_reversal,2016-07-29,2017-07-31,12.73261151647258
B3_short_term_reversal,2016-08-01,2017-08-01,13.941052031419066
B3_short_term_reversal,2016-08-02,2017-08-02,14.990180741914806
B3_short_term_reversal,2016-08-03,2017-08-03,14.108923989965438
B3_short_term_reversal,2016-08-04,2017-08-04,14.189296452519828
B3_short_term_reversal,2016-08-05,2017-08-07,13.603751937932817
B3_short_term_reversal,2016-08-08,2017-08-08,13.669925233146207
B3_short_term_reversal,2016-08-09,2017-08-09,13.355697194226956
B3_short_term_reversal,2016-08-10,2017-08-10,11.218577657858052
B3_short_term_reversal,2016-08-11,2017-08-11,11.464323394683351
B3_short_term_reversal,2016-08-12,2017-08-14,12.58293242853692
B3_short_term_reversal,2016-08-15,2017-08-15,11.704436321310329
B3_short_term_reversal,2016-08-16,2017-08-16,12.557931924714927
B3_short_term_reversal,2016-08-17,2017-08-17,9.94830784657601
B3_short_term_reversal,2016-08-18,2017-08-18,9.614626878761667
B3_short_term_reversal,2016-08-19,2017-08-21,9.038430296017385
B3_short_term_reversal,2016-08-22,2017-08-22,10.210650658817965
B3_short_term_reversal,2016-08-23,2017-08-23,9.643869728450326
B3_short_term_reversal,2016-08-24,2017-08-24,10.545445842315694
B3_short_term_reversal,2016-08-25,2017-08-25,10.895739548235749
B3_short_term_reversal,2016-08-26,2017-08-28,11.236324043757495
B3_short_term_reversal,2016-08-29,2017-08-29,10.895653597500953
B3_short_term_reversal,2016-08-30,2017-08-30,12.848028568476423
B3_short_term_reversal,2016-08-31,2017-08-31,14.8875121227112
B3_short_term_reversal,2016-09-01,2017-09-01,14.786004011556653
B3_short_term_reversal,2016-09-02,2017-09-05,13.090246475368827
B3_short_term_reversal,2016-09-06,2017-09-06,12.730549921856916
B3_short_term_reversal,2016-09-07,2017-09-07,11.857934947795169
B3_short_term_reversal,2016-09-08,2017-09-08,11.329567144728458
B3_short_term_reversal,2016-09-09,2017-09-11,14.80976092565658
B3_short_term_reversal,2016-09-12,2017-09-12,14.258833014220663
B3_short_term_reversal,2016-09-13,2017-09-13,15.963419342733332
B3_short_term_reversal,2016-09-14,2017-09-14,15.040462282309752
B3_short_term_reversal,2016-09-15,2017-09-15,14.088289055640523
B3_short_term_reversal,2016-09-16,2017-09-18,14.645276541879015
B3_short_term_reversal,2016-09-19,2017-09-19,14.781585516603378
B3_short_term_reversal,2016-09-20,2017-09-20,15.427120912876813
B3_short_term_reversal,2016-09-21,2017-09-21,13.278187076402602
B3_short_term_reversal,2016-09-22,2017-09-22,13.305152067067505
B3_short_term_reversal,2016-09-23,2017-09-25,14.036783843536838
B3_short_term_reversal,2016-09-26,2017-09-26,15.476493341956
B3_short_term_reversal,2016-09-27,2017-09-27,15.47353001707432
B3_short_term_reversal,2016-09-28,2017-09-28,14.388097316386528
B3_short_term_reversal,2016-09-29,2017-09-29,15.614721328274527
B3_short_term_reversal,2016-09-30,2017-10-02,14.436674293666218
B3_short_term_reversal,2016-10-03,2017-10-03,15.179466638902394
B3_short_term_reversal,2016-10-04,2017-10-04,16.436324946148684
B3_short_term_reversal,2016-10-05,2017-10-05,17.29469348251662
B3_short_term_reversal,2016-10-06,2017-10-06,17.242015584402992
B3_short_term_reversal,2016-10-07,2017-10-09,16.74881405059583
B3_short_term_reversal,2016-10-10,2017-10-10,17.984519420189304
B3_short_term_reversal,2016-10-11,2017-10-11,19.765427763942036
B3_short_term_reversal,2016-10-12,2017-10-12,19.18503447398745
B3_short_term_reversal,2016-10-13,2017-10-13,19.58515065329669
B3_short_term_reversal,2016-10-14,2017-10-16,20.233638552325385
B3_short_term_reversal,2016-10-17,2017-10-17,21.896346211840022
B3_short_term_reversal,2016-10-18,2017-10-18,21.066445075732187
B3_short_term_reversal,2016-10-19,2017-10-19,21.138286347472235
B3_short_term_reversal,2016-10-20,2017-10-20,21.264126381292936
B3_short_term_reversal,2016-10-21,2017-10-23,20.743178383760895
B3_short_term_reversal,2016-10-24,2017-10-24,20.754154374738576
B3_short_term_reversal,2016-10-25,2017-10-25,19.596553239838755
B3_short_term_reversal,2016-10-26,2017-10-26,19.060529715477426
B3_short_term_reversal,2016-10-27,2017-10-27,19.985112282397456
B3_short_term_reversal,2016-10-28,2017-10-30,19.829457833537624
B3_short_term_reversal,2016-10-31,2017-10-31,20.34021150402998
B3_short_term_reversal,2016-11-01,2017-11-01,21.116935698501106
B3_short_term_reversal,2016-11-02,2017-11-02,20.990194253311966
B3_short_term_reversal,2016-11-03,2017-11-03,22.147178160563886
B3_short_term_reversal,2016-11-04,2017-11-06,21.771889941252766
B3_short_term_reversal,2016-11-07,2017-11-07,19.55564262399163
B3_short_term_reversal,2016-11-08,2017-11-08,18.74880855925842
B3_short_term_reversal,2016-11-09,2017-11-09,17.96135152480374
B3_short_term_reversal,2016-11-10,2017-11-10,19.480179459982395
B3_short_term_reversal,2016-11-11,2017-11-13,20.333511986802577
B3_short_term_reversal,2016-11-14,2017-11-14,20.88142932680974
B3_short_term_reversal,2016-11-15,2017-11-15,18.863308841380345
B3_short_term_reversal,2016-11-16,2017-11-16,19.53283530157939
B3_short_term_reversal,2016-11-17,2017-11-17,18.680701500019126
B3_short_term_reversal,2016-11-18,2017-11-20,19.05408965320541
B3_short_term_reversal,2016-11-21,2017-11-21,18.548747264418108
B3_short_term_reversal,2016-11-22,2017-11-22,18.47434820223155
B3_short_term_reversal,2016-11-23,2017-11-24,17.82102273507027
B3_short_term_reversal,2016-11-25,2017-11-27,16.432681745728004
B3_short_term_reversal,2016-11-28,2017-11-28,19.029221967961085
B3_short_term_reversal,2016-11-29,2017-11-29,19.32651780031296
B3_short_term_reversal,2016-11-30,2017-11-30,21.834862915427422
B3_short_term_reversal,2016-12-01,2017-12-01,24.155818937119932
B3_short_term_reversal,2016-12-02,2017-12-04,20.48801537746745
B3_short_term_reversal,2016-12-05,2017-12-05,19.743185359944082
B3_short_term_reversal,2016-12-06,2017-12-06,20.6217328268824
B3_short_term_reversal,2016-12-07,2017-12-07,19.74993026410292
B3_short_term_reversal,2016-12-08,2017-12-08,18.85168048688557
B3_short_term_reversal,2016-12-09,2017-12-11,18.650994848431736
B3_short_term_reversal,2016-12-12,2017-12-12,17.91853625910731
B3_short_term_reversal,2016-12-13,2017-12-13,17.45044877153554
B3_short_term_reversal,2016-12-14,2017-12-14,17.310507441264033
B3_short_term_reversal,2016-12-15,2017-12-15,18.088866357576205
B3_short_term_reversal,2016-12-16,2017-12-18,18.854140052369182
B3_short_term_reversal,2016-12-19,2017-12-19,19.050946593308726
B3_short_term_reversal,2016-12-20,2017-12-20,18.076937191848575
B3_short_term_reversal,2016-12-21,2017-12-21,18.55702412903273
B3_short_term_reversal,2016-12-22,2017-12-22,19.74259305568218
B3_short_term_reversal,2016-12-23,2017-12-26,19.570394017797344
B3_short_term_reversal,2016-12-27,2017-12-27,19.815418622476223
B3_short_term_reversal,2016-12-28,2017-12-28,20.97132844793512
B3_short_term_reversal,2016-12-29,2017-12-29,20.378904650313757
B3_short_term_reversal,2016-12-30,2018-01-02,23.59494458907585
B3_short_term_reversal,2017-01-03,2018-01-03,24.30505774615872
B3_short_term_reversal,2017-01-04,2018-01-04,23.221897279607905
B3_short_term_reversal,2017-01-05,2018-01-05,24.041827583211095
B3_short_term_reversal,2017-01-06,2018-01-08,23.285624845335008
B3_short_term_reversal,2017-01-09,2018-01-09,23.175744236620034
B3_short_term_reversal,2017-01-10,2018-01-10,22.48556635929242
B3_short_term_reversal,2017-01-11,2018-01-11,22.50212091291153
B3_short_term_reversal,2017-01-12,2018-01-12,23.159590224279047
B3_short_term_reversal,2017-01-13,2018-01-16,23.239423589385954
B3_short_term_reversal,2017-01-17,2018-01-17,25.45422558181871
B3_short_term_reversal,2017-01-18,2018-01-18,25.789786525013668
B3_short_term_reversal,2017-01-19,2018-01-19,26.872863658046796
B3_short_term_reversal,2017-01-20,2018-01-22,28.38483996650478
B3_short_term_reversal,2017-01-23,2018-01-23,30.217568100679372
B3_short_term_reversal,2017-01-24,2018-01-24,28.98888728909954
B3_short_term_reversal,2017-01-25,2018-01-25,26.39800559852827
B3_short_term_reversal,2017-01-26,2018-01-26,27.731818512990426
B3_short_term_reversal,2017-01-27,2018-01-29,26.670387121312935
B3_short_term_reversal,2017-01-30,2018-01-30,26.5713073784015
B3_short_term_reversal,2017-01-31,2018-01-31,26.780448575433336
B3_short_term_reversal,2017-02-01,2018-02-01,26.73566508447678
B3_short_term_reversal,2017-02-02,2018-02-02,23.425870643961023
B3_short_term_reversal,2017-02-03,2018-02-05,17.95081302062973
B3_short_term_reversal,2017-02-06,2018-02-06,21.126169559150764
B3_short_term_reversal,2017-02-07,2018-02-07,20.191961624161927
B3_short_term_reversal,2017-02-08,2018-02-08,14.619202766002637
B3_short_term_reversal,2017-02-09,2018-02-09,15.282195558064537
B3_short_term_reversal,2017-02-10,2018-02-12,16.49440491885825
B3_short_term_reversal,2017-02-13,2018-02-13,16.21295271643706
B3_short_term_reversal,2017-02-14,2018-02-14,17.401155278037315
B3_short_term_reversal,2017-02-15,2018-02-15,18.188321368136307
B3_short_term_reversal,2017-02-16,2018-02-16,18.985314762237483
B3_short_term_reversal,2017-02-17,2018-02-20,17.757888758001926
B3_short_term_reversal,2017-02-21,2018-02-21,16.15031502649846
B3_short_term_reversal,2017-02-22,2018-02-22,16.94044503443517
B3_short_term_reversal,2017-02-23,2018-02-23,18.63842012186243
B3_short_term_reversal,2017-02-24,2018-02-26,20.417632532969023
B3_short_term_reversal,2017-02-27,2018-02-27,17.877744059868217
B3_short_term_reversal,2017-02-28,2018-02-28,16.200872021762592
B3_short_term_reversal,2017-03-01,2018-03-01,12.815155971580472
B3_short_term_reversal,2017-03-02,2018-03-02,15.11176428826204
B3_short_term_reversal,2017-03-03,2018-03-05,15.955552213593727
B3_short_term_reversal,2017-03-06,2018-03-06,17.22490979046185
B3_short_term_reversal,2017-03-07,2018-03-07,17.283233967230572
B3_short_term_reversal,2017-03-08,2018-03-08,17.797341919908938
B3_short_term_reversal,2017-03-09,2018-03-09,20.01526066813353
B3_short_term_reversal,2017-03-10,2018-03-12,19.10395755435981
B3_short_term_reversal,2017-03-13,2018-03-13,19.56464224540757
B3_short_term_reversal,2017-03-14,2018-03-14,20.07225785829514
B3_short_term_reversal,2017-03-15,2018-03-15,18.199100945859637
B3_short_term_reversal,2017-03-16,2018-03-16,18.80183338130066
B3_short_term_reversal,2017-03-17,2018-03-19,17.493984437317135
B3_short_term_reversal,2017-03-20,2018-03-20,17.809974549221575
B3_short_term_reversal,2017-03-21,2018-03-21,20.283462560790966
B3_short_term_reversal,2017-03-22,2018-03-22,15.879126677148125
B3_short_term_reversal,2017-03-23,2018-03-23,13.712347164079786
B3_short_term_reversal,2017-03-24,2018-03-26,15.988951604269296
B3_short_term_reversal,2017-03-27,2018-03-27,13.247851626782857
B3_short_term_reversal,2017-03-28,2018-03-28,11.375243231907861
B3_short_term_reversal,2017-03-29,2018-03-29,13.0737980862909
B3_short_term_reversal,2017-03-31,2018-04-02,9.16801348148768
B3_short_term_reversal,2017-04-03,2018-04-03,10.638739176272448
B3_short_term_reversal,2017-04-04,2018-04-04,12.365822637832924
B3_short_term_reversal,2017-04-05,2018-04-05,12.740166475143443
B3_short_term_reversal,2017-04-06,2018-04-06,9.391625097521006
B3_short_term_reversal,2017-04-07,2018-04-09,10.316603676353253
B3_short_term_reversal,2017-04-10,2018-04-10,13.780243701933493
B3_short_term_reversal,2017-04-11,2018-04-11,13.666955197312847
B3_short_term_reversal,2017-04-12,2018-04-12,16.871657560739717
B3_short_term_reversal,2017-04-13,2018-04-13,16.946075049809583
B3_short_term_reversal,2017-04-13,2018-04-16,17.43866915761099
B3_short_term_reversal,2017-04-17,2018-04-17,16.04385033260407
B3_short_term_reversal,2017-04-18,2018-04-18,16.45138569494633
B3_short_term_reversal,2017-04-19,2018-04-19,16.08035143556954
B3_short_term_reversal,2017-04-20,2018-04-20,13.757897623547288
B3_short_term_reversal,2017-04-21,2018-04-23,13.876914201608127
B3_short_term_reversal,2017-04-24,2018-04-24,11.110786771881953
B3_short_term_reversal,2017-04-25,2018-04-25,11.049266051781714
B3_short_term_reversal,2017-04-26,2018-04-26,12.66956676343245
B3_short_term_reversal,2017-04-27,2018-04-27,12.744341862924568
B3_short_term_reversal,2017-04-28,2018-04-30,12.279963700181451
B3_short_term_reversal,2017-05-01,2018-05-01,12.735269562080243
B3_short_term_reversal,2017-05-02,2018-05-02,10.877545409526013
B3_short_term_reversal,2017-05-03,2018-05-03,11.350362063212005
B3_short_term_reversal,2017-05-04,2018-05-04,13.26279651255926
B3_short_term_reversal,2017-05-05,2018-05-07,12.524005103645464
B3_short_term_reversal,2017-05-08,2018-05-08,12.871568689160394
B3_short_term_reversal,2017-05-09,2018-05-09,13.4385004117616
B3_short_term_reversal,2017-05-10,2018-05-10,14.103944666041123
B3_short_term_reversal,2017-05-11,2018-05-11,15.341090784006472
B3_short_term_reversal,2017-05-12,2018-05-14,15.882638501132963
B3_short_term_reversal,2017-05-15,2018-05-15,14.525062270524325
B3_short_term_reversal,2017-05-16,2018-05-16,15.784404684661112
B3_short_term_reversal,2017-05-17,2018-05-17,18.226344320900356
B3_short_term_reversal,2017-05-18,2018-05-18,18.21229680476413
B3_short_term_reversal,2017-05-19,2018-05-21,17.69527184785895
B3_short_term_reversal,2017-05-22,2018-05-22,17.474186778407663
B3_short_term_reversal,2017-05-23,2018-05-23,17.25011553758089
B3_short_term_reversal,2017-05-24,2018-05-24,16.796102569786562
B3_short_term_reversal,2017-05-25,2018-05-25,16.212746403624823
B3_short_term_reversal,2017-05-26,2018-05-29,14.063812518933405
B3_short_term_reversal,2017-05-30,2018-05-30,16.887299083408113
B3_short_term_reversal,2017-05-31,2018-05-31,15.667284338010369
B3_short_term_reversal,2017-06-01,2018-06-01,15.552786437450795
B3_short_term_reversal,2017-06-02,2018-06-04,16.289605747759815
B3_short_term_reversal,2017-06-05,2018-06-05,16.451968837885044
B3_short_term_reversal,2017-06-06,2018-06-06,17.213882906276503
B3_short_term_reversal,2017-06-07,2018-06-07,17.39329363905966
B3_short_term_reversal,2017-06-08,2018-06-08,16.858972701929954
B3_short_term_reversal,2017-06-09,2018-06-11,16.28723799431391
B3_short_term_reversal,2017-06-12,2018-06-12,16.280096082719563
B3_short_term_reversal,2017-06-13,2018-06-13,14.865814461533834
B3_short_term_reversal,2017-06-14,2018-06-14,15.84082852193971
B3_short_term_reversal,2017-06-15,2018-06-15,15.476926815203363
B3_short_term_reversal,2017-06-16,2018-06-18,15.781978778871641
B3_short_term_reversal,2017-06-19,2018-06-19,13.003442939875143
B3_short_term_reversal,2017-06-20,2018-06-20,12.94202331772678
B3_short_term_reversal,2017-06-21,2018-06-21,9.708399597520746
B3_short_term_reversal,2017-06-22,2018-06-22,9.708212437524466
B3_short_term_reversal,2017-06-23,2018-06-25,7.512875597425461
B3_short_term_reversal,2017-06-26,2018-06-26,7.115682770159304
B3_short_term_reversal,2017-06-27,2018-06-27,5.702220300146799
B3_short_term_reversal,2017-06-28,2018-06-28,5.886169808796171
B3_short_term_reversal,2017-06-29,2018-06-29,6.4247135458987525
B3_short_term_reversal,2017-06-30,2018-07-02,6.450056905416024
B3_short_term_reversal,2017-07-03,2018-07-03,7.017551403616329
B3_short_term_reversal,2017-07-05,2018-07-05,6.383728506270714
B3_short_term_reversal,2017-07-06,2018-07-06,8.203335153519188
B3_short_term_reversal,2017-07-07,2018-07-09,8.66648275753823
B3_short_term_reversal,2017-07-10,2018-07-10,9.07162657549543
B3_short_term_reversal,2017-07-11,2018-07-11,7.414078572235683
B3_short_term_reversal,2017-07-12,2018-07-12,7.441331433946274
B3_short_term_reversal,2017-07-13,2018-07-13,6.55215433855314
B3_short_term_reversal,2017-07-14,2018-07-16,6.352111918380365
B3_short_term_reversal,2017-07-17,2018-07-17,6.903309781593059
B3_short_term_reversal,2017-07-18,2018-07-18,7.676097614623578
B3_short_term_reversal,2017-07-19,2018-07-19,6.772474781135829
B3_short_term_reversal,2017-07-20,2018-07-20,6.921086595683512
B3_short_term_reversal,2017-07-21,2018-07-23,6.97273213900742
B3_short_term_reversal,2017-07-24,2018-07-24,8.17984716145106
B3_short_term_reversal,2017-07-25,2018-07-25,7.45500901213918
B3_short_term_reversal,2017-07-26,2018-07-26,8.14350169615292
B3_short_term_reversal,2017-07-27,2018-07-27,8.594505341859993
B3_short_term_reversal,2017-07-28,2018-07-30,6.814147328341202
B3_short_term_reversal,2017-07-31,2018-07-31,8.477552795436715
B3_short_term_reversal,2017-08-01,2018-08-01,8.264917798268922
B3_short_term_reversal,2017-08-02,2018-08-02,9.174770222334372
B3_short_term_reversal,2017-08-03,2018-08-03,9.719595643986235
B3_short_term_reversal,2017-08-04,2018-08-06,10.305232398309073
B3_short_term_reversal,2017-08-07,2018-08-07,10.59078167720131
B3_short_term_reversal,2017-08-08,2018-08-08,11.089141675101022
B3_short_term_reversal,2017-08-09,2018-08-09,10.47399559193629
B3_short_term_reversal,2017-08-10,2018-08-10,12.421664437524061
B3_short_term_reversal,2017-08-11,2018-08-13,10.474344090315668
B3_short_term_reversal,2017-08-14,2018-08-14,9.859047467848736
B3_short_term_reversal,2017-08-15,2018-08-15,8.980663925941347
B3_short_term_reversal,2017-08-16,2018-08-16,9.673946203505302
B3_short_term_reversal,2017-08-17,2018-08-17,12.268988188597518
B3_short_term_reversal,2017-08-18,2018-08-20,13.56469472223354
B3_short_term_reversal,2017-08-21,2018-08-21,15.097996115507595
B3_short_term_reversal,2017-08-22,2018-08-22,14.872733200107312
B3_short_term_reversal,2017-08-23,2018-08-23,15.524315120119558
B3_short_term_reversal,2017-08-24,2018-08-24,16.926696447892486
B3_short_term_reversal,2017-08-25,2018-08-27,17.102913163463327
B3_short_term_reversal,2017-08-28,2018-08-28,16.939422068995526
B3_short_term_reversal,2017-08-29,2018-08-29,16.645217018958558
B3_short_term_reversal,2017-08-30,2018-08-30,15.37564194334642
B3_short_term_reversal,2017-08-31,2018-08-31,14.380343634390226
B3_short_term_reversal,2017-09-01,2018-09-04,13.4589672523596
B3_short_term_reversal,2017-09-05,2018-09-05,14.020357850118327
B3_short_term_reversal,2017-09-06,2018-09-06,13.525102580977034
B3_short_term_reversal,2017-09-07,2018-09-07,13.961732857398722
B3_short_term_reversal,2017-09-08,2018-09-10,14.842626641390467
B3_short_term_reversal,2017-09-11,2018-09-11,13.57835257855189
B3_short_term_reversal,2017-09-12,2018-09-12,12.592621610010756
B3_short_term_reversal,2017-09-13,2018-09-13,13.205685773328568
B3_short_term_reversal,2017-09-14,2018-09-14,13.763906522989489
B3_short_term_reversal,2017-09-15,2018-09-17,12.989700491701184
B3_short_term_reversal,2017-09-18,2018-09-18,13.762633636995059
B3_short_term_reversal,2017-09-19,2018-09-19,14.405198916687812
B3_short_term_reversal,2017-09-20,2018-09-20,15.201589457179487
B3_short_term_reversal,2017-09-21,2018-09-21,15.454901632380768
B3_short_term_reversal,2017-09-22,2018-09-24,15.218642779513502
B3_short_term_reversal,2017-09-25,2018-09-25,15.498893351801213
B3_short_term_reversal,2017-09-26,2018-09-26,14.753568536178928
B3_short_term_reversal,2017-09-27,2018-09-27,14.268824613035957
B3_short_term_reversal,2017-09-28,2018-09-28,13.699853277718898
B3_short_term_reversal,2017-09-29,2018-10-01,14.17829391272063
B3_short_term_reversal,2017-10-02,2018-10-02,14.218965228050795
B3_short_term_reversal,2017-10-03,2018-10-03,14.153288257658247
B3_short_term_reversal,2017-10-04,2018-10-04,13.779703024204704
B3_short_term_reversal,2017-10-05,2018-10-05,12.160292590308597
B3_short_term_reversal,2017-10-06,2018-10-08,11.146484280789837
B3_short_term_reversal,2017-10-09,2018-10-09,11.865172997654238
B3_short_term_reversal,2017-10-10,2018-10-10,6.600259883054904
B3_short_term_reversal,2017-10-11,2018-10-11,5.051654027268815
B3_short_term_reversal,2017-10-12,2018-10-12,7.997447632665078
B3_short_term_reversal,2017-10-13,2018-10-15,6.748979659928267
B3_short_term_reversal,2017-10-16,2018-10-16,8.240106420099957
B3_short_term_reversal,2017-10-17,2018-10-17,7.4075657491830205
B3_short_term_reversal,2017-10-18,2018-10-18,5.139893064827827
B3_short_term_reversal,2017-10-19,2018-10-19,4.184027845498228
B3_short_term_reversal,2017-10-20,2018-10-22,2.490179922008262
B3_short_term_reversal,2017-10-23,2018-10-23,1.5046576140012702
B3_short_term_reversal,2017-10-24,2018-10-24,-3.120118008159456
B3_short_term_reversal,2017-10-25,2018-10-25,-1.026003530988695
B3_short_term_reversal,2017-10-26,2018-10-26,-2.220591944745942
B3_short_term_reversal,2017-10-27,2018-10-29,-2.0053708404593307
B3_short_term_reversal,2017-10-30,2018-10-30,-1.0975314642573175
B3_short_term_reversal,2017-10-31,2018-10-31,-1.4044268441156027
B3_short_term_reversal,2017-11-01,2018-11-01,-1.4663978195436744
B3_short_term_reversal,2017-11-02,2018-11-02,-1.2837099488050896
B3_short_term_reversal,2017-11-03,2018-11-05,-1.6372033985243006
B3_short_term_reversal,2017-11-06,2018-11-06,-1.3777345333378155
B3_short_term_reversal,2017-11-07,2018-11-07,-1.5276978717101541
B3_short_term_reversal,2017-11-08,2018-11-08,-1.5795369963754857
B3_short_term_reversal,2017-11-09,2018-11-09,-1.2636322440659375
B3_short_term_reversal,2017-11-10,2018-11-12,-4.497407391131714
B3_short_term_reversal,2017-11-13,2018-11-13,-4.88878106345112
B3_short_term_reversal,2017-11-14,2018-11-14,-5.626342855283195
B3_short_term_reversal,2017-11-15,2018-11-15,-4.2139991159167
B3_short_term_reversal,2017-11-16,2018-11-16,-6.2034172990787395
B3_short_term_reversal,2017-11-17,2018-11-19,-6.483503173754334
B3_short_term_reversal,2017-11-20,2018-11-20,-6.400312194944235
B3_short_term_reversal,2017-11-21,2018-11-21,-6.481395013783919
B3_short_term_reversal,2017-11-22,2018-11-23,-6.690506037158994
B3_short_term_reversal,2017-11-24,2018-11-26,-6.665589500095481
B3_short_term_reversal,2017-11-27,2018-11-27,-6.061640673291224
B3_short_term_reversal,2017-11-28,2018-11-28,-7.1260648070646475
B3_short_term_reversal,2017-11-29,2018-11-29,-7.842339241172091
B3_short_term_reversal,2017-11-30,2018-11-30,-8.417407678153454
B3_short_term_reversal,2017-12-01,2018-12-03,-8.913044454392638
B3_short_term_reversal,2017-12-04,2018-12-04,-9.566441850042374
B3_short_term_reversal,2017-12-06,2018-12-06,-11.177555086822776
B3_short_term_reversal,2017-12-07,2018-12-07,-12.947592486304782
B3_short_term_reversal,2017-12-08,2018-12-10,-12.982724187495108
B3_short_term_reversal,2017-12-11,2018-12-11,-13.361898862147903
B3_short_term_reversal,2017-12-12,2018-12-12,-13.121377350124042
B3_short_term_reversal,2017-12-13,2018-12-13,-13.51715225827581
B3_short_term_reversal,2017-12-14,2018-12-14,-12.901579053095524
B3_short_term_reversal,2017-12-15,2018-12-17,-13.821059699626637
B3_short_term_reversal,2017-12-18,2018-12-18,-14.68986999911962
B3_short_term_reversal,2017-12-19,2018-12-19,-14.69905900072871
B3_short_term_reversal,2017-12-20,2018-12-20,-14.80637353131592
B3_short_term_reversal,2017-12-21,2018-12-21,-14.981520664673099
B3_short_term_reversal,2017-12-22,2018-12-24,-15.191625710735035
B3_short_term_reversal,2017-12-26,2018-12-26,-15.086359080066458
B3_short_term_reversal,2017-12-27,2018-12-27,-15.226037561791127
B3_short_term_reversal,2017-12-28,2018-12-28,-15.26620555652276
B3_short_term_reversal,2017-12-29,2018-12-31,-14.711776098365037
B3_short_term_reversal,2018-01-02,2019-01-02,-16.501042781795395
B3_short_term_reversal,2018-01-03,2019-01-03,-17.614312197290804
B3_short_term_reversal,2018-01-04,2019-01-04,-18.290285520090922
B3_short_term_reversal,2018-01-05,2019-01-07,-18.64126492063597
B3_short_term_reversal,2018-01-08,2019-01-08,-18.567597587545027
B3_short_term_reversal,2018-01-09,2019-01-09,-18.45177689727542
B3_short_term_reversal,2018-01-10,2019-01-10,-18.341494197093965
B3_short_term_reversal,2018-01-11,2019-01-11,-18.615708414996867
B3_short_term_reversal,2018-01-12,2019-01-14,-18.843745490667608
B3_short_term_reversal,2018-01-12,2019-01-15,-18.843745490667608
B3_short_term_reversal,2018-01-16,2019-01-16,-18.980410107534407
B3_short_term_reversal,2018-01-17,2019-01-17,-20.386351112800895
B3_short_term_reversal,2018-01-18,2019-01-18,-20.314616768391502
B3_short_term_reversal,2018-01-22,2019-01-22,-21.05549967502386
B3_short_term_reversal,2018-01-23,2019-01-23,-21.353460243036203
B3_short_term_reversal,2018-01-24,2019-01-24,-21.267903521458685
B3_short_term_reversal,2018-01-25,2019-01-25,-20.88200319041388
B3_short_term_reversal,2018-01-26,2019-01-28,-21.37719251886523
B3_short_term_reversal,2018-01-29,2019-01-29,-20.59509220580219
B3_short_term_reversal,2018-01-30,2019-01-30,-19.879777276185983
B3_short_term_reversal,2018-01-31,2019-01-31,-20.333394998684383
B3_short_term_reversal,2018-02-01,2019-02-01,-20.078053921643413
B3_short_term_reversal,2018-02-02,2019-02-04,-17.773769225129065
B3_short_term_reversal,2018-02-05,2019-02-05,-14.455729497315417
B3_short_term_reversal,2018-02-06,2019-02-06,-16.5466266844549
B3_short_term_reversal,2018-02-07,2019-02-07,-15.813492881333168
B3_short_term_reversal,2018-02-08,2019-02-08,-11.934329915973784
B3_short_term_reversal,2018-02-09,2019-02-11,-13.181466647814055
B3_short_term_reversal,2018-02-12,2019-02-12,-14.597799412975087
B3_short_term_reversal,2018-02-13,2019-02-13,-14.815767425288096
B3_short_term_reversal,2018-02-14,2019-02-14,-16.014258340603483
B3_short_term_reversal,2018-02-15,2019-02-15,-16.785389307520283
B3_short_term_reversal,2018-02-16,2019-02-19,-16.94811899807832
B3_short_term_reversal,2018-02-20,2019-02-20,-16.00191249126748
B3_short_term_reversal,2018-02-21,2019-02-21,-15.174404217948679
B3_short_term_reversal,2018-02-22,2019-02-22,-14.821967157886263
B3_short_term_reversal,2018-02-23,2019-02-25,-16.254775507697726
B3_short_term_reversal,2018-02-26,2019-02-26,-17.160154892122282
B3_short_term_reversal,2018-02-27,2019-02-27,-16.46313240948625
B3_short_term_reversal,2018-02-28,2019-02-28,-15.177298742828626
B3_short_term_reversal,2018-03-01,2019-03-01,-13.989692741368387
B3_short_term_reversal,2018-03-02,2019-03-04,-15.305421908765615
B3_short_term_reversal,2018-03-05,2019-03-05,-16.472016883071394
B3_short_term_reversal,2018-03-06,2019-03-06,-17.78495550915846
B3_short_term_reversal,2018-03-07,2019-03-07,-18.362349283526804
B3_short_term_reversal,2018-03-08,2019-03-08,-18.98676029654799
B3_short_term_reversal,2018-03-09,2019-03-11,-19.085921872589427
B3_short_term_reversal,2018-03-12,2019-03-12,-18.14013385708372
B3_short_term_reversal,2018-03-13,2019-03-13,-16.79539398664287
B3_short_term_reversal,2018-03-14,2019-03-14,-16.25479776837321
B3_short_term_reversal,2018-03-15,2019-03-15,-15.888823918837247
B3_short_term_reversal,2018-03-16,2019-03-18,-15.86299754253745
B3_short_term_reversal,2018-03-19,2019-03-19,-14.639311898127449
B3_short_term_reversal,2018-03-20,2019-03-20,-15.119363804942566
B3_short_term_reversal,2018-03-21,2019-03-21,-13.852733409950623
B3_short_term_reversal,2018-03-22,2019-03-22,-12.130993296409521
B3_short_term_reversal,2018-03-23,2019-03-25,-10.778065849634677
B3_short_term_reversal,2018-03-26,2019-03-26,-11.845514116047362
B3_short_term_reversal,2018-03-27,2019-03-27,-9.919360156117275
B3_short_term_reversal,2018-03-28,2019-03-28,-9.101917682890093
B3_short_term_reversal,2018-03-29,2019-03-29,-9.687437766790774
B3_short_term_reversal,2018-03-29,2019-04-01,-9.00911606497079
B3_short_term_reversal,2018-04-02,2019-04-02,-6.447804637876786
B3_short_term_reversal,2018-04-03,2019-04-03,-6.686156586512315
B3_short_term_reversal,2018-04-04,2019-04-04,-8.228181809991764
B3_short_term_reversal,2018-04-05,2019-04-05,-7.56324266074917
B3_short_term_reversal,2018-04-06,2019-04-08,-5.013770737508327
B3_short_term_reversal,2018-04-09,2019-04-09,-6.166606531802943
B3_short_term_reversal,2018-04-10,2019-04-10,-8.464660946108237
B3_short_term_reversal,2018-04-11,2019-04-11,-8.095465724240524
B3_short_term_reversal,2018-04-12,2019-04-12,-9.525956010634784
B3_short_term_reversal,2018-04-13,2019-04-15,-8.865021762912795
B3_short_term_reversal,2018-04-16,2019-04-16,-10.353367726040851
B3_short_term_reversal,2018-04-17,2019-04-17,-11.695426517509
B3_short_term_reversal,2018-04-18,2019-04-18,-11.260728250026686
B3_short_term_reversal,2018-04-20,2019-04-22,-10.479210125631633
B3_short_term_reversal,2018-04-23,2019-04-23,-8.519272094749864
B3_short_term_reversal,2018-04-24,2019-04-24,-7.543035044888191
B3_short_term_reversal,2018-04-25,2019-04-25,-7.061836018105727
B3_short_term_reversal,2018-04-26,2019-04-26,-7.225366789287724
B3_short_term_reversal,2018-04-27,2019-04-29,-7.414465888888477
B3_short_term_reversal,2018-04-30,2019-04-30,-6.35418757486701
B3_short_term_reversal,2018-05-01,2019-05-01,-7.92613864714572
B3_short_term_reversal,2018-05-02,2019-05-02,-7.093078322284119
B3_short_term_reversal,2018-05-03,2019-05-03,-6.631613896918354
B3_short_term_reversal,2018-05-04,2019-05-06,-7.941659868441853
B3_short_term_reversal,2018-05-07,2019-05-07,-8.928931441602007
B3_short_term_reversal,2018-05-08,2019-05-08,-8.7176271724142
B3_short_term_reversal,2018-05-09,2019-05-09,-9.825255737821415
B3_short_term_reversal,2018-05-10,2019-05-10,-10.219856535345361
B3_short_term_reversal,2018-05-11,2019-05-13,-13.752916224000778
B3_short_term_reversal,2018-05-14,2019-05-14,-12.729529304956532
B3_short_term_reversal,2018-05-15,2019-05-15,-11.587582693259503
B3_short_term_reversal,2018-05-16,2019-05-16,-11.983500879995946
B3_short_term_reversal,2018-05-17,2019-05-17,-13.32099497497069
B3_short_term_reversal,2018-05-18,2019-05-20,-14.387051272736183
B3_short_term_reversal,2018-05-21,2019-05-21,-13.185489734299239
B3_short_term_reversal,2018-05-22,2019-05-22,-13.851520736530464
B3_short_term_reversal,2018-05-23,2019-05-23,-15.249254378069532
B3_short_term_reversal,2018-05-24,2019-05-24,-14.809662468799555
B3_short_term_reversal,2018-05-25,2019-05-28,-15.32429753793486
B3_short_term_reversal,2018-05-29,2019-05-29,-14.430175150755842
B3_short_term_reversal,2018-05-30,2019-05-30,-16.241829867726555
B3_short_term_reversal,2018-05-31,2019-05-31,-16.807689340585185
B3_short_term_reversal,2018-06-01,2019-06-03,-17.18596694992547
B3_short_term_reversal,2018-06-04,2019-06-04,-17.376340582509286
B3_short_term_reversal,2018-06-05,2019-06-05,-17.27289571899885
B3_short_term_reversal,2018-06-06,2019-06-06,-18.24156620530498
B3_short_term_reversal,2018-06-07,2019-06-07,-18.553909027791615
B3_short_term_reversal,2018-06-08,2019-06-10,-18.86410126382404
B3_short_term_reversal,2018-06-11,2019-06-11,-19.05023376215099
B3_short_term_reversal,2018-06-12,2019-06-12,-18.985321337860295
B3_short_term_reversal,2018-06-13,2019-06-13,-18.02359551900089
B3_short_term_reversal,2018-06-14,2019-06-14,-18.54728817088813
B3_short_term_reversal,2018-06-15,2019-06-17,-17.994647100921625
B3_short_term_reversal,2018-06-18,2019-06-18,-16.184012564101213
B3_short_term_reversal,2018-06-19,2019-06-19,-15.013321830776928
B3_short_term_reversal,2018-06-20,2019-06-20,-13.680003523253792
B3_short_term_reversal,2018-06-21,2019-06-21,-13.193180778465418
B3_short_term_reversal,2018-06-22,2019-06-24,-13.621399854496053
B3_short_term_reversal,2018-06-25,2019-06-25,-12.797015119159816
B3_short_term_reversal,2018-06-26,2019-06-26,-12.817848164966229
B3_short_term_reversal,2018-06-27,2019-06-27,-10.779264478233907
B3_short_term_reversal,2018-06-28,2019-06-28,-10.847015823729421
B3_short_term_reversal,2018-06-29,2019-07-01,-10.328347592549015
B3_short_term_reversal,2018-07-02,2019-07-02,-10.358770836812992
B3_short_term_reversal,2018-07-03,2019-07-03,-8.56112994893653
B3_short_term_reversal,2018-07-05,2019-07-05,-10.00825667131644
B3_short_term_reversal,2018-07-06,2019-07-08,-11.505713932490735
B3_short_term_reversal,2018-07-09,2019-07-09,-13.17725676581868
B3_short_term_reversal,2018-07-10,2019-07-10,-13.221974015075165
B3_short_term_reversal,2018-07-11,2019-07-11,-11.365382090445575
B3_short_term_reversal,2018-07-12,2019-07-12,-10.698096477681274
B3_short_term_reversal,2018-07-13,2019-07-15,-10.864124914868501
B3_short_term_reversal,2018-07-16,2019-07-16,-10.910617946696643
B3_short_term_reversal,2018-07-17,2019-07-17,-11.47096974974997
B3_short_term_reversal,2018-07-18,2019-07-18,-11.470798786018221
B3_short_term_reversal,2018-07-19,2019-07-19,-11.842754762068486
B3_short_term_reversal,2018-07-20,2019-07-22,-11.423381976342784
B3_short_term_reversal,2018-07-23,2019-07-23,-10.730092502096955
B3_short_term_reversal,2018-07-24,2019-07-24,-10.869970678476937
B3_short_term_reversal,2018-07-25,2019-07-25,-11.235283696566567
B3_short_term_reversal,2018-07-26,2019-07-26,-10.920891846030688
B3_short_term_reversal,2018-07-27,2019-07-29,-10.83247748224987
B3_short_term_reversal,2018-07-30,2019-07-30,-9.158360728247795
B3_short_term_reversal,2018-07-31,2019-07-31,-10.237937237663763
B3_short_term_reversal,2018-08-01,2019-08-01,-11.331703676986592
B3_short_term_reversal,2018-08-02,2019-08-02,-13.005152133364216
B3_short_term_reversal,2018-08-03,2019-08-05,-15.650898287187376
B3_short_term_reversal,2018-08-06,2019-08-06,-15.276297303037289
B3_short_term_reversal,2018-08-07,2019-08-07,-16.338228899364204
B3_short_term_reversal,2018-08-08,2019-08-08,-14.243742374287581
B3_short_term_reversal,2018-08-09,2019-08-09,-14.557411447822567
B3_short_term_reversal,2018-08-10,2019-08-12,-15.222130113318977
B3_short_term_reversal,2018-08-13,2019-08-13,-12.796235622405128
B3_short_term_reversal,2018-08-14,2019-08-14,-16.179803446967313
B3_short_term_reversal,2018-08-15,2019-08-15,-15.968145662311418
B3_short_term_reversal,2018-08-16,2019-08-16,-14.845697124922697
B3_short_term_reversal,2018-08-17,2019-08-19,-13.843147200012618
B3_short_term_reversal,2018-08-20,2019-08-20,-15.441190661443049
B3_short_term_reversal,2018-08-21,2019-08-21,-15.549351856739758
B3_short_term_reversal,2018-08-22,2019-08-22,-15.830065015506833
B3_short_term_reversal,2018-08-23,2019-08-23,-18.569392889270464
B3_short_term_reversal,2018-08-24,2019-08-26,-18.883704907399824
B3_short_term_reversal,2018-08-27,2019-08-27,-20.109897047806246
B3_short_term_reversal,2018-08-28,2019-08-28,-19.234906210796453
B3_short_term_reversal,2018-08-29,2019-08-29,-18.124358603761802
B3_short_term_reversal,2018-08-30,2019-08-30,-17.44269511737817
B3_short_term_reversal,2018-08-31,2019-09-03,-17.471255664980735
B3_short_term_reversal,2018-09-04,2019-09-04,-16.342748732035297
B3_short_term_reversal,2018-09-05,2019-09-05,-15.344839789396381
B3_short_term_reversal,2018-09-06,2019-09-06,-14.84624299242433
B3_short_term_reversal,2018-09-07,2019-09-09,-15.257390899108303
B3_short_term_reversal,2018-09-10,2019-09-10,-15.807996390444401
B3_short_term_reversal,2018-09-11,2019-09-11,-14.740654300598276
B3_short_term_reversal,2018-09-12,2019-09-12,-14.576967005190378
B3_short_term_reversal,2018-09-13,2019-09-13,-15.520238707928725
B3_short_term_reversal,2018-09-14,2019-09-16,-15.993853583541506
B3_short_term_reversal,2018-09-17,2019-09-17,-14.762449458528682
B3_short_term_reversal,2018-09-18,2019-09-18,-15.67991222984989
B3_short_term_reversal,2018-09-19,2019-09-19,-15.811434417092606
B3_short_term_reversal,2018-09-20,2019-09-20,-16.926757848306195
B3_short_term_reversal,2018-09-21,2019-09-23,-16.855523194436227
B3_short_term_reversal,2018-09-24,2019-09-24,-18.309274184712375
B3_short_term_reversal,2018-09-25,2019-09-25,-17.21097189205487
B3_short_term_reversal,2018-09-26,2019-09-26,-17.30922216088545
B3_short_term_reversal,2018-09-27,2019-09-27,-18.330546611105948
B3_short_term_reversal,2018-09-28,2019-09-30,-17.666767657865236
B3_short_term_reversal,2018-10-01,2019-10-01,-19.236830684829442
B3_short_term_reversal,2018-10-02,2019-10-02,-20.752439533576162
B3_short_term_reversal,2018-10-03,2019-10-03,-20.381680076517107
B3_short_term_reversal,2018-10-04,2019-10-04,-19.512502329178204
B3_short_term_reversal,2018-10-05,2019-10-07,-19.84322868306563
B3_short_term_reversal,2018-10-08,2019-10-08,-20.688999171650714
B3_short_term_reversal,2018-10-09,2019-10-09,-20.015899596316633
B3_short_term_reversal,2018-10-10,2019-10-10,-15.686169833493658
B3_short_term_reversal,2018-10-11,2019-10-11,-12.825648037987792
B3_short_term_reversal,2018-10-12,2019-10-14,-15.850093562369405
B3_short_term_reversal,2018-10-15,2019-10-15,-14.542584917508561
B3_short_term_reversal,2018-10-16,2019-10-16,-16.10521123444353
B3_short_term_reversal,2018-10-17,2019-10-17,-15.929155674413964
B3_short_term_reversal,2018-10-18,2019-10-18,-14.84769266623369
B3_short_term_reversal,2018-10-19,2019-10-21,-13.688125955605168
B3_short_term_reversal,2018-10-22,2019-10-22,-13.61577519040582
B3_short_term_reversal,2018-10-23,2019-10-23,-11.212411161147395
B3_short_term_reversal,2018-10-24,2019-10-24,-6.171426137851521
B3_short_term_reversal,2018-10-25,2019-10-25,-7.169427486730118
B3_short_term_reversal,2018-10-26,2019-10-28,-5.219810710114315
B3_short_term_reversal,2018-10-29,2019-10-29,-6.015526333721811
B3_short_term_reversal,2018-10-30,2019-10-30,-5.529269568639494
B3_short_term_reversal,2018-10-31,2019-10-31,-5.629288308965508
B3_short_term_reversal,2018-11-01,2019-11-01,-5.463470776351064
B3_short_term_reversal,2018-11-02,2019-11-04,-5.127835576843054
B3_short_term_reversal,2018-11-05,2019-11-05,-5.226463193251007
B3_short_term_reversal,2018-11-06,2019-11-06,-5.84716349493285
B3_short_term_reversal,2018-11-07,2019-11-07,-5.996098117434034
B3_short_term_reversal,2018-11-08,2019-11-08,-5.902863936450076
B3_short_term_reversal,2018-11-09,2019-11-11,-6.400324099964361
B3_short_term_reversal,2018-11-12,2019-11-12,-3.649840956384909
B3_short_term_reversal,2018-11-13,2019-11-13,-3.2433241885865494
B3_short_term_reversal,2018-11-14,2019-11-14,-1.9219231085474853
B3_short_term_reversal,2018-11-15,2019-11-15,-2.2289790643596596
B3_short_term_reversal,2018-11-16,2019-11-18,-1.2575423679891506
B3_short_term_reversal,2018-11-19,2019-11-19,-1.2547311511013848
B3_short_term_reversal,2018-11-20,2019-11-20,-1.53174890788349
B3_short_term_reversal,2018-11-21,2019-11-21,-1.0599253506703321
B3_short_term_reversal,2018-11-21,2019-11-22,-0.2857790858141418
B3_short_term_reversal,2018-11-23,2019-11-25,0.49515531016282033
B3_short_term_reversal,2018-11-26,2019-11-26,0.7398914122333844
B3_short_term_reversal,2018-11-27,2019-11-27,1.467699914861953
B3_short_term_reversal,2018-11-29,2019-11-29,0.8251233230080812
B3_short_term_reversal,2018-11-30,2019-12-02,0.029752602910582127
B3_short_term_reversal,2018-12-03,2019-12-03,-0.8194590248000178
B3_short_term_reversal,2018-12-04,2019-12-04,3.2119035198905355
B3_short_term_reversal,2018-12-04,2019-12-05,3.090729002923176
B3_short_term_reversal,2018-12-06,2019-12-06,5.150224484568633
B3_short_term_reversal,2018-12-07,2019-12-09,5.6539906797164585
B3_short_term_reversal,2018-12-10,2019-12-10,5.778958588517669
B3_short_term_reversal,2018-12-11,2019-12-11,6.6711833185725045
B3_short_term_reversal,2018-12-12,2019-12-12,7.846011958750121
B3_short_term_reversal,2018-12-13,2019-12-13,7.718016614340706
B3_short_term_reversal,2018-12-14,2019-12-16,8.3742744395072
B3_short_term_reversal,2018-12-17,2019-12-17,8.465544659407875
B3_short_term_reversal,2018-12-18,2019-12-18,8.442458492596483
B3_short_term_reversal,2018-12-19,2019-12-19,8.813945090721331
B3_short_term_reversal,2018-12-20,2019-12-20,9.706871867328125
B3_short_term_reversal,2018-12-21,2019-12-23,9.783841684466354
B3_short_term_reversal,2018-12-24,2019-12-24,9.666203662027883
B3_short_term_reversal,2018-12-26,2019-12-26,9.953458045052322
B3_short_term_reversal,2018-12-27,2019-12-27,9.928308666097752
B3_short_term_reversal,2018-12-28,2019-12-30,8.851448796255168
B3_short_term_reversal,2018-12-31,2019-12-31,9.258325447101278
B3_short_term_reversal,2019-01-02,2020-01-02,10.657249539788726
B3_short_term_reversal,2019-01-03,2020-01-03,9.40311670627536
B3_short_term_reversal,2019-01-04,2020-01-06,9.247264175202075
B3_short_term_reversal,2019-01-07,2020-01-07,8.835490397896129
B3_short_term_reversal,2019-01-08,2020-01-08,9.458406510779383
B3_short_term_reversal,2019-01-09,2020-01-09,9.80750918677189
B3_short_term_reversal,2019-01-10,2020-01-10,9.264942870915881
B3_short_term_reversal,2019-01-11,2020-01-13,9.734844558344879
B3_short_term_reversal,2019-01-14,2020-01-14,9.661272794904807
B3_short_term_reversal,2019-01-15,2020-01-15,9.145795754882368
B3_short_term_reversal,2019-01-16,2020-01-16,10.094035381572809
B3_short_term_reversal,2019-01-17,2020-01-17,10.04416438434459
B3_short_term_reversal,2019-01-18,2020-01-21,8.938938770523741
B3_short_term_reversal,2019-01-22,2020-01-22,8.894636220165175
B3_short_term_reversal,2019-01-23,2020-01-23,8.645428889697481
B3_short_term_reversal,2019-01-24,2020-01-24,7.289349998830907
B3_short_term_reversal,2019-01-25,2020-01-27,5.179582734652333
B3_short_term_reversal,2019-01-28,2020-01-28,5.841085614331076
B3_short_term_reversal,2019-01-29,2020-01-29,4.972184881678432
B3_short_term_reversal,2019-01-30,2020-01-30,4.989921872383896
B3_short_term_reversal,2019-01-31,2020-01-31,2.6675964740708435
B3_short_term_reversal,2019-02-01,2020-02-03,3.035542698634064
B3_short_term_reversal,2019-02-04,2020-02-04,5.347278905056974
B3_short_term_reversal,2019-02-05,2020-02-05,8.082364468160996
B3_short_term_reversal,2019-02-06,2020-02-06,7.875258610601521
B3_short_term_reversal,2019-02-07,2020-02-07,6.2358371577594385
B3_short_term_reversal,2019-02-08,2020-02-10,6.259492554299917
B3_short_term_reversal,2019-02-11,2020-02-11,6.858347604865922
B3_short_term_reversal,2019-02-12,2020-02-12,7.477185901622407
B3_short_term_reversal,2019-02-13,2020-02-13,7.359261451203958
B3_short_term_reversal,2019-02-14,2020-02-14,7.835568408163618
B3_short_term_reversal,2019-02-15,2020-02-18,7.09676901791203
B3_short_term_reversal,2019-02-19,2020-02-19,7.02805375159905
B3_short_term_reversal,2019-02-20,2020-02-20,6.956272296522759
B3_short_term_reversal,2019-02-21,2020-02-21,6.706525180692591
B3_short_term_reversal,2019-02-22,2020-02-24,3.470519477707601
B3_short_term_reversal,2019-02-25,2020-02-25,0.32037545504495224
B3_short_term_reversal,2019-02-26,2020-02-26,-0.1680733471362772
B3_short_term_reversal,2019-02-27,2020-02-27,-3.8851518862833223
B3_short_term_reversal,2019-02-28,2020-02-28,-3.7436194958544777
B3_short_term_reversal,2019-03-01,2020-03-02,-3.4972610418503303
B3_short_term_reversal,2019-03-04,2020-03-03,-2.5011238025527405
B3_short_term_reversal,2019-03-05,2020-03-04,-2.2218527852799763
B3_short_term_reversal,2019-03-06,2020-03-05,-0.9179304346809358
B3_short_term_reversal,2019-03-07,2020-03-06,0.24016326226092843
B3_short_term_reversal,2019-03-08,2020-03-09,0.4633612777670715
B3_short_term_reversal,2019-03-11,2020-03-10,-1.3380842037769791
B3_short_term_reversal,2019-03-12,2020-03-11,-1.8411454128734794
B3_short_term_reversal,2019-03-13,2020-03-12,-3.126009411051689
B3_short_term_reversal,2019-03-14,2020-03-13,-3.103944446858231
B3_short_term_reversal,2019-03-15,2020-03-16,-3.593708766376147
B3_short_term_reversal,2019-03-18,2020-03-17,-3.9269944663138046
B3_short_term_reversal,2019-03-19,2020-03-18,-4.017754415694796
B3_short_term_reversal,2019-03-20,2020-03-19,-3.4095410397654957
B3_short_term_reversal,2019-03-21,2020-03-20,-4.704426481259249
B3_short_term_reversal,2019-03-22,2020-03-23,-3.3509155551308067
B3_short_term_reversal,2019-03-25,2020-03-24,-2.9228703491125274
B3_short_term_reversal,2019-03-26,2020-03-25,-3.8669102220906693
B3_short_term_reversal,2019-03-27,2020-03-26,-3.640920242563339
B3_short_term_reversal,2019-03-28,2020-03-27,-4.276342957182089
B3_short_term_reversal,2019-03-29,2020-03-30,-5.216833637953733
B3_short_term_reversal,2019-04-01,2020-03-31,-5.923426166019485
B3_short_term_reversal,2019-04-02,2020-04-01,-5.570324884501677
B3_short_term_reversal,2019-04-03,2020-04-02,-6.5490895960086615
B3_short_term_reversal,2019-04-04,2020-04-03,-6.620650243383041
B3_short_term_reversal,2019-04-05,2020-04-06,-7.250242590246636
B3_short_term_reversal,2019-04-08,2020-04-07,-7.014173932336498
B3_short_term_reversal,2019-04-09,2020-04-08,-6.791383617769364
B3_short_term_reversal,2019-04-10,2020-04-09,-7.037834648231012
B3_short_term_reversal,2019-04-12,2020-04-13,-7.095308009495904
B3_short_term_reversal,2019-04-15,2020-04-14,-6.967006396134323
B3_short_term_reversal,2019-04-16,2020-04-15,-5.819142487318274
B3_short_term_reversal,2019-04-17,2020-04-16,-4.428777400125061
B3_short_term_reversal,2019-04-18,2020-04-17,-4.96946540190033
B3_short_term_reversal,2019-04-18,2020-04-20,-4.96946540190033
B3_short_term_reversal,2019-04-22,2020-04-21,-4.7926246348498625
B3_short_term_reversal,2019-04-23,2020-04-22,-6.2151212212455125
B3_short_term_reversal,2019-04-24,2020-04-23,-6.061219483153913
B3_short_term_reversal,2019-04-25,2020-04-24,-6.928834174292964
B3_short_term_reversal,2019-04-26,2020-04-27,-7.863582666731029
B3_short_term_reversal,2019-04-29,2020-04-28,-7.384072689283805
B3_short_term_reversal,2019-04-30,2020-04-29,-7.8988341404994
B3_short_term_reversal,2019-05-01,2020-04-30,-6.413940678543328
B3_short_term_reversal,2019-05-02,2020-05-01,-6.308727409664239
B3_short_term_reversal,2019-05-03,2020-05-04,-7.1183266006798585
B3_short_term_reversal,2019-05-06,2020-05-05,-6.989499271594568
B3_short_term_reversal,2019-05-07,2020-05-06,-6.007109365162366
B3_short_term_reversal,2019-05-08,2020-05-07,-6.172907653509297
B3_short_term_reversal,2019-05-09,2020-05-08,-5.537290650839289
B3_short_term_reversal,2019-05-10,2020-05-11,-5.959147516427765
B3_short_term_reversal,2019-05-13,2020-05-12,-3.1913552483853747
B3_short_term_reversal,2019-05-14,2020-05-13,-4.403224995882093
B3_short_term_reversal,2019-05-15,2020-05-14,-5.228437450761902
B3_short_term_reversal,2019-05-16,2020-05-15,-5.585116331503171
B3_short_term_reversal,2019-05-17,2020-05-18,-4.593148853116668
B3_short_term_reversal,2019-05-20,2020-05-19,-3.2799935155054527
B3_short_term_reversal,2019-05-21,2020-05-20,-4.664023820909491
B3_short_term_reversal,2019-05-22,2020-05-21,-3.8074546222716776
B3_short_term_reversal,2019-05-23,2020-05-22,-2.634682644681696
B3_short_term_reversal,2019-05-24,2020-05-26,-2.9808235596667676
B3_short_term_reversal,2019-05-28,2020-05-27,-2.358435090283806
B3_short_term_reversal,2019-05-29,2020-05-28,-2.0242401856473413
B3_short_term_reversal,2019-05-30,2020-05-29,-1.7781100076916467
B3_short_term_reversal,2019-05-31,2020-06-01,1.1494554252845735
B3_short_term_reversal,2019-06-03,2020-06-02,1.199031285233465
B3_short_term_reversal,2019-06-04,2020-06-03,1.9821812318071563
B3_short_term_reversal,2019-06-05,2020-06-04,1.3950049420144106
B3_short_term_reversal,2019-06-06,2020-06-05,5.308876796663076
B3_short_term_reversal,2019-06-07,2020-06-08,7.897374712468896
B3_short_term_reversal,2019-06-10,2020-06-09,8.341985038023214
B3_short_term_reversal,2019-06-11,2020-06-10,9.486517327358257
B3_short_term_reversal,2019-06-12,2020-06-11,4.9414389395745495
B3_short_term_reversal,2019-06-13,2020-06-12,4.266830779776121
B3_short_term_reversal,2019-06-14,2020-06-15,8.896897378518776
B3_short_term_reversal,2019-06-17,2020-06-16,11.102437640182682
B3_short_term_reversal,2019-06-18,2020-06-17,6.100845331966531
B3_short_term_reversal,2019-06-19,2020-06-18,5.623464063201711
B3_short_term_reversal,2019-06-20,2020-06-19,2.193095824109448
B3_short_term_reversal,2019-06-21,2020-06-22,1.7721017666650463
B3_short_term_reversal,2019-06-24,2020-06-23,3.037403755785184
B3_short_term_reversal,2019-06-25,2020-06-24,-2.4049758616128347
B3_short_term_reversal,2019-06-26,2020-06-25,-1.638143640689993
B3_short_term_reversal,2019-06-27,2020-06-26,-5.708345833870753
B3_short_term_reversal,2019-06-28,2020-06-29,-1.474215821395597
B3_short_term_reversal,2019-07-01,2020-06-30,-2.248322536518055
B3_short_term_reversal,2019-07-02,2020-07-01,-3.730092859185763
B3_short_term_reversal,2019-07-03,2020-07-02,-4.5880963417344045
B3_short_term_reversal,2019-07-05,2020-07-06,-2.42720772982834
B3_short_term_reversal,2019-07-08,2020-07-07,-5.151574750677779
B3_short_term_reversal,2019-07-09,2020-07-08,-4.097115558426445
B3_short_term_reversal,2019-07-10,2020-07-09,-7.533730062327426
B3_short_term_reversal,2019-07-11,2020-07-10,-4.231322530764759
B3_short_term_reversal,2019-07-12,2020-07-13,-5.381655853471945
B3_short_term_reversal,2019-07-15,2020-07-14,-4.37291476869529
B3_short_term_reversal,2019-07-16,2020-07-15,-0.2837100027732964
B3_short_term_reversal,2019-07-17,2020-07-16,-1.5446997106695948
B3_short_term_reversal,2019-07-18,2020-07-17,-1.8017841801691414
B3_short_term_reversal,2019-07-19,2020-07-20,-0.4939728835997137
B3_short_term_reversal,2019-07-22,2020-07-21,-0.22117151400160573
B3_short_term_reversal,2019-07-23,2020-07-22,-0.8507869161391346
B3_short_term_reversal,2019-07-24,2020-07-23,-2.5303149216989396
B3_short_term_reversal,2019-07-25,2020-07-24,-2.8505315191496683
B3_short_term_reversal,2019-07-26,2020-07-27,-3.6873387110046285
B3_short_term_reversal,2019-07-29,2020-07-28,-2.665436942488053
B3_short_term_reversal,2019-07-30,2020-07-29,-3.3473955413931833
B3_short_term_reversal,2019-07-31,2020-07-30,-3.6047155076972537
B3_short_term_reversal,2019-08-01,2020-07-31,-3.112241790301551
B3_short_term_reversal,2019-08-02,2020-08-03,-1.7569447713612019
B3_short_term_reversal,2019-08-05,2020-08-04,2.4331200830143063
B3_short_term_reversal,2019-08-06,2020-08-05,3.811338768249195
B3_short_term_reversal,2019-08-07,2020-08-06,4.918586055121565
B3_short_term_reversal,2019-08-08,2020-08-07,2.8860805860234207
B3_short_term_reversal,2019-08-09,2020-08-10,4.314177667519514
B3_short_term_reversal,2019-08-12,2020-08-11,4.367430391727112
B3_short_term_reversal,2019-08-13,2020-08-12,4.3115698082822895
B3_short_term_reversal,2019-08-14,2020-08-13,7.980413395348918
B3_short_term_reversal,2019-08-15,2020-08-14,8.85846881568748
B3_short_term_reversal,2019-08-16,2020-08-17,7.031076939202596
B3_short_term_reversal,2019-08-19,2020-08-18,5.649345662064609
B3_short_term_reversal,2019-08-20,2020-08-19,5.822912175825912
B3_short_term_reversal,2019-08-21,2020-08-20,4.815625215705688
B3_short_term_reversal,2019-08-22,2020-08-21,4.109683100846162
B3_short_term_reversal,2019-08-23,2020-08-24,11.740352241583253
B3_short_term_reversal,2019-08-26,2020-08-25,10.767859194153928
B3_short_term_reversal,2019-08-27,2020-08-26,10.120289905669043
B3_short_term_reversal,2019-08-28,2020-08-27,10.587176874364834
B3_short_term_reversal,2019-08-29,2020-08-28,11.342604426624714
B3_short_term_reversal,2019-08-30,2020-08-31,10.759780699076105
B3_short_term_reversal,2019-08-30,2020-09-01,9.736517039853453
B3_short_term_reversal,2019-09-03,2020-09-02,11.713310367314111
B3_short_term_reversal,2019-09-04,2020-09-03,7.506822510804123
B3_short_term_reversal,2019-09-05,2020-09-04,6.109394839761539
B3_short_term_reversal,2019-09-09,2020-09-08,4.824699473544336
B3_short_term_reversal,2019-09-10,2020-09-09,8.114582601476418
B3_short_term_reversal,2019-09-11,2020-09-10,5.115241778165047
B3_short_term_reversal,2019-09-12,2020-09-11,4.331811248129047
B3_short_term_reversal,2019-09-13,2020-09-14,6.257727898770948
B3_short_term_reversal,2019-09-16,2020-09-15,8.14557880069633
B3_short_term_reversal,2019-09-17,2020-09-16,6.045367574017857
B3_short_term_reversal,2019-09-18,2020-09-17,5.427533359386061
B3_short_term_reversal,2019-09-19,2020-09-18,3.540838910467614
B3_short_term_reversal,2019-09-20,2020-09-21,3.152348293162177
B3_short_term_reversal,2019-09-23,2020-09-22,4.7486214402539195
B3_short_term_reversal,2019-09-24,2020-09-23,4.384745318647454
B3_short_term_reversal,2019-09-25,2020-09-24,3.4143989928337337
B3_short_term_reversal,2019-09-26,2020-09-25,6.83470977066265
B3_short_term_reversal,2019-09-27,2020-09-28,10.224997487995168
B3_short_term_reversal,2019-09-30,2020-09-29,7.745283206118514
B3_short_term_reversal,2019-10-01,2020-09-30,10.398445320016215
B3_short_term_reversal,2019-10-02,2020-10-01,12.498158967498597
B3_short_term_reversal,2019-10-03,2020-10-02,12.440939896469395
B3_short_term_reversal,2019-10-04,2020-10-05,12.968126830340655
B3_short_term_reversal,2019-10-07,2020-10-06,12.331620242743657
B3_short_term_reversal,2019-10-08,2020-10-07,16.56910864818826
B3_short_term_reversal,2019-10-09,2020-10-08,17.20107737340988
B3_short_term_reversal,2019-10-10,2020-10-09,16.852211057913948
B3_short_term_reversal,2019-10-11,2020-10-12,15.192662061782002
B3_short_term_reversal,2019-10-14,2020-10-13,15.772210393112985
B3_short_term_reversal,2019-10-15,2020-10-14,14.667073794673557
B3_short_term_reversal,2019-10-16,2020-10-15,14.469905414227924
B3_short_term_reversal,2019-10-17,2020-10-16,15.282418608991177
B3_short_term_reversal,2019-10-18,2020-10-19,14.885309940352975
B3_short_term_reversal,2019-10-21,2020-10-20,15.06992010954109
B3_short_term_reversal,2019-10-22,2020-10-21,15.283242442197519
B3_short_term_reversal,2019-10-23,2020-10-22,17.581489686372986
B3_short_term_reversal,2019-10-24,2020-10-23,16.663226007695144
B3_short_term_reversal,2019-10-25,2020-10-26,13.3703299739508
B3_short_term_reversal,2019-10-28,2020-10-27,13.067241120307793
B3_short_term_reversal,2019-10-29,2020-10-28,9.430345211658842
B3_short_term_reversal,2019-10-30,2020-10-29,9.15503620336513
B3_short_term_reversal,2019-10-31,2020-10-30,7.759438438179833
B3_short_term_reversal,2019-11-01,2020-11-02,8.52230085043355
B3_short_term_reversal,2019-11-04,2020-11-03,10.518189874869988
B3_short_term_reversal,2019-11-05,2020-11-04,11.872950706877061
B3_short_term_reversal,2019-11-06,2020-11-05,16.156765040428667
B3_short_term_reversal,2019-11-07,2020-11-06,16.107764233183207
B3_short_term_reversal,2019-11-08,2020-11-09,26.098623978233416
B3_short_term_reversal,2019-11-11,2020-11-10,27.39033504124859
B3_short_term_reversal,2019-11-12,2020-11-11,25.812725415546822
B3_short_term_reversal,2019-11-13,2020-11-12,22.764807758717364
B3_short_term_reversal,2019-11-14,2020-11-13,25.529207625802396
B3_short_term_reversal,2019-11-15,2020-11-16,28.393690337549526
B3_short_term_reversal,2019-11-18,2020-11-17,28.445073646786945
B3_short_term_reversal,2019-11-19,2020-11-18,27.349626328057795
B3_short_term_reversal,2019-11-20,2020-11-19,29.252184655601397
B3_short_term_reversal,2019-11-21,2020-11-20,28.008529532013384
B3_short_term_reversal,2019-11-22,2020-11-23,27.527746790718965
B3_short_term_reversal,2019-11-25,2020-11-24,27.277730724027084
B3_short_term_reversal,2019-11-26,2020-11-25,26.706158873556916
B3_short_term_reversal,2019-11-27,2020-11-27,26.7703468331824
B3_short_term_reversal,2019-11-29,2020-11-30,27.96263554511029
B3_short_term_reversal,2019-12-02,2020-12-01,30.183312806925635
B3_short_term_reversal,2019-12-03,2020-12-02,31.092474602681584
B3_short_term_reversal,2019-12-04,2020-12-03,29.764887983865094
B3_short_term_reversal,2019-12-05,2020-12-04,30.96722979411657
B3_short_term_reversal,2019-12-06,2020-12-07,28.712825422224153
B3_short_term_reversal,2019-12-09,2020-12-08,29.810500505309577
B3_short_term_reversal,2019-12-10,2020-12-09,30.140384860687952
B3_short_term_reversal,2019-12-11,2020-12-10,28.30547953658529
B3_short_term_reversal,2019-12-12,2020-12-11,27.270689354091047
B3_short_term_reversal,2019-12-13,2020-12-14,26.375066513781853
B3_short_term_reversal,2019-12-16,2020-12-15,27.00090744684518
B3_short_term_reversal,2019-12-17,2020-12-16,26.7381636198462
B3_short_term_reversal,2019-12-18,2020-12-17,27.253328286746314
B3_short_term_reversal,2019-12-19,2020-12-18,25.495446654543706
B3_short_term_reversal,2019-12-20,2020-12-21,23.867246402270826
B3_short_term_reversal,2019-12-23,2020-12-22,21.60125864614293
B3_short_term_reversal,2019-12-24,2020-12-23,23.841447235058165
B3_short_term_reversal,2019-12-24,2020-12-24,23.34371752860749
B3_short_term_reversal,2019-12-27,2020-12-28,23.454771656968255
B3_short_term_reversal,2019-12-30,2020-12-29,24.707854340702596
B3_short_term_reversal,2019-12-31,2020-12-30,25.142916893752123
B3_short_term_reversal,2019-12-31,2020-12-31,25.114572584346394
B3_short_term_reversal,2020-01-03,2021-01-04,22.888075738748803
B3_short_term_reversal,2020-01-06,2021-01-05,25.420557232805386
B3_short_term_reversal,2020-01-07,2021-01-06,26.718241202486137
B3_short_term_reversal,2020-01-08,2021-01-07,27.044636847070926
B3_short_term_reversal,2020-01-09,2021-01-08,27.032346332079804
B3_short_term_reversal,2020-01-10,2021-01-11,26.066999740026287
B3_short_term_reversal,2020-01-13,2021-01-12,25.578828102545526
B3_short_term_reversal,2020-01-14,2021-01-13,26.00938113309288
B3_short_term_reversal,2020-01-15,2021-01-14,27.11943922190503
B3_short_term_reversal,2020-01-16,2021-01-15,24.633057660483093
B3_short_term_reversal,2020-01-17,2021-01-19,25.607517304615037
B3_short_term_reversal,2020-01-21,2021-01-20,29.233952265612693
B3_short_term_reversal,2020-01-22,2021-01-21,29.79127426375674
B3_short_term_reversal,2020-01-23,2021-01-22,29.544991024910882
B3_short_term_reversal,2020-01-24,2021-01-25,30.91640271017937
B3_short_term_reversal,2020-01-27,2021-01-26,32.60159189902148
B3_short_term_reversal,2020-01-28,2021-01-27,29.480963036871287
B3_short_term_reversal,2020-01-29,2021-01-28,33.904978950850875
B3_short_term_reversal,2020-01-30,2021-01-29,29.82997040898119
B3_short_term_reversal,2020-01-31,2021-02-01,35.008740768180814
B3_short_term_reversal,2020-02-03,2021-02-02,37.483703472249076
B3_short_term_reversal,2020-02-04,2021-02-03,35.42110367254288
B3_short_term_reversal,2020-02-05,2021-02-04,35.153663424713756
B3_short_term_reversal,2020-02-06,2021-02-05,36.59227901856714
B3_short_term_reversal,2020-02-07,2021-02-08,39.472151149552445
B3_short_term_reversal,2020-02-10,2021-02-09,39.0554008216335
B3_short_term_reversal,2020-02-11,2021-02-10,37.975116618583726
B3_short_term_reversal,2020-02-12,2021-02-11,37.03018078587181
B3_short_term_reversal,2020-02-13,2021-02-12,38.04312794701621
B3_short_term_reversal,2020-02-14,2021-02-16,36.924423351134614
B3_short_term_reversal,2020-02-18,2021-02-17,39.02389890597551
B3_short_term_reversal,2020-02-19,2021-02-18,38.716579877160065
B3_short_term_reversal,2020-02-20,2021-02-19,38.86738046218121
B3_short_term_reversal,2020-02-21,2021-02-22,36.664709049859766
B3_short_term_reversal,2020-02-24,2021-02-23,40.21313110184377
B3_short_term_reversal,2020-02-25,2021-02-24,46.38867056894767
B3_short_term_reversal,2020-02-26,2021-02-25,43.70462083505835
B3_short_term_reversal,2020-02-27,2021-02-26,49.758429365014024
B3_short_term_reversal,2020-02-28,2021-03-01,53.2976614756693
B3_short_term_reversal,2020-03-02,2021-03-02,48.55456522372115
B3_short_term_reversal,2020-03-03,2021-03-03,43.48873452748432
B3_short_term_reversal,2020-03-04,2021-03-04,38.66061533434526
B3_short_term_reversal,2020-03-05,2021-03-05,39.96399287332901
B3_short_term_reversal,2020-03-06,2021-03-08,35.459878449469784
B3_short_term_reversal,2020-03-09,2021-03-09,42.51601340183253
B3_short_term_reversal,2020-03-10,2021-03-10,41.929044788703564
B3_short_term_reversal,2020-03-11,2021-03-11,46.65639928396041
B3_short_term_reversal,2020-03-12,2021-03-12,46.50111773719527
B3_short_term_reversal,2020-03-13,2021-03-15,48.606552589508524
B3_short_term_reversal,2020-03-16,2021-03-16,49.49385502681763
B3_short_term_reversal,2020-03-17,2021-03-17,50.40233261646201
B3_short_term_reversal,2020-03-18,2021-03-18,47.54719536147154
B3_short_term_reversal,2020-03-19,2021-03-19,48.822714525693975
B3_short_term_reversal,2020-03-20,2021-03-22,48.35968683632403
B3_short_term_reversal,2020-03-23,2021-03-23,46.2015254430282
B3_short_term_reversal,2020-03-24,2021-03-24,45.13469350072006
B3_short_term_reversal,2020-03-25,2021-03-25,45.96829934783424
B3_short_term_reversal,2020-03-26,2021-03-26,48.96487975875312
B3_short_term_reversal,2020-03-27,2021-03-29,46.453488752170166
B3_short_term_reversal,2020-03-30,2021-03-30,49.674326247968594
B3_short_term_reversal,2020-03-31,2021-03-31,49.948411377557214
B3_short_term_reversal,2020-04-01,2021-04-01,51.74925494063003
B3_short_term_reversal,2020-04-03,2021-04-05,54.60743927071234
B3_short_term_reversal,2020-04-06,2021-04-06,54.67103578407191
B3_short_term_reversal,2020-04-07,2021-04-07,54.53760599008104
B3_short_term_reversal,2020-04-08,2021-04-08,54.58967682334783
B3_short_term_reversal,2020-04-09,2021-04-09,54.839411022612694
B3_short_term_reversal,2020-04-09,2021-04-12,53.378046542987704
B3_short_term_reversal,2020-04-13,2021-04-13,53.326060603998805
B3_short_term_reversal,2020-04-14,2021-04-14,54.50279640902309
B3_short_term_reversal,2020-04-15,2021-04-15,54.420033980898694
B3_short_term_reversal,2020-04-16,2021-04-16,55.03535871414245
B3_short_term_reversal,2020-04-17,2021-04-19,52.427916555768064
B3_short_term_reversal,2020-04-20,2021-04-20,47.65951414133276
B3_short_term_reversal,2020-04-21,2021-04-21,52.54227936580433
B3_short_term_reversal,2020-04-22,2021-04-22,49.37689049308447
B3_short_term_reversal,2020-04-23,2021-04-23,52.22232302716059
B3_short_term_reversal,2020-04-24,2021-04-26,53.796858306497874
B3_short_term_reversal,2020-04-27,2021-04-27,54.073325340792636
B3_short_term_reversal,2020-04-28,2021-04-28,53.38510035190423
B3_short_term_reversal,2020-04-29,2021-04-29,54.11424314119018
B3_short_term_reversal,2020-04-30,2021-04-30,53.29255546084113
B3_short_term_reversal,2020-05-01,2021-05-03,53.33284085037293
B3_short_term_reversal,2020-05-04,2021-05-04,51.84464147137555
B3_short_term_reversal,2020-05-05,2021-05-05,52.48613880192421
B3_short_term_reversal,2020-05-06,2021-05-06,52.06815580311523
B3_short_term_reversal,2020-05-07,2021-05-07,53.33936798401633
B3_short_term_reversal,2020-05-08,2021-05-10,49.819573826161864
B3_short_term_reversal,2020-05-11,2021-05-11,50.1954815095369
B3_short_term_reversal,2020-05-12,2021-05-12,45.27748418945856
B3_short_term_reversal,2020-05-13,2021-05-13,45.37151921567999
B3_short_term_reversal,2020-05-14,2021-05-14,49.68903769459367
B3_short_term_reversal,2020-05-15,2021-05-17,49.06693120150809
B3_short_term_reversal,2020-05-18,2021-05-18,47.94009186013597
B3_short_term_reversal,2020-05-19,2021-05-19,48.245132575680216
B3_short_term_reversal,2020-05-20,2021-05-20,51.36823549517775
B3_short_term_reversal,2020-05-21,2021-05-21,51.34246758587751
B3_short_term_reversal,2020-05-22,2021-05-24,52.49250969163377
B3_short_term_reversal,2020-05-22,2021-05-25,51.61781481935797
B3_short_term_reversal,2020-05-26,2021-05-26,52.68355845912352
B3_short_term_reversal,2020-05-27,2021-05-27,53.51380028279238
B3_short_term_reversal,2020-05-28,2021-05-28,53.58160122164277
B3_short_term_reversal,2020-06-01,2021-06-01,51.00829896265316
B3_short_term_reversal,2020-06-02,2021-06-02,51.820410818333286
B3_short_term_reversal,2020-06-03,2021-06-03,50.52727339506087
B3_short_term_reversal,2020-06-04,2021-06-04,52.267233339418674
B3_short_term_reversal,2020-06-05,2021-06-07,45.9990027503399
B3_short_term_reversal,2020-06-08,2021-06-08,42.44639526675853
B3_short_term_reversal,2020-06-09,2021-06-09,41.26758070470997
B3_short_term_reversal,2020-06-10,2021-06-10,40.742863569270526
B3_short_term_reversal,2020-06-11,2021-06-11,47.44143209144291
B3_short_term_reversal,2020-06-12,2021-06-14,45.45929429743454
B3_short_term_reversal,2020-06-15,2021-06-15,39.690443505493064
B3_short_term_reversal,2020-06-16,2021-06-16,36.341756567413164
B3_short_term_reversal,2020-06-17,2021-06-17,36.37484603726833
B3_short_term_reversal,2020-06-18,2021-06-18,33.706269549071834
B3_short_term_reversal,2020-06-19,2021-06-21,39.53546337761678
B3_short_term_reversal,2020-06-22,2021-06-22,40.49768332496666
B3_short_term_reversal,2020-06-23,2021-06-23,39.89532822222852
B3_short_term_reversal,2020-06-24,2021-06-24,50.46642507527031
B3_short_term_reversal,2020-06-25,2021-06-25,50.6110018909856
B3_short_term_reversal,2020-06-26,2021-06-28,54.83231201877199
B3_short_term_reversal,2020-06-29,2021-06-29,46.57145783600238
B3_short_term_reversal,2020-06-30,2021-06-30,47.56764853901338
B3_short_term_reversal,2020-07-01,2021-07-01,49.37008590874514
B3_short_term_reversal,2020-07-02,2021-07-02,50.08451788557608
B3_short_term_reversal,2020-07-06,2021-07-06,44.41724413750103
B3_short_term_reversal,2020-07-07,2021-07-07,47.26330885902343
B3_short_term_reversal,2020-07-08,2021-07-08,44.27347238853554
B3_short_term_reversal,2020-07-09,2021-07-09,52.50756417584985
B3_short_term_reversal,2020-07-10,2021-07-12,46.63383050211279
B3_short_term_reversal,2020-07-13,2021-07-13,44.00646919427984
B3_short_term_reversal,2020-07-14,2021-07-14,40.54532117409919
B3_short_term_reversal,2020-07-15,2021-07-15,33.632790786347265
B3_short_term_reversal,2020-07-16,2021-07-16,32.532876834745636
B3_short_term_reversal,2020-07-17,2021-07-19,30.049425284735932
B3_short_term_reversal,2020-07-20,2021-07-20,33.25312749693694
B3_short_term_reversal,2020-07-21,2021-07-21,37.4106895554639
B3_short_term_reversal,2020-07-22,2021-07-22,36.78327383041204
B3_short_term_reversal,2020-07-23,2021-07-23,38.34291018895737
B3_short_term_reversal,2020-07-24,2021-07-26,39.79153750791602
B3_short_term_reversal,2020-07-27,2021-07-27,39.872536396592714
B3_short_term_reversal,2020-07-28,2021-07-28,38.73030934354493
B3_short_term_reversal,2020-07-29,2021-07-29,40.15164988070246
B3_short_term_reversal,2020-07-30,2021-07-30,41.14678340058822
B3_short_term_reversal,2020-07-31,2021-08-02,41.25973839280803
B3_short_term_reversal,2020-08-03,2021-08-03,41.858827790119314
B3_short_term_reversal,2020-08-04,2021-08-04,38.66776841629278
B3_short_term_reversal,2020-08-05,2021-08-05,35.667985706775276
B3_short_term_reversal,2020-08-06,2021-08-06,34.66725288680483
B3_short_term_reversal,2020-08-07,2021-08-09,33.083224709480575
B3_short_term_reversal,2020-08-10,2021-08-10,33.247087522707155
B3_short_term_reversal,2020-08-11,2021-08-11,35.805833126345085
B3_short_term_reversal,2020-08-12,2021-08-12,33.49515787906312
B3_short_term_reversal,2020-08-13,2021-08-13,34.67304432660387
B3_short_term_reversal,2020-08-14,2021-08-16,34.69184785687658
B3_short_term_reversal,2020-08-17,2021-08-17,32.81389170993487
B3_short_term_reversal,2020-08-18,2021-08-18,31.47199068595714
B3_short_term_reversal,2020-08-19,2021-08-19,31.311180204381017
B3_short_term_reversal,2020-08-20,2021-08-20,30.908101123533616
B3_short_term_reversal,2020-08-21,2021-08-23,34.178637484599065
B3_short_term_reversal,2020-08-24,2021-08-24,31.701292997440245
B3_short_term_reversal,2020-08-25,2021-08-25,33.015483404989695
B3_short_term_reversal,2020-08-26,2021-08-26,33.32121721049069
B3_short_term_reversal,2020-08-27,2021-08-27,34.15320747117079
B3_short_term_reversal,2020-08-28,2021-08-30,32.40570215935401
B3_short_term_reversal,2020-08-31,2021-08-31,32.36364621342709
B3_short_term_reversal,2020-09-01,2021-09-01,33.68972659804861
B3_short_term_reversal,2020-09-02,2021-09-02,32.40628600684592
B3_short_term_reversal,2020-09-03,2021-09-03,36.247400227470905
B3_short_term_reversal,2020-09-04,2021-09-07,36.460068888747244
B3_short_term_reversal,2020-09-08,2021-09-08,38.73582986559156
B3_short_term_reversal,2020-09-09,2021-09-09,35.63616680205084
B3_short_term_reversal,2020-09-10,2021-09-10,36.057168717722774
B3_short_term_reversal,2020-09-11,2021-09-13,37.53637195322117
B3_short_term_reversal,2020-09-14,2021-09-14,33.63626702615963
B3_short_term_reversal,2020-09-15,2021-09-15,32.965029663984446
B3_short_term_reversal,2020-09-16,2021-09-16,34.02337515582601
B3_short_term_reversal,2020-09-17,2021-09-17,34.96795071063528
B3_short_term_reversal,2020-09-18,2021-09-20,36.10520989136143
B3_short_term_reversal,2020-09-21,2021-09-21,36.15303477893741
B3_short_term_reversal,2020-09-22,2021-09-22,35.675860423727414
B3_short_term_reversal,2020-09-23,2021-09-23,40.046210760435706
B3_short_term_reversal,2020-09-24,2021-09-24,38.18142081276565
B3_short_term_reversal,2020-09-25,2021-09-27,33.58270796780136
B3_short_term_reversal,2020-09-28,2021-09-28,28.74592457351659
B3_short_term_reversal,2020-09-29,2021-09-29,31.40654568593513
B3_short_term_reversal,2020-09-30,2021-09-30,28.533232431683842
B3_short_term_reversal,2020-10-01,2021-10-01,29.77902259758849
B3_short_term_reversal,2020-10-02,2021-10-04,26.593734089784316
B3_short_term_reversal,2020-10-05,2021-10-05,26.168429929248262
B3_short_term_reversal,2020-10-06,2021-10-06,27.58345928518271
B3_short_term_reversal,2020-10-07,2021-10-07,26.460113306807752
B3_short_term_reversal,2020-10-08,2021-10-08,23.79815294443448
B3_short_term_reversal,2020-10-09,2021-10-11,21.833948065212105
B3_short_term_reversal,2020-10-12,2021-10-12,20.962942968741395
B3_short_term_reversal,2020-10-13,2021-10-13,21.314507135759197
B3_short_term_reversal,2020-10-14,2021-10-14,23.943530597018725
B3_short_term_reversal,2020-10-15,2021-10-15,24.378191689990135
B3_short_term_reversal,2020-10-16,2021-10-18,22.230306572676174
B3_short_term_reversal,2020-10-19,2021-10-19,24.20528966207933
B3_short_term_reversal,2020-10-20,2021-10-20,23.95978875731124
B3_short_term_reversal,2020-10-21,2021-10-21,24.51974591740973
B3_short_term_reversal,2020-10-22,2021-10-22,21.20661196103619
B3_short_term_reversal,2020-10-23,2021-10-25,20.816552064476657
B3_short_term_reversal,2020-10-26,2021-10-26,24.011741293743082
B3_short_term_reversal,2020-10-27,2021-10-27,23.724958656070783
B3_short_term_reversal,2020-10-28,2021-10-28,28.66275338961173
B3_short_term_reversal,2020-10-29,2021-10-29,28.219286030990844
B3_short_term_reversal,2020-10-30,2021-11-01,30.40807259734133
B3_short_term_reversal,2020-11-02,2021-11-02,29.13474166573755
B3_short_term_reversal,2020-11-03,2021-11-03,27.42204251934286
B3_short_term_reversal,2020-11-04,2021-11-04,26.141892009438262
B3_short_term_reversal,2020-11-05,2021-11-05,24.054669800434603
B3_short_term_reversal,2020-11-06,2021-11-08,25.140443116845155
B3_short_term_reversal,2020-11-09,2021-11-09,14.03989677036741
B3_short_term_reversal,2020-11-10,2021-11-10,12.720862451768578
B3_short_term_reversal,2020-11-11,2021-11-11,15.136347052512654
B3_short_term_reversal,2020-11-12,2021-11-12,18.737007667975547
B3_short_term_reversal,2020-11-13,2021-11-15,15.343675192155558
B3_short_term_reversal,2020-11-16,2021-11-16,11.823903578713434
B3_short_term_reversal,2020-11-17,2021-11-17,11.013019961777527
B3_short_term_reversal,2020-11-18,2021-11-18,12.19063381026757
B3_short_term_reversal,2020-11-19,2021-11-19,9.993511395275956
B3_short_term_reversal,2020-11-20,2021-11-22,9.98518028442179
B3_short_term_reversal,2020-11-23,2021-11-23,10.736203929361654
B3_short_term_reversal,2020-11-24,2021-11-24,10.424270981735152
B3_short_term_reversal,2020-11-25,2021-11-26,5.729841686420678
B3_short_term_reversal,2020-11-27,2021-11-29,6.306827092468592
B3_short_term_reversal,2020-11-30,2021-11-30,3.7145336480892244
B3_short_term_reversal,2020-12-01,2021-12-01,-0.6079963835624813
B3_short_term_reversal,2020-12-02,2021-12-02,3.25935291576791
B3_short_term_reversal,2020-12-03,2021-12-03,2.2453557902309296
B3_short_term_reversal,2020-12-04,2021-12-06,3.8087872909195353
B3_short_term_reversal,2020-12-07,2021-12-07,6.334672954211462
B3_short_term_reversal,2020-12-08,2021-12-08,7.522030569500404
B3_short_term_reversal,2020-12-09,2021-12-09,5.228553740987962
B3_short_term_reversal,2020-12-10,2021-12-10,6.445437925637942
B3_short_term_reversal,2020-12-11,2021-12-13,4.550207411460017
B3_short_term_reversal,2020-12-14,2021-12-14,6.015243447012697
B3_short_term_reversal,2020-12-15,2021-12-15,7.206966027291295
B3_short_term_reversal,2020-12-16,2021-12-16,6.947800950249805
B3_short_term_reversal,2020-12-17,2021-12-17,6.006830217224213
B3_short_term_reversal,2020-12-18,2021-12-20,7.411955059326436
B3_short_term_reversal,2020-12-21,2021-12-21,11.24908942557996
B3_short_term_reversal,2020-12-22,2021-12-22,14.701715186306341
B3_short_term_reversal,2020-12-23,2021-12-23,13.811980600968731
B3_short_term_reversal,2020-12-24,2021-12-27,14.429601141446158
B3_short_term_reversal,2020-12-28,2021-12-28,13.9132361111582
B3_short_term_reversal,2020-12-29,2021-12-29,14.342782208341664
B3_short_term_reversal,2020-12-30,2021-12-30,13.833377436226591
B3_short_term_reversal,2020-12-31,2021-12-31,14.081291007986497
B3_short_term_reversal,2020-12-31,2022-01-03,15.408711120510965
B3_short_term_reversal,2021-01-04,2022-01-04,17.824734740716043
B3_short_term_reversal,2021-01-05,2022-01-05,13.079690520228858
B3_short_term_reversal,2021-01-06,2022-01-06,12.440442154710052
B3_short_term_reversal,2021-01-07,2022-01-07,11.67520085984457
B3_short_term_reversal,2021-01-08,2022-01-10,13.930209886378698
B3_short_term_reversal,2021-01-11,2022-01-11,15.904085531443712
B3_short_term_reversal,2021-01-12,2022-01-12,16.137952377141552
B3_short_term_reversal,2021-01-13,2022-01-13,11.642069213657402
B3_short_term_reversal,2021-01-14,2022-01-14,11.06017874977605
B3_short_term_reversal,2021-01-15,2022-01-18,9.225440969307375
B3_short_term_reversal,2021-01-19,2022-01-19,7.43438180933047
B3_short_term_reversal,2021-01-20,2022-01-20,4.618219815486779
B3_short_term_reversal,2021-01-21,2022-01-21,2.1233853317237594
B3_short_term_reversal,2021-01-22,2022-01-24,0.47669523071829367
B3_short_term_reversal,2021-01-25,2022-01-25,0.6808210836273698
B3_short_term_reversal,2021-01-26,2022-01-26,1.3951646562807563
B3_short_term_reversal,2021-01-27,2022-01-27,3.1899066511051455
B3_short_term_reversal,2021-01-28,2022-01-28,0.6065980863805498
B3_short_term_reversal,2021-01-29,2022-01-31,7.673709696748432
B3_short_term_reversal,2021-02-01,2022-02-01,7.421857168738977
B3_short_term_reversal,2021-02-02,2022-02-02,5.608373707289149
B3_short_term_reversal,2021-02-03,2022-02-03,2.7815055209766015
B3_short_term_reversal,2021-02-04,2022-02-04,-0.2612561987397788
B3_short_term_reversal,2021-02-05,2022-02-07,-1.4348028621277042
B3_short_term_reversal,2021-02-08,2022-02-08,-1.4329660598480842
B3_short_term_reversal,2021-02-09,2022-02-09,0.0537798890314356
B3_short_term_reversal,2021-02-10,2022-02-10,-1.344237143371041
B3_short_term_reversal,2021-02-11,2022-02-11,-2.525709025305767
B3_short_term_reversal,2021-02-12,2022-02-14,-3.5536344413314658
B3_short_term_reversal,2021-02-12,2022-02-15,-3.5536344413314658
B3_short_term_reversal,2021-02-16,2022-02-16,-3.1951267217600776
B3_short_term_reversal,2021-02-17,2022-02-17,-3.999313143794314
B3_short_term_reversal,2021-02-18,2022-02-18,-3.986166513595535
B3_short_term_reversal,2021-02-22,2022-02-22,-2.1982797856577863
B3_short_term_reversal,2021-02-23,2022-02-23,-2.4318221368978765
B3_short_term_reversal,2021-02-24,2022-02-24,-3.289078646434962
B3_short_term_reversal,2021-02-25,2022-02-25,-1.056773370126618
B3_short_term_reversal,2021-02-26,2022-02-28,-0.7526587636222049
B3_short_term_reversal,2021-03-01,2022-03-01,-3.2376029131795825
B3_short_term_reversal,2021-03-02,2022-03-02,-1.2436101736481686
B3_short_term_reversal,2021-03-03,2022-03-03,2.2429572748649207
B3_short_term_reversal,2021-03-04,2022-03-04,5.80302502151222
B3_short_term_reversal,2021-03-05,2022-03-07,4.81776242976566
B3_short_term_reversal,2021-03-08,2022-03-08,8.303009877501033
B3_short_term_reversal,2021-03-09,2022-03-09,2.940800851291381
B3_short_term_reversal,2021-03-10,2022-03-10,3.366527799570518
B3_short_term_reversal,2021-03-11,2022-03-11,0.034588503104804325
B3_short_term_reversal,2021-03-12,2022-03-14,0.14061858582841147
B3_short_term_reversal,2021-03-15,2022-03-15,-1.2781583444540945
B3_short_term_reversal,2021-03-16,2022-03-16,-1.864109724869678
B3_short_term_reversal,2021-03-17,2022-03-17,-2.4568814957843466
B3_short_term_reversal,2021-03-18,2022-03-18,-0.569356687691247
B3_short_term_reversal,2021-03-19,2022-03-21,0.14135137142043952
B3_short_term_reversal,2021-03-22,2022-03-22,0.20403136926503418
B3_short_term_reversal,2021-03-23,2022-03-23,2.4232476525603452
B3_short_term_reversal,2021-03-24,2022-03-24,3.6191168775540516
B3_short_term_reversal,2021-03-25,2022-03-25,4.565871792511089
B3_short_term_reversal,2021-03-26,2022-03-28,2.554987369024886
B3_short_term_reversal,2021-03-29,2022-03-29,7.275417965153741
B3_short_term_reversal,2021-03-30,2022-03-30,2.8918173394671287
B3_short_term_reversal,2021-03-31,2022-03-31,1.0934363212052656
B3_short_term_reversal,2021-04-01,2022-04-01,-0.16602587255971635
B3_short_term_reversal,2021-04-01,2022-04-04,0.3163798187585609
B3_short_term_reversal,2021-04-05,2022-04-05,-3.7582578430546243
B3_short_term_reversal,2021-04-06,2022-04-06,-5.250823428315532
B3_short_term_reversal,2021-04-07,2022-04-07,-4.118980675755546
B3_short_term_reversal,2021-04-08,2022-04-08,-3.804427239215613
B3_short_term_reversal,2021-04-09,2022-04-11,-3.8659767260106337
B3_short_term_reversal,2021-04-12,2022-04-12,-3.2411326186650546
B3_short_term_reversal,2021-04-13,2022-04-13,-0.4366664628429162
B3_short_term_reversal,2021-04-14,2022-04-14,-2.8478780997799102
B3_short_term_reversal,2021-04-16,2022-04-18,-3.8572374055632963
B3_short_term_reversal,2021-04-19,2022-04-19,-2.2126128638403575
B3_short_term_reversal,2021-04-20,2022-04-20,0.9452575628161597
B3_short_term_reversal,2021-04-21,2022-04-21,-2.2859252623798954
B3_short_term_reversal,2021-04-22,2022-04-22,-0.21530346899814035
B3_short_term_reversal,2021-04-23,2022-04-25,-2.0805398959942267
B3_short_term_reversal,2021-04-26,2022-04-26,-3.083015799371669
B3_short_term_reversal,2021-04-27,2022-04-27,-3.2569222892554373
B3_short_term_reversal,2021-04-28,2022-04-28,-2.8228449021444835
B3_short_term_reversal,2021-04-29,2022-04-29,-3.2826078706976847
B3_short_term_reversal,2021-04-30,2022-05-02,-2.7641776745983337
B3_short_term_reversal,2021-05-03,2022-05-03,-2.7897246021651667
B3_short_term_reversal,2021-05-04,2022-05-04,-1.8369858681711038
B3_short_term_reversal,2021-05-05,2022-05-05,-2.2499500367108793
B3_short_term_reversal,2021-05-06,2022-05-06,-1.9812688075501739
B3_short_term_reversal,2021-05-07,2022-05-09,-2.7938625118707816
B3_short_term_reversal,2021-05-10,2022-05-10,-0.5101449301126548
B3_short_term_reversal,2021-05-11,2022-05-11,-0.7591471009020911
B3_short_term_reversal,2021-05-12,2022-05-12,2.60039791960196
B3_short_term_reversal,2021-05-13,2022-05-13,2.534029822461936
B3_short_term_reversal,2021-05-14,2022-05-16,-0.4233849307759052
B3_short_term_reversal,2021-05-17,2022-05-17,-0.0078181897506302
B3_short_term_reversal,2021-05-18,2022-05-18,0.7538085124954685
B3_short_term_reversal,2021-05-19,2022-05-19,0.5464896392989527
B3_short_term_reversal,2021-05-20,2022-05-20,-1.528034347259155
B3_short_term_reversal,2021-05-21,2022-05-23,-1.511268288663492
B3_short_term_reversal,2021-05-24,2022-05-24,-2.2540338752461753
B3_short_term_reversal,2021-05-25,2022-05-25,-1.690129854753386
B3_short_term_reversal,2021-05-26,2022-05-26,-2.376340733585647
B3_short_term_reversal,2021-05-27,2022-05-27,-2.9043144060064363
B3_short_term_reversal,2021-05-28,2022-05-31,-2.947178776407766
B3_short_term_reversal,2021-06-01,2022-06-01,-2.481690316136864
B3_short_term_reversal,2021-06-02,2022-06-02,-3.329473167483654
B3_short_term_reversal,2021-06-03,2022-06-03,-3.2477415515641095
B3_short_term_reversal,2021-06-04,2022-06-06,-3.7994432507281184
B3_short_term_reversal,2021-06-07,2022-06-07,-3.3980856339471788
B3_short_term_reversal,2021-06-08,2022-06-08,-3.364152091425976
B3_short_term_reversal,2021-06-09,2022-06-09,-2.862651982067399
B3_short_term_reversal,2021-06-10,2022-06-10,-3.232896745894498
B3_short_term_reversal,2021-06-11,2022-06-13,-3.6744466877718485
B3_short_term_reversal,2021-06-14,2022-06-14,-2.5755774953772126
B3_short_term_reversal,2021-06-15,2022-06-15,-2.531153702223443
B3_short_term_reversal,2021-06-16,2022-06-16,-2.0849935565128597
B3_short_term_reversal,2021-06-17,2022-06-17,0.3383957437443019
B3_short_term_reversal,2021-06-21,2022-06-21,-0.05045597982522576
B3_short_term_reversal,2021-06-22,2022-06-22,0.07982531653660807
B3_short_term_reversal,2021-06-23,2022-06-23,-0.2673250351291734
B3_short_term_reversal,2021-06-24,2022-06-24,-1.2072108407723992
B3_short_term_reversal,2021-06-25,2022-06-27,-1.9931167736140232
B3_short_term_reversal,2021-06-28,2022-06-28,-1.1553424447285465
B3_short_term_reversal,2021-06-29,2022-06-29,-0.9163121252173223
B3_short_term_reversal,2021-06-30,2022-06-30,-1.284097999611622
B3_short_term_reversal,2021-07-01,2022-07-01,-1.663328595564928
B3_short_term_reversal,2021-07-02,2022-07-05,-2.1377816483895695
B3_short_term_reversal,2021-07-06,2022-07-06,-0.15103044459615633
B3_short_term_reversal,2021-07-07,2022-07-07,1.3719368029222023
B3_short_term_reversal,2021-07-08,2022-07-08,2.3300937197959115
B3_short_term_reversal,2021-07-09,2022-07-11,-0.06886035994859707
B3_short_term_reversal,2021-07-12,2022-07-12,-0.3972187316905962
B3_short_term_reversal,2021-07-13,2022-07-13,1.2393388709468711
B3_short_term_reversal,2021-07-14,2022-07-14,2.6079510704076325
B3_short_term_reversal,2021-07-15,2022-07-15,3.344557799506953
B3_short_term_reversal,2021-07-16,2022-07-18,5.994030190629451
B3_short_term_reversal,2021-07-19,2022-07-19,8.177376469831366
B3_short_term_reversal,2021-07-20,2022-07-20,4.987057039402187
B3_short_term_reversal,2021-07-21,2022-07-21,1.3825165442170828
B3_short_term_reversal,2021-07-22,2022-07-22,1.9210695112848564
B3_short_term_reversal,2021-07-23,2022-07-25,2.1521889480804246
B3_short_term_reversal,2021-07-26,2022-07-26,1.6726809508080365
B3_short_term_reversal,2021-07-27,2022-07-27,1.8065131007004798
B3_short_term_reversal,2021-07-28,2022-07-28,1.7912080171192502
B3_short_term_reversal,2021-07-29,2022-07-29,1.077463322036687
B3_short_term_reversal,2021-07-30,2022-08-01,1.4564022707075797
B3_short_term_reversal,2021-08-02,2022-08-02,2.1812383271079705
B3_short_term_reversal,2021-08-03,2022-08-03,1.5208002051859015
B3_short_term_reversal,2021-08-04,2022-08-04,2.3643981164028327
B3_short_term_reversal,2021-08-05,2022-08-05,2.2116980021100296
B3_short_term_reversal,2021-08-06,2022-08-08,2.341322820710401
B3_short_term_reversal,2021-08-09,2022-08-09,3.078453868117914
B3_short_term_reversal,2021-08-10,2022-08-10,2.7073664668600284
B3_short_term_reversal,2021-08-11,2022-08-11,2.1799194788970633
B3_short_term_reversal,2021-08-12,2022-08-12,2.17633150230907
B3_short_term_reversal,2021-08-13,2022-08-15,1.4735928917758878
B3_short_term_reversal,2021-08-16,2022-08-16,1.4135462225456363
B3_short_term_reversal,2021-08-17,2022-08-17,2.139476576793964
B3_short_term_reversal,2021-08-18,2022-08-18,2.938850637223034
B3_short_term_reversal,2021-08-19,2022-08-19,3.820254256668365
B3_short_term_reversal,2021-08-20,2022-08-22,3.948659681884248
B3_short_term_reversal,2021-08-23,2022-08-23,1.903214389039376
B3_short_term_reversal,2021-08-24,2022-08-24,0.04499714666748034
B3_short_term_reversal,2021-08-25,2022-08-25,-0.5925708023526322
B3_short_term_reversal,2021-08-26,2022-08-26,0.6382525614899714
B3_short_term_reversal,2021-08-27,2022-08-29,-1.3708669463805
B3_short_term_reversal,2021-08-30,2022-08-30,-2.133242283711967
B3_short_term_reversal,2021-08-31,2022-08-31,-1.9286694862744702
B3_short_term_reversal,2021-09-01,2022-09-01,-1.9960297880570854
B3_short_term_reversal,2021-09-02,2022-09-02,-2.631931456961989
B3_short_term_reversal,2021-09-03,2022-09-06,-2.5893922747519116
B3_short_term_reversal,2021-09-07,2022-09-07,-2.254475878825113
B3_short_term_reversal,2021-09-08,2022-09-08,-2.1724725189335214
B3_short_term_reversal,2021-09-09,2022-09-09,-2.4926912073059415
B3_short_term_reversal,2021-09-10,2022-09-12,-1.0556456122680746
B3_short_term_reversal,2021-09-13,2022-09-13,-1.481314261755684
B3_short_term_reversal,2021-09-14,2022-09-14,-0.21942154692611293
B3_short_term_reversal,2021-09-15,2022-09-15,-1.1005055767603245
B3_short_term_reversal,2021-09-16,2022-09-16,-1.0000947192962406
B3_short_term_reversal,2021-09-17,2022-09-19,-0.8911889358481417
B3_short_term_reversal,2021-09-20,2022-09-20,-0.2511846311846089
B3_short_term_reversal,2021-09-21,2022-09-21,0.5228956710441324
B3_short_term_reversal,2021-09-22,2022-09-22,-0.7267913243519275
B3_short_term_reversal,2021-09-23,2022-09-23,-2.2257889729693447
B3_short_term_reversal,2021-09-24,2022-09-26,-1.283649555155486
B3_short_term_reversal,2021-09-27,2022-09-27,-0.7577094982108679
B3_short_term_reversal,2021-09-28,2022-09-28,0.7480687804847674
B3_short_term_reversal,2021-09-29,2022-09-29,0.5196065233088243
B3_short_term_reversal,2021-09-30,2022-09-30,1.7585924016909837
B3_short_term_reversal,2021-10-01,2022-10-03,0.7722651430051908
B3_short_term_reversal,2021-10-04,2022-10-04,2.3600253230247947
B3_short_term_reversal,2021-10-05,2022-10-05,1.1644113101944686
B3_short_term_reversal,2021-10-06,2022-10-06,1.3686765641982124
B3_short_term_reversal,2021-10-07,2022-10-07,0.43114369595298463
B3_short_term_reversal,2021-10-08,2022-10-10,1.1803259562799484
B3_short_term_reversal,2021-10-11,2022-10-11,2.0196132845876846
B3_short_term_reversal,2021-10-12,2022-10-12,1.9778674080333403
B3_short_term_reversal,2021-10-13,2022-10-13,2.1599054350234237
B3_short_term_reversal,2021-10-14,2022-10-14,0.42184778643912235
B3_short_term_reversal,2021-10-15,2022-10-17,0.13492729966357864
B3_short_term_reversal,2021-10-18,2022-10-18,1.1445216575574513
B3_short_term_reversal,2021-10-19,2022-10-19,0.5406011551127632
B3_short_term_reversal,2021-10-20,2022-10-20,-0.34038636685589374
B3_short_term_reversal,2021-10-21,2022-10-21,-0.22694571335518665
B3_short_term_reversal,2021-10-22,2022-10-24,-0.21840355147452195
B3_short_term_reversal,2021-10-25,2022-10-25,-0.2662379659874037
B3_short_term_reversal,2021-10-26,2022-10-26,-0.1859433245414266
B3_short_term_reversal,2021-10-27,2022-10-27,0.24832648735313434
B3_short_term_reversal,2021-10-28,2022-10-28,-0.4644264185014402
B3_short_term_reversal,2021-10-29,2022-10-31,-0.3836461012288406
B3_short_term_reversal,2021-11-01,2022-11-01,-0.681987185821975
B3_short_term_reversal,2021-11-02,2022-11-02,-0.5823936217831838
B3_short_term_reversal,2021-11-03,2022-11-03,-1.4156645726390193
B3_short_term_reversal,2021-11-04,2022-11-04,-1.5187560715707593
B3_short_term_reversal,2021-11-05,2022-11-07,-2.919050900414011
B3_short_term_reversal,2021-11-08,2022-11-08,-3.568212732981102
B3_short_term_reversal,2021-11-09,2022-11-09,-2.662210587355762
B3_short_term_reversal,2021-11-10,2022-11-10,-2.003645596044079
B3_short_term_reversal,2021-11-11,2022-11-11,-2.8725851008271963
B3_short_term_reversal,2021-11-12,2022-11-14,-3.773221031809715
B3_short_term_reversal,2021-11-15,2022-11-15,-3.4177589105756634
B3_short_term_reversal,2021-11-16,2022-11-16,-3.6484129866082404
B3_short_term_reversal,2021-11-17,2022-11-17,-2.990787220918256
B3_short_term_reversal,2021-11-18,2022-11-18,-2.610875574194871
B3_short_term_reversal,2021-11-19,2022-11-21,-1.8523623022373314
B3_short_term_reversal,2021-11-22,2022-11-22,-1.3639388999967528
B3_short_term_reversal,2021-11-23,2022-11-23,-2.4270094813090504
B3_short_term_reversal,2021-11-24,2022-11-25,-2.72103428608077
B3_short_term_reversal,2021-11-26,2022-11-28,1.8085492169036765
B3_short_term_reversal,2021-11-29,2022-11-29,0.4787871063707261
B3_short_term_reversal,2021-11-30,2022-11-30,2.6808552514304695
B3_short_term_reversal,2021-12-01,2022-12-01,6.156129429642188
B3_short_term_reversal,2021-12-02,2022-12-02,2.4768631278885067
B3_short_term_reversal,2021-12-03,2022-12-05,1.0454366500832313
B3_short_term_reversal,2021-12-06,2022-12-06,-3.0092701132155564
B3_short_term_reversal,2021-12-07,2022-12-07,-4.982869953307823
B3_short_term_reversal,2021-12-08,2022-12-08,-6.4186005667082435
B3_short_term_reversal,2021-12-09,2022-12-09,-5.091132966730704
B3_short_term_reversal,2021-12-10,2022-12-12,-5.644806132427371
B3_short_term_reversal,2021-12-13,2022-12-13,-4.208318637810327
B3_short_term_reversal,2021-12-14,2022-12-14,-4.749531407666163
B3_short_term_reversal,2021-12-15,2022-12-15,-6.840071034640238
B3_short_term_reversal,2021-12-16,2022-12-16,-6.499461802065887
B3_short_term_reversal,2021-12-17,2022-12-19,-6.0313845777631325
B3_short_term_reversal,2021-12-20,2022-12-20,-6.282642370270719
B3_short_term_reversal,2021-12-21,2022-12-21,-9.071840366597005
B3_short_term_reversal,2021-12-22,2022-12-22,-10.228439430260517
B3_short_term_reversal,2021-12-23,2022-12-23,-11.067936001645029
B3_short_term_reversal,2021-12-27,2022-12-27,-11.191005346086158
B3_short_term_reversal,2021-12-28,2022-12-28,-11.081205746118117
B3_short_term_reversal,2021-12-29,2022-12-29,-11.437798231398698
B3_short_term_reversal,2021-12-30,2022-12-30,-11.680877339335327
B3_short_term_reversal,2022-01-03,2023-01-03,-12.86670171847042
B3_short_term_reversal,2022-01-04,2023-01-04,-13.222072787216387
B3_short_term_reversal,2022-01-05,2023-01-05,-11.280052910440485
B3_short_term_reversal,2022-01-06,2023-01-06,-11.355261817936412
B3_short_term_reversal,2022-01-07,2023-01-09,-11.48375514761395
B3_short_term_reversal,2022-01-10,2023-01-10,-13.50322330761421
B3_short_term_reversal,2022-01-11,2023-01-11,-13.89979682262581
B3_short_term_reversal,2022-01-12,2023-01-12,-14.108529553063642
B3_short_term_reversal,2022-01-13,2023-01-13,-10.895191093466138
B3_short_term_reversal,2022-01-14,2023-01-17,-11.274105019388491
B3_short_term_reversal,2022-01-18,2023-01-18,-10.546230227322562
B3_short_term_reversal,2022-01-19,2023-01-19,-10.374115041275434
B3_short_term_reversal,2022-01-20,2023-01-20,-9.093935632707018
B3_short_term_reversal,2022-01-21,2023-01-23,-6.731943453303691
B3_short_term_reversal,2022-01-24,2023-01-24,-4.333177574850444
B3_short_term_reversal,2022-01-25,2023-01-25,-4.658572481084611
B3_short_term_reversal,2022-01-26,2023-01-26,-4.8148281024293365
B3_short_term_reversal,2022-01-27,2023-01-27,-5.319576542614312
B3_short_term_reversal,2022-01-28,2023-01-30,-6.128375511162643
B3_short_term_reversal,2022-01-31,2023-01-31,-8.586744488140852
B3_short_term_reversal,2022-02-01,2023-02-01,-9.203320191323517
B3_short_term_reversal,2022-02-02,2023-02-02,-8.871864245212857
B3_short_term_reversal,2022-02-03,2023-02-03,-7.415778221700231
B3_short_term_reversal,2022-02-04,2023-02-06,-7.275396491760899
B3_short_term_reversal,2022-02-07,2023-02-07,-5.576503319946669
B3_short_term_reversal,2022-02-08,2023-02-08,-6.666236217949217
B3_short_term_reversal,2022-02-09,2023-02-09,-8.127323715739687
B3_short_term_reversal,2022-02-10,2023-02-10,-5.13530652148898
B3_short_term_reversal,2022-02-11,2023-02-13,-3.252007601012563
B3_short_term_reversal,2022-02-14,2023-02-14,-2.2293067011627365
B3_short_term_reversal,2022-02-15,2023-02-15,-1.474741700186788
B3_short_term_reversal,2022-02-16,2023-02-16,-4.0131418347336245
B3_short_term_reversal,2022-02-17,2023-02-17,-4.729695450820238
B3_short_term_reversal,2022-02-18,2023-02-21,-6.342609928755671
B3_short_term_reversal,2022-02-22,2023-02-22,-6.490583347146972
B3_short_term_reversal,2022-02-23,2023-02-23,-5.758737597398655
B3_short_term_reversal,2022-02-24,2023-02-24,-6.777454070521049
B3_short_term_reversal,2022-02-25,2023-02-27,-6.537788339982898
B3_short_term_reversal,2022-02-28,2023-02-28,-6.4205185034792445
B3_short_term_reversal,2022-03-01,2023-03-01,-6.358940229128507
B3_short_term_reversal,2022-03-02,2023-03-02,-5.088654654903479
B3_short_term_reversal,2022-03-03,2023-03-03,-3.125032111091419
B3_short_term_reversal,2022-03-04,2023-03-06,-2.8681387533550984
B3_short_term_reversal,2022-03-07,2023-03-07,-4.116088411346752
B3_short_term_reversal,2022-03-08,2023-03-08,-4.268146035966646
B3_short_term_reversal,2022-03-09,2023-03-09,-6.217452193213746
B3_short_term_reversal,2022-03-10,2023-03-10,-7.352793317077699
B3_short_term_reversal,2022-03-11,2023-03-13,-8.410899211983214
B3_short_term_reversal,2022-03-14,2023-03-14,-8.410899211983214
B3_short_term_reversal,2022-03-15,2023-03-15,-8.410899211983214
B3_short_term_reversal,2022-03-16,2023-03-16,-8.410899211983214
B3_short_term_reversal,2022-03-17,2023-03-17,-8.410899211983214
B3_short_term_reversal,2022-03-18,2023-03-20,-7.910415850936847
B3_short_term_reversal,2022-03-21,2023-03-21,-5.7164826071450126
B3_short_term_reversal,2022-03-22,2023-03-22,-8.096478969704046
B3_short_term_reversal,2022-03-23,2023-03-23,-9.437419684938986
B3_short_term_reversal,2022-03-24,2023-03-24,-10.23647412852532
B3_short_term_reversal,2022-03-25,2023-03-27,-9.964685919249316
B3_short_term_reversal,2022-03-28,2023-03-28,-10.041752646957558
B3_short_term_reversal,2022-03-29,2023-03-29,-10.773015894167393
B3_short_term_reversal,2022-03-30,2023-03-30,-8.561627145086604
B3_short_term_reversal,2022-03-31,2023-03-31,-5.80520566018915
B3_short_term_reversal,2022-04-01,2023-04-03,-4.582829037134129
B3_short_term_reversal,2022-04-04,2023-04-04,-5.536063788520417
B3_short_term_reversal,2022-04-05,2023-04-05,-2.5757873727138003
B3_short_term_reversal,2022-04-06,2023-04-06,-0.5881727867331099
B3_short_term_reversal,2022-04-08,2023-04-10,0.2017270816601524
B3_short_term_reversal,2022-04-11,2023-04-11,0.46361284435183503
B3_short_term_reversal,2022-04-12,2023-04-12,-0.35689450029415815
B3_short_term_reversal,2022-04-13,2023-04-13,-2.1518842073094624
B3_short_term_reversal,2022-04-14,2023-04-14,-0.5652234745368023
B3_short_term_reversal,2022-04-14,2023-04-17,-0.765401108976449
B3_short_term_reversal,2022-04-18,2023-04-18,0.076591894345035
B3_short_term_reversal,2022-04-19,2023-04-19,-0.33677372682132667
B3_short_term_reversal,2022-04-20,2023-04-20,-0.9524998464054635
B3_short_term_reversal,2022-04-21,2023-04-21,-1.2187722769497533
B3_short_term_reversal,2022-04-22,2023-04-24,-0.9547652716325628
B3_short_term_reversal,2022-04-25,2023-04-25,-2.806637745621543
B3_short_term_reversal,2022-04-26,2023-04-26,-3.823692819907276
B3_short_term_reversal,2022-04-27,2023-04-27,-1.655845177325621
B3_short_term_reversal,2022-04-28,2023-04-28,-0.08694409630278788
B3_short_term_reversal,2022-04-29,2023-05-01,-0.3647122757367116
B3_short_term_reversal,2022-05-02,2023-05-02,-2.2807831897463826
B3_short_term_reversal,2022-05-03,2023-05-03,-3.181073419251712
B3_short_term_reversal,2022-05-04,2023-05-04,-4.1510277200170975
B3_short_term_reversal,2022-05-05,2023-05-05,-2.3937320555190267
B3_short_term_reversal,2022-05-06,2023-05-08,-3.1482848565390076
B3_short_term_reversal,2022-05-09,2023-05-09,-3.413692816101488
B3_short_term_reversal,2022-05-10,2023-05-10,-3.6507436521483694
B3_short_term_reversal,2022-05-11,2023-05-11,-4.113907589660249
B3_short_term_reversal,2022-05-12,2023-05-12,-4.153895585306488
B3_short_term_reversal,2022-05-13,2023-05-15,-2.8602782222876155
B3_short_term_reversal,2022-05-16,2023-05-16,-4.797455660981898
B3_short_term_reversal,2022-05-17,2023-05-17,-2.620929018903151
B3_short_term_reversal,2022-05-18,2023-05-18,-1.8908796097444003
B3_short_term_reversal,2022-05-19,2023-05-19,-2.1550963374658005
B3_short_term_reversal,2022-05-20,2023-05-22,-2.669337201305544
B3_short_term_reversal,2022-05-23,2023-05-23,-3.2193243653186876
B3_short_term_reversal,2022-05-24,2023-05-24,-4.144644745164805
B3_short_term_reversal,2022-05-25,2023-05-25,-5.2498780076436935
B3_short_term_reversal,2022-05-26,2023-05-26,-4.897416547110966
B3_short_term_reversal,2022-05-27,2023-05-30,-6.025408183982705
B3_short_term_reversal,2022-05-31,2023-05-31,-5.890720092920077
B3_short_term_reversal,2022-06-01,2023-06-01,-5.762569705646725
B3_short_term_reversal,2022-06-02,2023-06-02,-4.369183042286329
B3_short_term_reversal,2022-06-03,2023-06-05,-5.236169269560098
B3_short_term_reversal,2022-06-06,2023-06-06,-5.207250335200387
B3_short_term_reversal,2022-06-07,2023-06-07,-4.991570186182759
B3_short_term_reversal,2022-06-08,2023-06-08,-4.783838899889082
B3_short_term_reversal,2022-06-09,2023-06-09,-4.763673610378105
B3_short_term_reversal,2022-06-10,2023-06-12,-3.8917610458349183
B3_short_term_reversal,2022-06-13,2023-06-13,-2.9292471304516288
B3_short_term_reversal,2022-06-14,2023-06-14,-1.7828881789794693
B3_short_term_reversal,2022-06-15,2023-06-15,-0.6631682634538949
B3_short_term_reversal,2022-06-16,2023-06-16,-0.9131597261880953
B3_short_term_reversal,2022-06-17,2023-06-20,-1.7863740272809792
B3_short_term_reversal,2022-06-21,2023-06-21,-2.02720648826481
B3_short_term_reversal,2022-06-22,2023-06-22,-2.0597312342136465
B3_short_term_reversal,2022-06-23,2023-06-23,-2.9091114597424417
B3_short_term_reversal,2022-06-24,2023-06-26,-2.8793608688956085
B3_short_term_reversal,2022-06-27,2023-06-27,-1.1839791942572564
B3_short_term_reversal,2022-06-28,2023-06-28,-1.3580259206303902
B3_short_term_reversal,2022-06-29,2023-06-29,-0.5714677133907942
B3_short_term_reversal,2022-06-30,2023-06-30,0.6232489653533069
B3_short_term_reversal,2022-07-01,2023-07-03,1.1850866434485852
B3_short_term_reversal,2022-07-05,2023-07-05,1.49689977673384
B3_short_term_reversal,2022-07-06,2023-07-06,0.15755810447524166
B3_short_term_reversal,2022-07-07,2023-07-07,-0.6918986502222002
B3_short_term_reversal,2022-07-08,2023-07-10,0.21246431450725467
B3_short_term_reversal,2022-07-11,2023-07-11,0.5675674293169841
B3_short_term_reversal,2022-07-12,2023-07-12,0.36760405595444023
B3_short_term_reversal,2022-07-13,2023-07-13,0.8784670583764642
B3_short_term_reversal,2022-07-14,2023-07-14,1.417202339131185
B3_short_term_reversal,2022-07-15,2023-07-17,0.6739856123539001
B3_short_term_reversal,2022-07-18,2023-07-18,1.4856037878678618
B3_short_term_reversal,2022-07-19,2023-07-19,2.4805375029716803
B3_short_term_reversal,2022-07-20,2023-07-20,3.00486576395369
B3_short_term_reversal,2022-07-21,2023-07-21,3.3953818496675003
B3_short_term_reversal,2022-07-22,2023-07-24,3.8364077287522225
B3_short_term_reversal,2022-07-25,2023-07-25,3.9891572103181394
B3_short_term_reversal,2022-07-26,2023-07-26,4.256883864900396
B3_short_term_reversal,2022-07-27,2023-07-27,4.708860281132132
B3_short_term_reversal,2022-07-28,2023-07-28,6.167192679453959
B3_short_term_reversal,2022-07-29,2023-07-31,6.627173788805929
B3_short_term_reversal,2022-08-01,2023-08-01,6.237732712360833
B3_short_term_reversal,2022-08-02,2023-08-02,4.498623808356861
B3_short_term_reversal,2022-08-03,2023-08-03,3.581095726151351
B3_short_term_reversal,2022-08-04,2023-08-04,2.9408437015687516
B3_short_term_reversal,2022-08-05,2023-08-07,3.077188148653942
B3_short_term_reversal,2022-08-08,2023-08-08,1.9746841065762855
B3_short_term_reversal,2022-08-09,2023-08-09,0.9134078560905978
B3_short_term_reversal,2022-08-10,2023-08-10,1.0034700253559903
B3_short_term_reversal,2022-08-11,2023-08-11,0.10698614002322415
B3_short_term_reversal,2022-08-12,2023-08-14,2.346614333762864
B3_short_term_reversal,2022-08-15,2023-08-15,0.5855688224474465
B3_short_term_reversal,2022-08-16,2023-08-16,-1.0198276797473538
B3_short_term_reversal,2022-08-17,2023-08-17,-1.89084449854654
B3_short_term_reversal,2022-08-18,2023-08-18,-1.670189390891974
B3_short_term_reversal,2022-08-19,2023-08-21,-0.8764108345617916
B3_short_term_reversal,2022-08-22,2023-08-22,-1.5255272632005767
B3_short_term_reversal,2022-08-23,2023-08-23,-0.2652796369947086
B3_short_term_reversal,2022-08-24,2023-08-24,-2.2198765449402913
B3_short_term_reversal,2022-08-25,2023-08-25,-0.7797017812808615
B3_short_term_reversal,2022-08-26,2023-08-28,0.041444424099057464
B3_short_term_reversal,2022-08-29,2023-08-29,1.270723010213226
B3_short_term_reversal,2022-08-30,2023-08-30,1.3877408344926012
B3_short_term_reversal,2022-08-31,2023-08-31,0.7103115090226098
B3_short_term_reversal,2022-09-01,2023-09-01,1.24462737212081
B3_short_term_reversal,2022-09-02,2023-09-05,0.034433516421383814
B3_short_term_reversal,2022-09-06,2023-09-06,-0.7515661268572393
B3_short_term_reversal,2022-09-07,2023-09-07,-0.8590429448562142
B3_short_term_reversal,2022-09-08,2023-09-08,-0.5785147950485126
B3_short_term_reversal,2022-09-09,2023-09-11,-0.6047742161881531
B3_short_term_reversal,2022-09-12,2023-09-12,-1.6004640917991808
B3_short_term_reversal,2022-09-13,2023-09-13,-1.1548849992110588
B3_short_term_reversal,2022-09-14,2023-09-14,-0.15838335804807535
B3_short_term_reversal,2022-09-15,2023-09-15,-1.2259387432927649
B3_short_term_reversal,2022-09-16,2023-09-18,-1.1386392495274733
B3_short_term_reversal,2022-09-19,2023-09-19,-1.463699317884648
B3_short_term_reversal,2022-09-20,2023-09-20,-2.3589584973903843
B3_short_term_reversal,2022-09-21,2023-09-21,-4.741359899542063
B3_short_term_reversal,2022-09-22,2023-09-22,-4.563504687794683
B3_short_term_reversal,2022-09-23,2023-09-25,-4.039137108447011
B3_short_term_reversal,2022-09-26,2023-09-26,-5.169738435154336
B3_short_term_reversal,2022-09-27,2023-09-27,-4.500927755095708
B3_short_term_reversal,2022-09-28,2023-09-28,-3.433521146060159
B3_short_term_reversal,2022-09-29,2023-09-29,-3.256781278037091
B3_short_term_reversal,2022-09-30,2023-10-02,-4.211006364938951
B3_short_term_reversal,2022-10-03,2023-10-03,-4.971257699881615
B3_short_term_reversal,2022-10-04,2023-10-04,-4.779086559660839
B3_short_term_reversal,2022-10-05,2023-10-05,-5.113022401317968
B3_short_term_reversal,2022-10-06,2023-10-06,-4.426855053825463
B3_short_term_reversal,2022-10-07,2023-10-09,-3.9128078122753096
B3_short_term_reversal,2022-10-10,2023-10-10,-2.695872230671159
B3_short_term_reversal,2022-10-11,2023-10-11,-3.444671513737718
B3_short_term_reversal,2022-10-12,2023-10-12,-4.636344765836819
B3_short_term_reversal,2022-10-13,2023-10-13,-3.7047330056118266
B3_short_term_reversal,2022-10-14,2023-10-16,-2.535388093074753
B3_short_term_reversal,2022-10-17,2023-10-17,-2.1347182356297734
B3_short_term_reversal,2022-10-18,2023-10-18,-3.65963439870427
B3_short_term_reversal,2022-10-19,2023-10-19,-3.6520787385639686
B3_short_term_reversal,2022-10-20,2023-10-20,-4.644250761020019
B3_short_term_reversal,2022-10-21,2023-10-23,-4.3108043743559366
B3_short_term_reversal,2022-10-24,2023-10-24,-3.5070774511755
B3_short_term_reversal,2022-10-25,2023-10-25,-5.420818079478085
B3_short_term_reversal,2022-10-26,2023-10-26,-5.845367725548368
B3_short_term_reversal,2022-10-27,2023-10-27,-7.499425893452994
B3_short_term_reversal,2022-10-28,2023-10-30,-6.836433244384221
B3_short_term_reversal,2022-10-31,2023-10-31,-6.836433244384221
B3_short_term_reversal,2022-11-01,2023-11-01,-6.836433244384221
B3_short_term_reversal,2022-11-02,2023-11-02,-6.836433244384221
B3_short_term_reversal,2022-11-03,2023-11-03,-6.836433244384221
B3_short_term_reversal,2022-11-04,2023-11-06,-7.5838580291012985
B3_short_term_reversal,2022-11-07,2023-11-07,-7.817542784883202
B3_short_term_reversal,2022-11-08,2023-11-08,-8.363328252930435
B3_short_term_reversal,2022-11-09,2023-11-09,-9.12972751582154
B3_short_term_reversal,2022-11-10,2023-11-10,-7.977598113180351
B3_short_term_reversal,2022-11-11,2023-11-13,-7.913693205501648
B3_short_term_reversal,2022-11-14,2023-11-14,-5.188078027516074
B3_short_term_reversal,2022-11-15,2023-11-15,-4.719322200801768
B3_short_term_reversal,2022-11-16,2023-11-16,-5.620893180521291
B3_short_term_reversal,2022-11-17,2023-11-17,-4.697202487169161
B3_short_term_reversal,2022-11-18,2023-11-20,-4.313139598843774
B3_short_term_reversal,2022-11-21,2023-11-21,-4.425998593758418
B3_short_term_reversal,2022-11-22,2023-11-22,-4.032815684799928
B3_short_term_reversal,2022-11-23,2023-11-24,-3.7145131997150305
B3_short_term_reversal,2022-11-25,2023-11-27,-3.8732784137558984
B3_short_term_reversal,2022-11-28,2023-11-28,-3.8790537579948436
B3_short_term_reversal,2022-11-29,2023-11-29,-3.466361153908404
B3_short_term_reversal,2022-11-30,2023-11-30,-3.5557295995712224
B3_short_term_reversal,2022-12-01,2023-12-01,-2.501559981139456
B3_short_term_reversal,2022-12-02,2023-12-04,-3.6516035059298346
B3_short_term_reversal,2022-12-05,2023-12-05,-1.161779937325813
B3_short_term_reversal,2022-12-06,2023-12-06,-0.31202062080050164
B3_short_term_reversal,2022-12-07,2023-12-07,0.9325687951856398
B3_short_term_reversal,2022-12-08,2023-12-08,1.6138186547955513
B3_short_term_reversal,2022-12-09,2023-12-11,4.35669901322282
B3_short_term_reversal,2022-12-12,2023-12-12,3.7705961687265255
B3_short_term_reversal,2022-12-13,2023-12-13,5.0998054423046835
B3_short_term_reversal,2022-12-14,2023-12-14,5.88250361997702
B3_short_term_reversal,2022-12-15,2023-12-15,5.798054088212057
B3_short_term_reversal,2022-12-16,2023-12-18,6.664103672974209
B3_short_term_reversal,2022-12-19,2023-12-19,7.381394914993011
B3_short_term_reversal,2022-12-20,2023-12-20,6.13465977975669
B3_short_term_reversal,2022-12-21,2023-12-21,7.118411002309011
B3_short_term_reversal,2022-12-22,2023-12-22,7.431794778233591
B3_short_term_reversal,2022-12-23,2023-12-26,7.441766592929122
B3_short_term_reversal,2022-12-27,2023-12-27,7.22022327879599
B3_short_term_reversal,2022-12-28,2023-12-28,7.59592200601682
B3_short_term_reversal,2022-12-29,2023-12-29,7.2196406355693465
B3_short_term_reversal,2022-12-30,2024-01-02,5.649752817462339
B3_short_term_reversal,2023-01-03,2024-01-03,3.831835216589541
B3_short_term_reversal,2023-01-04,2024-01-04,3.1182943082608494
B3_short_term_reversal,2023-01-05,2024-01-05,3.5227052161461936
B3_short_term_reversal,2023-01-06,2024-01-08,5.228216450066747
B3_short_term_reversal,2023-01-09,2024-01-09,5.440452264077367
B3_short_term_reversal,2023-01-10,2024-01-10,5.874887769863446
B3_short_term_reversal,2023-01-11,2024-01-11,6.099384125597518
B3_short_term_reversal,2023-01-12,2024-01-12,5.351471644728334
B3_short_term_reversal,2023-01-13,2024-01-16,4.11407244431008
B3_short_term_reversal,2023-01-17,2024-01-17,3.9659261042031213
B3_short_term_reversal,2023-01-18,2024-01-18,5.202199989701284
B3_short_term_reversal,2023-01-19,2024-01-19,6.564117812366055
B3_short_term_reversal,2023-01-20,2024-01-22,6.33473716150772
B3_short_term_reversal,2023-01-23,2024-01-23,6.713135535452119
B3_short_term_reversal,2023-01-24,2024-01-24,6.455960390192028
B3_short_term_reversal,2023-01-25,2024-01-25,6.438107176273555
B3_short_term_reversal,2023-01-26,2024-01-26,7.163736912509089
B3_short_term_reversal,2023-01-27,2024-01-29,8.736216603656555
B3_short_term_reversal,2023-01-30,2024-01-30,9.409766093096227
B3_short_term_reversal,2023-01-31,2024-01-31,7.486868114890388
B3_short_term_reversal,2023-02-01,2024-02-01,7.540315583469059
B3_short_term_reversal,2023-02-02,2024-02-02,6.175704915817115
B3_short_term_reversal,2023-02-03,2024-02-05,5.635460888891219
B3_short_term_reversal,2023-02-06,2024-02-06,7.369177232012225
B3_short_term_reversal,2023-02-07,2024-02-07,5.683091660236461
B3_short_term_reversal,2023-02-08,2024-02-08,6.594814913908609
B3_short_term_reversal,2023-02-09,2024-02-09,7.464226275636454
B3_short_term_reversal,2023-02-10,2024-02-12,6.548591594273145
B3_short_term_reversal,2023-02-13,2024-02-13,4.273678521036506
B3_short_term_reversal,2023-02-14,2024-02-14,4.148519532974837
B3_short_term_reversal,2023-02-15,2024-02-15,4.712411079457035
B3_short_term_reversal,2023-02-16,2024-02-16,6.765057212838754
B3_short_term_reversal,2023-02-17,2024-02-20,7.326522582154804
B3_short_term_reversal,2023-02-21,2024-02-21,7.907795124439065
B3_short_term_reversal,2023-02-22,2024-02-22,10.515428565787378
B3_short_term_reversal,2023-02-23,2024-02-23,10.138002974094418
B3_short_term_reversal,2023-02-24,2024-02-26,11.896829301038437
B3_short_term_reversal,2023-02-27,2024-02-27,12.31686595401047
B3_short_term_reversal,2023-02-28,2024-02-28,12.252369407695074
B3_short_term_reversal,2023-03-01,2024-02-29,13.202090136738654
B3_short_term_reversal,2023-03-02,2024-03-01,12.480546590098207
B3_short_term_reversal,2023-03-03,2024-03-04,9.324099751313408
B3_short_term_reversal,2023-03-06,2024-03-05,8.407592490277938
B3_short_term_reversal,2023-03-07,2024-03-06,10.25715848736306
B3_short_term_reversal,2023-03-08,2024-03-07,10.82597930094462
B3_short_term_reversal,2023-03-09,2024-03-08,13.757244837382254
B3_short_term_reversal,2023-03-10,2024-03-11,16.02144878325582
B3_short_term_reversal,2023-03-13,2024-03-12,18.303225464488705
B3_short_term_reversal,2023-03-14,2024-03-13,17.619017986695894
B3_short_term_reversal,2023-03-15,2024-03-14,16.625696337371387
B3_short_term_reversal,2023-03-16,2024-03-15,14.805217852452056
B3_short_term_reversal,2023-03-17,2024-03-18,15.652238453018285
B3_short_term_reversal,2023-03-20,2024-03-19,15.350077826025377
B3_short_term_reversal,2023-03-21,2024-03-20,12.31362150215829
B3_short_term_reversal,2023-03-22,2024-03-21,17.278259374907368
B3_short_term_reversal,2023-03-23,2024-03-22,17.68098712138384
B3_short_term_reversal,2023-03-24,2024-03-25,17.532686326894755
B3_short_term_reversal,2023-03-27,2024-03-26,15.39967704572045
B3_short_term_reversal,2023-03-28,2024-03-27,17.00853903314663
B3_short_term_reversal,2023-03-29,2024-03-28,15.312883033041459
B3_short_term_reversal,2023-03-31,2024-04-01,12.974772223225163
B3_short_term_reversal,2023-04-03,2024-04-02,10.576632938337326
B3_short_term_reversal,2023-04-04,2024-04-03,11.774888820377939
B3_short_term_reversal,2023-04-05,2024-04-04,8.835260525210487
B3_short_term_reversal,2023-04-06,2024-04-05,9.908187179091321
B3_short_term_reversal,2023-04-06,2024-04-08,10.212529052312913
B3_short_term_reversal,2023-04-10,2024-04-09,8.059706841261626
B3_short_term_reversal,2023-04-11,2024-04-10,5.7885297476393704
B3_short_term_reversal,2023-04-12,2024-04-11,7.286385606029722
B3_short_term_reversal,2023-04-13,2024-04-12,4.034562308799106
B3_short_term_reversal,2023-04-14,2024-04-15,3.142001009007922
B3_short_term_reversal,2023-04-17,2024-04-16,3.723170944809717
B3_short_term_reversal,2023-04-18,2024-04-17,3.3913162458861112
B3_short_term_reversal,2023-04-19,2024-04-18,3.517289799217771
B3_short_term_reversal,2023-04-20,2024-04-19,2.837552752847161
B3_short_term_reversal,2023-04-21,2024-04-22,3.5026865690301445
B3_short_term_reversal,2023-04-24,2024-04-23,5.715260121724652
B3_short_term_reversal,2023-04-25,2024-04-24,8.088713096024014
B3_short_term_reversal,2023-04-26,2024-04-25,9.763060306694538
B3_short_term_reversal,2023-04-27,2024-04-26,9.690161266416354
B3_short_term_reversal,2023-04-28,2024-04-29,8.580862481503026
B3_short_term_reversal,2023-05-01,2024-04-30,7.607851011393052
B3_short_term_reversal,2023-05-02,2024-05-01,9.640340878987509
B3_short_term_reversal,2023-05-03,2024-05-02,11.142832055353956
B3_short_term_reversal,2023-05-04,2024-05-03,12.885106406264502
B3_short_term_reversal,2023-05-05,2024-05-06,11.936027547703487
B3_short_term_reversal,2023-05-08,2024-05-07,12.925134476586653
B3_short_term_reversal,2023-05-09,2024-05-08,12.936421766723981
B3_short_term_reversal,2023-05-10,2024-05-09,13.729222913726225
B3_short_term_reversal,2023-05-11,2024-05-10,14.282176635724575
B3_short_term_reversal,2023-05-12,2024-05-13,14.158149027111676
B3_short_term_reversal,2023-05-15,2024-05-14,13.079652716118083
B3_short_term_reversal,2023-05-16,2024-05-15,15.53023824957933
B3_short_term_reversal,2023-05-17,2024-05-16,13.224741393475249
B3_short_term_reversal,2023-05-18,2024-05-17,12.48187326975243
B3_short_term_reversal,2023-05-19,2024-05-20,11.930740141483653
B3_short_term_reversal,2023-05-22,2024-05-21,12.585106815959858
B3_short_term_reversal,2023-05-23,2024-05-22,12.809258247983779
B3_short_term_reversal,2023-05-24,2024-05-23,12.791106731956425
B3_short_term_reversal,2023-05-25,2024-05-24,15.323815755594428
B3_short_term_reversal,2023-05-26,2024-05-28,13.880453271233439
B3_short_term_reversal,2023-05-30,2024-05-29,14.466789968616368
B3_short_term_reversal,2023-05-31,2024-05-30,13.80379395352751
B3_short_term_reversal,2023-06-01,2024-05-31,16.354929979943854
B3_short_term_reversal,2023-06-02,2024-06-03,13.880420228605029
B3_short_term_reversal,2023-06-05,2024-06-04,15.317749675463844
B3_short_term_reversal,2023-06-06,2024-06-05,17.5092107478676
B3_short_term_reversal,2023-06-07,2024-06-06,17.402353899493338
B3_short_term_reversal,2023-06-08,2024-06-07,17.100135450713584
B3_short_term_reversal,2023-06-09,2024-06-10,18.288700803321923
B3_short_term_reversal,2023-06-12,2024-06-11,16.521894824702255
B3_short_term_reversal,2023-06-13,2024-06-12,15.922427099748472
B3_short_term_reversal,2023-06-14,2024-06-13,13.898089985295826
B3_short_term_reversal,2023-06-15,2024-06-14,11.488849054505646
B3_short_term_reversal,2023-06-16,2024-06-17,12.370035297560111
B3_short_term_reversal,2023-06-16,2024-06-18,12.047604267837219
B3_short_term_reversal,2023-06-21,2024-06-20,14.375114895357388
B3_short_term_reversal,2023-06-22,2024-06-21,15.001582146562997
B3_short_term_reversal,2023-06-23,2024-06-24,15.310985899077089
B3_short_term_reversal,2023-06-26,2024-06-25,16.034189270950105
B3_short_term_reversal,2023-06-27,2024-06-26,12.913439332491672
B3_short_term_reversal,2023-06-28,2024-06-27,12.33927776917949
B3_short_term_reversal,2023-06-29,2024-06-28,11.21706821418369
B3_short_term_reversal,2023-06-30,2024-07-01,9.177277080133006
B3_short_term_reversal,2023-07-03,2024-07-02,9.051939728304582
B3_short_term_reversal,2023-07-03,2024-07-03,9.909372419390383
B3_short_term_reversal,2023-07-06,2024-07-05,10.537079962016204
B3_short_term_reversal,2023-07-07,2024-07-08,11.765343433618437
B3_short_term_reversal,2023-07-10,2024-07-09,10.314434961533037
B3_short_term_reversal,2023-07-11,2024-07-10,10.73225655131045
B3_short_term_reversal,2023-07-12,2024-07-11,12.264501464915778
B3_short_term_reversal,2023-07-13,2024-07-12,12.652172819092232
B3_short_term_reversal,2023-07-14,2024-07-15,11.796575325762548
B3_short_term_reversal,2023-07-17,2024-07-16,13.157945879907551
B3_short_term_reversal,2023-07-18,2024-07-17,10.196570343293644
B3_short_term_reversal,2023-07-19,2024-07-18,7.588460693627508
B3_short_term_reversal,2023-07-20,2024-07-19,6.040962934215033
B3_short_term_reversal,2023-07-21,2024-07-22,6.629796512422215
B3_short_term_reversal,2023-07-24,2024-07-23,6.20465569471591
B3_short_term_reversal,2023-07-25,2024-07-24,1.0952200975032689
B3_short_term_reversal,2023-07-26,2024-07-25,-0.9658279359731292
B3_short_term_reversal,2023-07-27,2024-07-26,-0.096703127445108
B3_short_term_reversal,2023-07-28,2024-07-29,-1.0369521636667045
B3_short_term_reversal,2023-07-31,2024-07-30,-2.7575482443956245
B3_short_term_reversal,2023-08-01,2024-07-31,0.6328727241665444
B3_short_term_reversal,2023-08-02,2024-08-01,-0.5042151973323472
B3_short_term_reversal,2023-08-03,2024-08-02,-3.2219486849627277
B3_short_term_reversal,2023-08-04,2024-08-05,-4.813021085848512
B3_short_term_reversal,2023-08-07,2024-08-06,-3.5008364503607448
B3_short_term_reversal,2023-08-08,2024-08-07,-5.313612903913345
B3_short_term_reversal,2023-08-09,2024-08-08,-0.027795114702122703
B3_short_term_reversal,2023-08-10,2024-08-09,-0.3286375249839213
B3_short_term_reversal,2023-08-11,2024-08-12,0.6123805756821588
B3_short_term_reversal,2023-08-14,2024-08-13,0.19817057729207832
B3_short_term_reversal,2023-08-15,2024-08-14,1.921268203446913
B3_short_term_reversal,2023-08-16,2024-08-15,6.0125705538011776
B3_short_term_reversal,2023-08-17,2024-08-16,7.388305675572182
B3_short_term_reversal,2023-08-18,2024-08-19,7.8781133556795835
B3_short_term_reversal,2023-08-21,2024-08-20,7.336586021228819
B3_short_term_reversal,2023-08-22,2024-08-21,8.342703698029075
B3_short_term_reversal,2023-08-23,2024-08-22,6.332058237151639
B3_short_term_reversal,2023-08-24,2024-08-23,9.194596707714764
B3_short_term_reversal,2023-08-25,2024-08-26,6.51201269245576
B3_short_term_reversal,2023-08-28,2024-08-27,5.619804342296497
B3_short_term_reversal,2023-08-29,2024-08-28,2.105623810939128
B3_short_term_reversal,2023-08-30,2024-08-29,2.6354848405729436
B3_short_term_reversal,2023-08-31,2024-08-30,4.611673158082774
B3_short_term_reversal,2023-09-01,2024-09-03,0.0590094125777485
B3_short_term_reversal,2023-09-05,2024-09-04,1.2177520210075565
B3_short_term_reversal,2023-09-06,2024-09-05,1.9391842293417616
B3_short_term_reversal,2023-09-07,2024-09-06,-1.0004246755564994
B3_short_term_reversal,2023-09-08,2024-09-09,-0.3070919258387983
B3_short_term_reversal,2023-09-11,2024-09-10,0.023978552452996738
B3_short_term_reversal,2023-09-12,2024-09-11,4.1410093094933265
B3_short_term_reversal,2023-09-13,2024-09-12,3.7220563949702745
B3_short_term_reversal,2023-09-14,2024-09-13,4.399077351740255
B3_short_term_reversal,2023-09-15,2024-09-16,4.840456558832695
B3_short_term_reversal,2023-09-18,2024-09-17,5.288533758725333
B3_short_term_reversal,2023-09-19,2024-09-18,5.55521353110362
B3_short_term_reversal,2023-09-20,2024-09-19,7.5441234957297265
B3_short_term_reversal,2023-09-21,2024-09-20,10.214817842541791
B3_short_term_reversal,2023-09-22,2024-09-23,10.067533397505635
B3_short_term_reversal,2023-09-25,2024-09-24,8.98246785721064
B3_short_term_reversal,2023-09-26,2024-09-25,10.056781410074066
B3_short_term_reversal,2023-09-27,2024-09-26,9.765868283280653
B3_short_term_reversal,2023-09-28,2024-09-27,8.66655455570875
B3_short_term_reversal,2023-09-29,2024-09-30,8.813196564502078
B3_short_term_reversal,2023-10-02,2024-10-01,9.158529530774473
B3_short_term_reversal,2023-10-03,2024-10-02,10.187739316993461
B3_short_term_reversal,2023-10-04,2024-10-03,9.483829796758592
B3_short_term_reversal,2023-10-05,2024-10-04,10.913747989775025
B3_short_term_reversal,2023-10-06,2024-10-07,9.946133982096805
B3_short_term_reversal,2023-10-09,2024-10-08,9.88615636901249
B3_short_term_reversal,2023-10-10,2024-10-09,9.63761264901477
B3_short_term_reversal,2023-10-11,2024-10-10,10.069577900009886
B3_short_term_reversal,2023-10-12,2024-10-11,12.626628046670586
B3_short_term_reversal,2023-10-13,2024-10-14,12.20905208170886
B3_short_term_reversal,2023-10-16,2024-10-15,9.774435476779363
B3_short_term_reversal,2023-10-17,2024-10-16,10.405365491252105
B3_short_term_reversal,2023-10-18,2024-10-17,11.424106856651939
B3_short_term_reversal,2023-10-19,2024-10-18,11.542553516257371
B3_short_term_reversal,2023-10-20,2024-10-21,12.369991021112536
B3_short_term_reversal,2023-10-23,2024-10-22,11.52300075713837
B3_short_term_reversal,2023-10-24,2024-10-23,9.829091617987151
B3_short_term_reversal,2023-10-25,2024-10-24,12.228315796133483
B3_short_term_reversal,2023-10-26,2024-10-25,13.257880526150023
B3_short_term_reversal,2023-10-27,2024-10-28,14.030940990349116
B3_short_term_reversal,2023-10-30,2024-10-29,12.542843858336372
B3_short_term_reversal,2023-10-31,2024-10-30,11.728473840628029
B3_short_term_reversal,2023-11-01,2024-10-31,11.001198002431334
B3_short_term_reversal,2023-11-02,2024-11-01,11.188588400763111
B3_short_term_reversal,2023-11-03,2024-11-04,11.376710931062139
B3_short_term_reversal,2023-11-06,2024-11-05,15.469465463455446
B3_short_term_reversal,2023-11-07,2024-11-06,17.227738290067762
B3_short_term_reversal,2023-11-08,2024-11-07,20.077254498681473
B3_short_term_reversal,2023-11-09,2024-11-08,22.267912488444665
B3_short_term_reversal,2023-11-10,2024-11-11,19.755188145477852
B3_short_term_reversal,2023-11-13,2024-11-12,17.44157479159789
B3_short_term_reversal,2023-11-14,2024-11-13,13.629777870852887
B3_short_term_reversal,2023-11-15,2024-11-14,12.437565004372587
B3_short_term_reversal,2023-11-16,2024-11-15,12.73573230876195
B3_short_term_reversal,2023-11-17,2024-11-18,12.830618094898893
B3_short_term_reversal,2023-11-20,2024-11-19,14.117596634659213
B3_short_term_reversal,2023-11-21,2024-11-20,13.6068852139412
B3_short_term_reversal,2023-11-22,2024-11-21,15.873195539025753
B3_short_term_reversal,2023-11-22,2024-11-22,17.525412617411895
B3_short_term_reversal,2023-11-24,2024-11-25,18.541709518494876
B3_short_term_reversal,2023-11-27,2024-11-26,18.930356708199735
B3_short_term_reversal,2023-11-28,2024-11-27,18.71519634117409
B3_short_term_reversal,2023-11-30,2024-11-29,19.366179911981796
B3_short_term_reversal,2023-12-01,2024-12-02,17.507722481959664
B3_short_term_reversal,2023-12-04,2024-12-03,18.792219594048486
B3_short_term_reversal,2023-12-05,2024-12-04,21.125698169425466
B3_short_term_reversal,2023-12-06,2024-12-05,21.502418198743477
B3_short_term_reversal,2023-12-07,2024-12-06,20.64818120078322
B3_short_term_reversal,2023-12-08,2024-12-09,20.003416196169475
B3_short_term_reversal,2023-12-11,2024-12-10,16.34223774381183
B3_short_term_reversal,2023-12-12,2024-12-11,15.233037083919632
B3_short_term_reversal,2023-12-13,2024-12-12,12.98013347306326
B3_short_term_reversal,2023-12-14,2024-12-13,11.953499675466217
B3_short_term_reversal,2023-12-15,2024-12-16,11.211705013298179
B3_short_term_reversal,2023-12-18,2024-12-17,8.923287924599821
B3_short_term_reversal,2023-12-19,2024-12-18,5.52049765424929
B3_short_term_reversal,2023-12-20,2024-12-19,6.313785353569501
B3_short_term_reversal,2023-12-21,2024-12-20,6.97919014141426
B3_short_term_reversal,2023-12-22,2024-12-23,7.7169928044356295
B3_short_term_reversal,2023-12-22,2024-12-24,8.95229447237147
B3_short_term_reversal,2023-12-27,2024-12-26,9.265513982444705
B3_short_term_reversal,2023-12-28,2024-12-27,7.884585350581785
B3_short_term_reversal,2023-12-29,2024-12-30,6.732156702472403
B3_short_term_reversal,2023-12-29,2024-12-31,6.3723807619517014
B3_short_term_reversal,2024-01-03,2025-01-02,8.955184399694227
B3_short_term_reversal,2024-01-04,2025-01-03,10.913411181868993
B3_short_term_reversal,2024-01-05,2025-01-06,9.449674885834414
B3_short_term_reversal,2024-01-08,2025-01-07,6.209338644102846
B3_short_term_reversal,2024-01-09,2025-01-08,6.501874162926491
B3_short_term_reversal,2024-01-11,2025-01-10,3.975501280442262
B3_short_term_reversal,2024-01-12,2025-01-13,4.453573442808523
B3_short_term_reversal,2024-01-12,2025-01-14,5.4289532246045935
B3_short_term_reversal,2024-01-16,2025-01-15,8.285393102432813
B3_short_term_reversal,2024-01-17,2025-01-16,9.798420001435426
B3_short_term_reversal,2024-01-18,2025-01-17,12.357115746435277
B3_short_term_reversal,2024-01-22,2025-01-21,12.953304343812988
B3_short_term_reversal,2024-01-23,2025-01-22,12.404188913445413
B3_short_term_reversal,2024-01-24,2025-01-23,13.075690544064456
B3_short_term_reversal,2024-01-25,2025-01-24,13.765676291429374
B3_short_term_reversal,2024-01-26,2025-01-27,13.809605266223812
B3_short_term_reversal,2024-01-29,2025-01-28,11.886000201836744
B3_short_term_reversal,2024-01-30,2025-01-29,12.167067382116814
B3_short_term_reversal,2024-01-31,2025-01-30,13.9879398376062
B3_short_term_reversal,2024-02-01,2025-01-31,12.295895297911152
B3_short_term_reversal,2024-02-02,2025-02-03,12.620192061102076
B3_short_term_reversal,2024-02-05,2025-02-04,14.701026590714395
B3_short_term_reversal,2024-02-06,2025-02-05,15.252328602035291
B3_short_term_reversal,2024-02-07,2025-02-06,16.212270170154586
B3_short_term_reversal,2024-02-08,2025-02-07,15.714219908265935
B3_short_term_reversal,2024-02-09,2025-02-10,16.423735031670738
B3_short_term_reversal,2024-02-12,2025-02-11,14.942046923145625
B3_short_term_reversal,2024-02-13,2025-02-12,15.874693176823861
B3_short_term_reversal,2024-02-14,2025-02-13,15.958784387767633
B3_short_term_reversal,2024-02-15,2025-02-14,14.182064826339658
B3_short_term_reversal,2024-02-16,2025-02-18,15.829609165901504
B3_short_term_reversal,2024-02-20,2025-02-19,16.737856870352253
B3_short_term_reversal,2024-02-21,2025-02-20,17.635006156969666
B3_short_term_reversal,2024-02-22,2025-02-21,12.658009198472087
B3_short_term_reversal,2024-02-23,2025-02-24,9.590073504909169
B3_short_term_reversal,2024-02-26,2025-02-25,8.024443663320247
B3_short_term_reversal,2024-02-27,2025-02-26,8.853183032473467
B3_short_term_reversal,2024-02-28,2025-02-27,5.203277042740506
B3_short_term_reversal,2024-02-29,2025-02-28,5.747605612047191
B3_short_term_reversal,2024-03-01,2025-03-03,0.27171465030109143
B3_short_term_reversal,2024-03-04,2025-03-04,1.668517250982493
B3_short_term_reversal,2024-03-05,2025-03-05,4.3437748465644965
B3_short_term_reversal,2024-03-06,2025-03-06,-0.6225142624485591
B3_short_term_reversal,2024-03-07,2025-03-07,1.2598951159080496
B3_short_term_reversal,2024-03-08,2025-03-10,-4.844423257986296
B3_short_term_reversal,2024-03-11,2025-03-11,-3.877613435907157
B3_short_term_reversal,2024-03-12,2025-03-12,-1.9481649348954022
B3_short_term_reversal,2024-03-13,2025-03-13,-2.508106185248715
B3_short_term_reversal,2024-03-14,2025-03-14,1.8969701069744271
B3_short_term_reversal,2024-03-15,2025-03-17,3.2365131789310997
B3_short_term_reversal,2024-03-18,2025-03-18,2.480423590326164
B3_short_term_reversal,2024-03-19,2025-03-19,2.190458168259024
B3_short_term_reversal,2024-03-20,2025-03-20,0.9111327181786866
B3_short_term_reversal,2024-03-21,2025-03-21,-0.6108002861042627
B3_short_term_reversal,2024-03-22,2025-03-24,-0.21059779996287498
B3_short_term_reversal,2024-03-25,2025-03-25,0.37377675878653704
B3_short_term_reversal,2024-03-26,2025-03-26,0.42086774670493377
B3_short_term_reversal,2024-03-27,2025-03-27,-0.9645362047654316
B3_short_term_reversal,2024-03-28,2025-03-28,-1.4819115693263218
B3_short_term_reversal,2024-03-28,2025-03-31,-1.4819115693263218
B3_short_term_reversal,2024-04-01,2025-04-01,-1.277361678003186
B3_short_term_reversal,2024-04-02,2025-04-02,-0.3688522427465535
B3_short_term_reversal,2024-04-03,2025-04-03,-0.9210821270049574
B3_short_term_reversal,2024-04-04,2025-04-04,0.9391327765456703
B3_short_term_reversal,2024-04-05,2025-04-07,-0.5425274216183884
B3_short_term_reversal,2024-04-08,2025-04-08,-0.8171701847476287
B3_short_term_reversal,2024-04-09,2025-04-09,-1.0956503092163006
B3_short_term_reversal,2024-04-10,2025-04-10,0.6662650637323075
B3_short_term_reversal,2024-04-11,2025-04-11,0.37928798799453656
B3_short_term_reversal,2024-04-12,2025-04-14,2.481256115176489
B3_short_term_reversal,2024-04-15,2025-04-15,3.4492790748476
B3_short_term_reversal,2024-04-16,2025-04-16,3.07715408463638
B3_short_term_reversal,2024-04-17,2025-04-17,3.2585521129916195
B3_short_term_reversal,2024-04-19,2025-04-21,4.893203779424349
B3_short_term_reversal,2024-04-22,2025-04-22,4.500064883796306
B3_short_term_reversal,2024-04-23,2025-04-23,2.0402077319619405
B3_short_term_reversal,2024-04-24,2025-04-24,1.7010999556273942
B3_short_term_reversal,2024-04-25,2025-04-25,1.2088051153054113
B3_short_term_reversal,2024-04-26,2025-04-28,-0.9564096818025059
B3_short_term_reversal,2024-04-29,2025-04-29,-1.5156839887126017
B3_short_term_reversal,2024-04-30,2025-04-30,-0.34812726201089994
B3_short_term_reversal,2024-05-01,2025-05-01,-0.2777089195621918
B3_short_term_reversal,2024-05-02,2025-05-02,-0.7110586627664284
B3_short_term_reversal,2024-05-03,2025-05-05,-1.2542312762351404
B3_short_term_reversal,2024-05-06,2025-05-06,-2.2098742580971886
B3_short_term_reversal,2024-05-07,2025-05-07,-2.311223585881461
B3_short_term_reversal,2024-05-08,2025-05-08,-2.052576380698634
B3_short_term_reversal,2024-05-09,2025-05-09,-2.4960603630859057
B3_short_term_reversal,2024-05-10,2025-05-12,-2.499132784858016
B3_short_term_reversal,2024-05-13,2025-05-13,-2.352479976051469
B3_short_term_reversal,2024-05-14,2025-05-14,-2.7339496252130835
B3_short_term_reversal,2024-05-15,2025-05-15,-2.859937594785733
B3_short_term_reversal,2024-05-16,2025-05-16,-3.0973535417068265
B3_short_term_reversal,2024-05-17,2025-05-19,-2.511015129392946
B3_short_term_reversal,2024-05-20,2025-05-20,-1.4802781978945356
B3_short_term_reversal,2024-05-21,2025-05-21,-2.959953624897038
B3_short_term_reversal,2024-05-22,2025-05-22,-3.281124018294379
B3_short_term_reversal,2024-05-23,2025-05-23,-2.303928695929991
B3_short_term_reversal,2024-05-24,2025-05-27,-2.47247734656475
B3_short_term_reversal,2024-05-28,2025-05-28,-2.0771134191424845
B3_short_term_reversal,2024-05-29,2025-05-29,-1.793073648152399
B3_short_term_reversal,2024-05-30,2025-05-30,-1.3627457658986208
B3_short_term_reversal,2024-05-31,2025-06-02,-3.281236264841092
B3_short_term_reversal,2024-06-03,2025-06-03,-0.9365571742868339
B3_short_term_reversal,2024-06-04,2025-06-04,-1.2255395139063374
B3_short_term_reversal,2024-06-05,2025-06-05,-3.706611927003023
B3_short_term_reversal,2024-06-06,2025-06-06,-2.1021894019878307
B3_short_term_reversal,2024-06-07,2025-06-09,-1.216086881177414
B3_short_term_reversal,2024-06-10,2025-06-10,-1.8227262589034177
B3_short_term_reversal,2024-06-11,2025-06-11,-1.211834540144907
B3_short_term_reversal,2024-06-12,2025-06-12,-1.368842439393314
B3_short_term_reversal,2024-06-13,2025-06-13,-1.3744647817473865
B3_short_term_reversal,2024-06-14,2025-06-16,0.6352079136042743
B3_short_term_reversal,2024-06-17,2025-06-17,-1.3265491207933189
B3_short_term_reversal,2024-06-18,2025-06-18,-1.9387200074377553
B3_short_term_reversal,2024-06-20,2025-06-20,-2.681974454533753
B3_short_term_reversal,2024-06-21,2025-06-23,-2.449681632351275
B3_short_term_reversal,2024-06-24,2025-06-24,-0.2608550699823242
B3_short_term_reversal,2024-06-25,2025-06-25,-0.7824060437951919
B3_short_term_reversal,2024-06-26,2025-06-26,1.2348866553230309
B3_short_term_reversal,2024-06-27,2025-06-27,3.048915277546027
B3_short_term_reversal,2024-06-28,2025-06-30,4.1917405615988335
B3_short_term_reversal,2024-07-01,2025-07-01,5.780851743938187
B3_short_term_reversal,2024-07-02,2025-07-02,6.081309771069776
B3_short_term_reversal,2024-07-03,2025-07-03,5.551909763146545
B3_short_term_reversal,2024-07-05,2025-07-07,5.370353844583775
B3_short_term_reversal,2024-07-08,2025-07-08,5.7002570766087945
B3_short_term_reversal,2024-07-09,2025-07-09,6.898293375133568
B3_short_term_reversal,2024-07-10,2025-07-10,6.268769315156297
B3_short_term_reversal,2024-07-11,2025-07-11,4.670691790820469
B3_short_term_reversal,2024-07-12,2025-07-14,4.412520587246882
B3_short_term_reversal,2024-07-15,2025-07-15,4.20058558815517
B3_short_term_reversal,2024-07-16,2025-07-16,3.7862815239278813
B3_short_term_reversal,2024-07-17,2025-07-17,6.932318339121424
B3_short_term_reversal,2024-07-18,2025-07-18,8.386208606763246
B3_short_term_reversal,2024-07-19,2025-07-21,9.012963373474548
B3_short_term_reversal,2024-07-22,2025-07-22,8.786325790320992
B3_short_term_reversal,2024-07-23,2025-07-23,9.962501115992639
B3_short_term_reversal,2024-07-24,2025-07-24,15.147620299562735
B3_short_term_reversal,2024-07-25,2025-07-25,17.818099495710737
B3_short_term_reversal,2024-07-26,2025-07-28,15.88245701264064
B3_short_term_reversal,2024-07-29,2025-07-29,15.089364340835253
B3_short_term_reversal,2024-07-30,2025-07-30,16.69452533116882
B3_short_term_reversal,2024-07-31,2025-07-31,10.835058088033712
B3_short_term_reversal,2024-08-01,2025-08-01,12.099602248149388
B3_short_term_reversal,2024-08-02,2025-08-04,16.82887466491787
B3_short_term_reversal,2024-08-05,2025-08-05,18.85027812405793
B3_short_term_reversal,2024-08-06,2025-08-06,17.57238987116505
B3_short_term_reversal,2024-08-07,2025-08-07,19.662022114945188
B3_short_term_reversal,2024-08-08,2025-08-08,14.036252966258367
B3_short_term_reversal,2024-08-09,2025-08-11,13.932750627974922
B3_short_term_reversal,2024-08-12,2025-08-12,15.688098828706277
B3_short_term_reversal,2024-08-13,2025-08-13,15.08042776839189
B3_short_term_reversal,2024-08-14,2025-08-14,13.77496172263044
B3_short_term_reversal,2024-08-15,2025-08-15,12.051217206135956
B3_short_term_reversal,2024-08-16,2025-08-18,12.226040746794009
B3_short_term_reversal,2024-08-19,2025-08-19,9.651428959402718
B3_short_term_reversal,2024-08-20,2025-08-20,9.232266671187816
B3_short_term_reversal,2024-08-21,2025-08-21,8.551938141942284
B3_short_term_reversal,2024-08-22,2025-08-22,9.663887215730638
B3_short_term_reversal,2024-08-23,2025-08-25,7.8957304313123755
B3_short_term_reversal,2024-08-26,2025-08-26,10.031538009697428
B3_short_term_reversal,2024-08-27,2025-08-27,10.198334164046274
B3_short_term_reversal,2024-08-28,2025-08-28,13.496380923981155
B3_short_term_reversal,2024-08-29,2025-08-29,10.675044250126021
B3_short_term_reversal,2024-08-30,2025-09-02,7.740412728369117
B3_short_term_reversal,2024-09-03,2025-09-03,11.760449043739229
B3_short_term_reversal,2024-09-04,2025-09-04,12.255952030043504
B3_short_term_reversal,2024-09-05,2025-09-05,12.024638830168644
B3_short_term_reversal,2024-09-06,2025-09-08,15.824480009383613
B3_short_term_reversal,2024-09-09,2025-09-09,15.700507464753311
B3_short_term_reversal,2024-09-10,2025-09-10,16.07521930886884
B3_short_term_reversal,2024-09-11,2025-09-11,12.634926385837652
B3_short_term_reversal,2024-09-12,2025-09-12,12.258839637284492
B3_short_term_reversal,2024-09-13,2025-09-15,9.666516968674067
B3_short_term_reversal,2024-09-16,2025-09-16,10.456207057315847
B3_short_term_reversal,2024-09-17,2025-09-17,10.709165268314758
B3_short_term_reversal,2024-09-18,2025-09-18,11.688192762167304
B3_short_term_reversal,2024-09-19,2025-09-19,10.943601840189965
B3_short_term_reversal,2024-09-20,2025-09-22,10.573055908103868
B3_short_term_reversal,2024-09-23,2025-09-23,10.956351446105383
B3_short_term_reversal,2024-09-24,2025-09-24,11.528993459981063
B3_short_term_reversal,2024-09-25,2025-09-25,11.073825440040608
B3_short_term_reversal,2024-09-26,2025-09-26,10.79748043763702
B3_short_term_reversal,2024-09-27,2025-09-29,10.724188504397958
B3_short_term_reversal,2024-09-30,2025-09-30,12.2103475124125
B3_short_term_reversal,2024-10-01,2025-10-01,15.900691514011678
B3_short_term_reversal,2024-10-02,2025-10-02,16.03177056318248
B3_short_term_reversal,2024-10-03,2025-10-03,17.046675529137858
B3_short_term_reversal,2024-10-04,2025-10-06,16.575582663763
B3_short_term_reversal,2024-10-07,2025-10-07,16.57339393940951
B3_short_term_reversal,2024-10-08,2025-10-08,16.15836174384304
B3_short_term_reversal,2024-10-09,2025-10-09,14.87316040688107
B3_short_term_reversal,2024-10-10,2025-10-10,12.533721164692157
B3_short_term_reversal,2024-10-11,2025-10-13,12.175357924338348
B3_short_term_reversal,2024-10-14,2025-10-14,10.965766485611894
B3_short_term_reversal,2024-10-15,2025-10-15,13.328095093198256
B3_short_term_reversal,2024-10-16,2025-10-16,12.265777584543613
B3_short_term_reversal,2024-10-17,2025-10-17,13.68704809546224
B3_short_term_reversal,2024-10-18,2025-10-20,15.507561204387343
B3_short_term_reversal,2024-10-21,2025-10-21,15.786745150192004
B3_short_term_reversal,2024-10-22,2025-10-22,14.328421942187619
B3_short_term_reversal,2024-10-23,2025-10-23,15.78045446335532
B3_short_term_reversal,2024-10-24,2025-10-24,17.097804201565147
B3_short_term_reversal,2024-10-25,2025-10-27,17.908131348791745
B3_short_term_reversal,2024-10-28,2025-10-28,18.602453671326113
B3_short_term_reversal,2024-10-29,2025-10-29,18.070960073798204
B3_short_term_reversal,2024-10-30,2025-10-30,17.693827847151944
B3_short_term_reversal,2024-10-31,2025-10-31,19.050164480603126
B3_short_term_reversal,2024-11-01,2025-11-03,17.864953570245955
B3_short_term_reversal,2024-11-04,2025-11-04,17.020686625437698
B3_short_term_reversal,2024-11-05,2025-11-05,14.703845090856426
B3_short_term_reversal,2024-11-06,2025-11-06,12.203883161854435
B3_short_term_reversal,2024-11-07,2025-11-07,11.241787845051832
B3_short_term_reversal,2024-11-08,2025-11-10,10.057391384712776
B3_short_term_reversal,2024-11-11,2025-11-11,9.546206826766856
B3_short_term_reversal,2024-11-12,2025-11-12,12.071575099176757
B3_short_term_reversal,2024-11-13,2025-11-13,8.411159091139941
B3_short_term_reversal,2024-11-14,2025-11-14,9.620008185900142
B3_short_term_reversal,2024-11-15,2025-11-17,7.586774840428734
B3_short_term_reversal,2024-11-18,2025-11-18,5.385921627692514
B3_short_term_reversal,2024-11-19,2025-11-19,5.004705314116786
B3_short_term_reversal,2024-11-20,2025-11-20,0.7473825172667148
B3_short_term_reversal,2024-11-21,2025-11-21,-1.295580694560572
B3_short_term_reversal,2024-11-22,2025-11-24,0.4304366389355607
B3_short_term_reversal,2024-11-25,2025-11-25,-0.18006956436863453
B3_short_term_reversal,2024-11-26,2025-11-26,2.0826464103651077
B3_short_term_reversal,2024-11-27,2025-11-28,3.9402863842169733
B3_short_term_reversal,2024-11-29,2025-12-01,1.7807520926032439
B3_short_term_reversal,2024-12-02,2025-12-02,2.1865832710877386
B3_short_term_reversal,2024-12-03,2025-12-03,2.6714985808614866
B3_short_term_reversal,2024-12-04,2025-12-04,0.7007198998728148
B3_short_term_reversal,2024-12-05,2025-12-05,1.0573913490741438
B3_short_term_reversal,2024-12-06,2025-12-08,-0.48962354340582603
B3_short_term_reversal,2024-12-09,2025-12-09,-1.3090844577289928
B3_short_term_reversal,2024-12-10,2025-12-10,0.6956657686054246
B3_short_term_reversal,2024-12-11,2025-12-11,2.697151381975482
B3_short_term_reversal,2024-12-12,2025-12-12,3.1613869137527395
B3_short_term_reversal,2024-12-13,2025-12-15,1.9730286187268797
B3_short_term_reversal,2024-12-16,2025-12-16,3.4044951569956794
B3_short_term_reversal,2024-12-17,2025-12-17,2.284572333398427
B3_short_term_reversal,2024-12-18,2025-12-18,5.68918544811563
B3_short_term_reversal,2024-12-19,2025-12-19,8.399792094219038
B3_short_term_reversal,2024-12-20,2025-12-22,7.374896713229151
B3_short_term_reversal,2024-12-23,2025-12-23,6.1309019061337455
B3_short_term_reversal,2024-12-24,2025-12-24,5.454822467009945
B3_short_term_reversal,2024-12-26,2025-12-26,5.576920252211082
B3_short_term_reversal,2024-12-27,2025-12-29,6.14385400188735
B3_short_term_reversal,2024-12-30,2025-12-30,7.537964054953106
B3_short_term_reversal,2024-12-31,2025-12-31,7.280080499077779
